,Unidade Territorial,Referência,Percentual fam unip pbf
0,RONDÔNIA,2012-12-01,2.08
1,ACRE,2012-12-01,0.65
2,AMAZONAS,2012-12-01,1.64
3,RORAIMA,2012-12-01,3.6
4,PARÁ,2012-12-01,1.65
5,AMAPÁ,2012-12-01,1.05
6,TOCANTINS,2012-12-01,3.3
7,MARANHÃO,2012-12-01,3.53
8,PIAUÍ,2012-12-01,5.66
9,CEARÁ,2012-12-01,4.21
10,RIO GRANDE DO NORTE,2012-12-01,5.16
11,PARAÍBA,2012-12-01,6.04
12,PERNAMBUCO,2012-12-01,8.41
13,ALAGOAS,2012-12-01,5.65
14,SERGIPE,2012-12-01,7.0
15,BAHIA,2012-12-01,6.25
16,MINAS GERAIS,2012-12-01,3.78
17,ESPÍRITO SANTO,2012-12-01,3.3
18,RIO DE JANEIRO,2012-12-01,4.9
19,SÃO PAULO,2012-12-01,4.04
20,PARANÁ,2012-12-01,3.56
21,SANTA CATARINA,2012-12-01,2.74
22,RIO GRANDE DO SUL,2012-12-01,4.73
23,MATO GROSSO DO SUL,2012-12-01,3.72
24,MATO GROSSO,2012-12-01,3.04
25,GOIÁS,2012-12-01,2.61
26,DISTRITO FEDERAL,2012-12-01,3.45
27,RONDÔNIA,2013-12-01,2.94
28,ACRE,2013-12-01,1.33
29,AMAZONAS,2013-12-01,2.24
30,RORAIMA,2013-12-01,4.44
31,PARÁ,2013-12-01,2.5
32,AMAPÁ,2013-12-01,1.37
33,TOCANTINS,2013-12-01,3.99
34,MARANHÃO,2013-12-01,4.69
35,PIAUÍ,2013-12-01,6.55
36,CEARÁ,2013-12-01,5.07
37,RIO GRANDE DO NORTE,2013-12-01,5.87
38,PARAÍBA,2013-12-01,7.18
39,PERNAMBUCO,2013-12-01,9.65
40,ALAGOAS,2013-12-01,6.78
41,SERGIPE,2013-12-01,8.3
42,BAHIA,2013-12-01,7.52
43,MINAS GERAIS,2013-12-01,4.79
44,ESPÍRITO SANTO,2013-12-01,4.52
45,RIO DE JANEIRO,2013-12-01,6.7
46,SÃO PAULO,2013-12-01,6.17
47,PARANÁ,2013-12-01,4.72
48,SANTA CATARINA,2013-12-01,4.07
49,RIO GRANDE DO SUL,2013-12-01,6.07
50,MATO GROSSO DO SUL,2013-12-01,5.37
51,MATO GROSSO,2013-12-01,4.19
52,GOIÁS,2013-12-01,3.25
53,DISTRITO FEDERAL,2013-12-01,4.39
54,RONDÔNIA,2014-12-01,3.56
55,ACRE,2014-12-01,1.51
56,AMAZONAS,2014-12-01,2.67
57,RORAIMA,2014-12-01,5.44
58,PARÁ,2014-12-01,3.25
59,AMAPÁ,2014-12-01,1.84
60,TOCANTINS,2014-12-01,4.58
61,MARANHÃO,2014-12-01,5.92
62,PIAUÍ,2014-12-01,7.93
63,CEARÁ,2014-12-01,5.9
64,RIO GRANDE DO NORTE,2014-12-01,6.73
65,PARAÍBA,2014-12-01,8.32
66,PERNAMBUCO,2014-12-01,10.73
67,ALAGOAS,2014-12-01,7.57
68,SERGIPE,2014-12-01,9.53
69,BAHIA,2014-12-01,8.85
70,MINAS GERAIS,2014-12-01,5.47
71,ESPÍRITO SANTO,2014-12-01,5.25
72,RIO DE JANEIRO,2014-12-01,7.63
73,SÃO PAULO,2014-12-01,7.72
74,PARANÁ,2014-12-01,5.24
75,SANTA CATARINA,2014-12-01,4.6
76,RIO GRANDE DO SUL,2014-12-01,6.96
77,MATO GROSSO DO SUL,2014-12-01,6.02
78,MATO GROSSO,2014-12-01,4.96
79,GOIÁS,2014-12-01,3.83
80,DISTRITO FEDERAL,2014-12-01,4.46
81,RONDÔNIA,2015-12-01,3.78
82,ACRE,2015-12-01,2.12
83,AMAZONAS,2015-12-01,3.13
84,RORAIMA,2015-12-01,7.19
85,PARÁ,2015-12-01,4.26
86,AMAPÁ,2015-12-01,2.08
87,TOCANTINS,2015-12-01,5.3
88,MARANHÃO,2015-12-01,7.03
89,PIAUÍ,2015-12-01,9.52
90,CEARÁ,2015-12-01,7.14
91,RIO GRANDE DO NORTE,2015-12-01,7.69
92,PARAÍBA,2015-12-01,9.91
93,PERNAMBUCO,2015-12-01,12.31
94,ALAGOAS,2015-12-01,8.7
95,SERGIPE,2015-12-01,11.0
96,BAHIA,2015-12-01,10.55
97,MINAS GERAIS,2015-12-01,6.7
98,ESPÍRITO SANTO,2015-12-01,6.63
99,RIO DE JANEIRO,2015-12-01,9.27
100,SÃO PAULO,2015-12-01,9.41
101,PARANÁ,2015-12-01,6.73
102,SANTA CATARINA,2015-12-01,5.99
103,RIO GRANDE DO SUL,2015-12-01,8.17
104,MATO GROSSO DO SUL,2015-12-01,6.92
105,MATO GROSSO,2015-12-01,5.54
106,GOIÁS,2015-12-01,4.67
107,DISTRITO FEDERAL,2015-12-01,5.87
108,RONDÔNIA,2016-12-01,3.16
109,ACRE,2016-12-01,2.18
110,AMAZONAS,2016-12-01,3.28
111,RORAIMA,2016-12-01,7.12
112,PARÁ,2016-12-01,4.67
113,AMAPÁ,2016-12-01,2.13
114,TOCANTINS,2016-12-01,5.61
115,MARANHÃO,2016-12-01,7.28
116,PIAUÍ,2016-12-01,10.36
117,CEARÁ,2016-12-01,7.71
118,RIO GRANDE DO NORTE,2016-12-01,8.22
119,PARAÍBA,2016-12-01,11.0
120,PERNAMBUCO,2016-12-01,13.21
121,ALAGOAS,2016-12-01,9.2
122,SERGIPE,2016-12-01,12.3
123,BAHIA,2016-12-01,11.36
124,MINAS GERAIS,2016-12-01,7.51
125,ESPÍRITO SANTO,2016-12-01,6.86
126,RIO DE JANEIRO,2016-12-01,9.62
127,SÃO PAULO,2016-12-01,10.39
128,PARANÁ,2016-12-01,7.66
129,SANTA CATARINA,2016-12-01,6.56
130,RIO GRANDE DO SUL,2016-12-01,8.16
131,MATO GROSSO DO SUL,2016-12-01,6.75
132,MATO GROSSO,2016-12-01,5.54
133,GOIÁS,2016-12-01,5.16
134,DISTRITO FEDERAL,2016-12-01,7.09
135,RONDÔNIA,2017-04-01,3.14
136,ACRE,2017-04-01,2.09
137,AMAZONAS,2017-04-01,3.21
138,RORAIMA,2017-04-01,7.12
139,PARÁ,2017-04-01,4.63
140,AMAPÁ,2017-04-01,2.07
141,TOCANTINS,2017-04-01,5.55
142,MARANHÃO,2017-04-01,7.11
143,PIAUÍ,2017-04-01,10.22
144,CEARÁ,2017-04-01,7.74
145,RIO GRANDE DO NORTE,2017-04-01,8.23
146,PARAÍBA,2017-04-01,10.99
147,PERNAMBUCO,2017-04-01,13.22
148,ALAGOAS,2017-04-01,9.28
149,SERGIPE,2017-04-01,12.28
150,BAHIA,2017-04-01,11.34
151,MINAS GERAIS,2017-04-01,7.71
152,ESPÍRITO SANTO,2017-04-01,7.14
153,RIO DE JANEIRO,2017-04-01,9.97
154,SÃO PAULO,2017-04-01,10.7
155,PARANÁ,2017-04-01,7.92
156,SANTA CATARINA,2017-04-01,6.94
157,RIO GRANDE DO SUL,2017-04-01,8.28
158,MATO GROSSO DO SUL,2017-04-01,6.74
159,MATO GROSSO,2017-04-01,5.63
160,GOIÁS,2017-04-01,5.29
161,DISTRITO FEDERAL,2017-04-01,7.68
162,RONDÔNIA,2017-05-01,3.18
163,ACRE,2017-05-01,2.09
164,AMAZONAS,2017-05-01,3.2
165,RORAIMA,2017-05-01,7.07
166,PARÁ,2017-05-01,4.63
167,AMAPÁ,2017-05-01,2.07
168,TOCANTINS,2017-05-01,5.57
169,MARANHÃO,2017-05-01,7.09
170,PIAUÍ,2017-05-01,10.2
171,CEARÁ,2017-05-01,7.75
172,RIO GRANDE DO NORTE,2017-05-01,8.24
173,PARAÍBA,2017-05-01,10.99
174,PERNAMBUCO,2017-05-01,13.21
175,ALAGOAS,2017-05-01,9.32
176,SERGIPE,2017-05-01,12.27
177,BAHIA,2017-05-01,11.33
178,MINAS GERAIS,2017-05-01,7.81
179,ESPÍRITO SANTO,2017-05-01,7.31
180,RIO DE JANEIRO,2017-05-01,10.27
181,SÃO PAULO,2017-05-01,10.75
182,PARANÁ,2017-05-01,8.1
183,SANTA CATARINA,2017-05-01,7.16
184,RIO GRANDE DO SUL,2017-05-01,8.44
185,MATO GROSSO DO SUL,2017-05-01,6.77
186,MATO GROSSO,2017-05-01,5.67
187,GOIÁS,2017-05-01,5.33
188,DISTRITO FEDERAL,2017-05-01,7.63
189,RONDÔNIA,2017-06-01,3.36
190,ACRE,2017-06-01,2.36
191,AMAZONAS,2017-06-01,3.25
192,RORAIMA,2017-06-01,7.29
193,PARÁ,2017-06-01,4.72
194,AMAPÁ,2017-06-01,2.06
195,TOCANTINS,2017-06-01,5.8
196,MARANHÃO,2017-06-01,7.22
197,PIAUÍ,2017-06-01,10.49
198,CEARÁ,2017-06-01,8.04
199,RIO GRANDE DO NORTE,2017-06-01,8.6
200,PARAÍBA,2017-06-01,11.28
201,PERNAMBUCO,2017-06-01,13.63
202,ALAGOAS,2017-06-01,9.57
203,SERGIPE,2017-06-01,12.56
204,BAHIA,2017-06-01,11.64
205,MINAS GERAIS,2017-06-01,8.4
206,ESPÍRITO SANTO,2017-06-01,7.83
207,RIO DE JANEIRO,2017-06-01,10.92
208,SÃO PAULO,2017-06-01,11.49
209,PARANÁ,2017-06-01,8.75
210,SANTA CATARINA,2017-06-01,7.97
211,RIO GRANDE DO SUL,2017-06-01,8.99
212,MATO GROSSO DO SUL,2017-06-01,7.32
213,MATO GROSSO,2017-06-01,6.17
214,GOIÁS,2017-06-01,5.63
215,DISTRITO FEDERAL,2017-06-01,8.9
216,RONDÔNIA,2017-07-01,3.72
217,ACRE,2017-07-01,2.72
218,AMAZONAS,2017-07-01,3.92
219,RORAIMA,2017-07-01,7.85
220,PARÁ,2017-07-01,5.39
221,AMAPÁ,2017-07-01,2.59
222,TOCANTINS,2017-07-01,6.21
223,MARANHÃO,2017-07-01,8.1
224,PIAUÍ,2017-07-01,11.53
225,CEARÁ,2017-07-01,8.76
226,RIO GRANDE DO NORTE,2017-07-01,9.29
227,PARAÍBA,2017-07-01,12.25
228,PERNAMBUCO,2017-07-01,14.73
229,ALAGOAS,2017-07-01,10.58
230,SERGIPE,2017-07-01,13.92
231,BAHIA,2017-07-01,12.78
232,MINAS GERAIS,2017-07-01,9.1
233,ESPÍRITO SANTO,2017-07-01,8.3
234,RIO DE JANEIRO,2017-07-01,11.65
235,SÃO PAULO,2017-07-01,12.55
236,PARANÁ,2017-07-01,9.25
237,SANTA CATARINA,2017-07-01,8.37
238,RIO GRANDE DO SUL,2017-07-01,9.64
239,MATO GROSSO DO SUL,2017-07-01,8.0
240,MATO GROSSO,2017-07-01,6.83
241,GOIÁS,2017-07-01,6.2
242,DISTRITO FEDERAL,2017-07-01,9.16
243,RONDÔNIA,2017-08-01,3.86
244,ACRE,2017-08-01,2.81
245,AMAZONAS,2017-08-01,4.07
246,RORAIMA,2017-08-01,8.04
247,PARÁ,2017-08-01,5.53
248,AMAPÁ,2017-08-01,2.67
249,TOCANTINS,2017-08-01,6.47
250,MARANHÃO,2017-08-01,8.31
251,PIAUÍ,2017-08-01,11.76
252,CEARÁ,2017-08-01,9.01
253,RIO GRANDE DO NORTE,2017-08-01,9.5
254,PARAÍBA,2017-08-01,12.6
255,PERNAMBUCO,2017-08-01,15.1
256,ALAGOAS,2017-08-01,10.9
257,SERGIPE,2017-08-01,14.26
258,BAHIA,2017-08-01,13.13
259,MINAS GERAIS,2017-08-01,9.43
260,ESPÍRITO SANTO,2017-08-01,8.69
261,RIO DE JANEIRO,2017-08-01,12.19
262,SÃO PAULO,2017-08-01,12.96
263,PARANÁ,2017-08-01,9.64
264,SANTA CATARINA,2017-08-01,8.83
265,RIO GRANDE DO SUL,2017-08-01,10.01
266,MATO GROSSO DO SUL,2017-08-01,8.38
267,MATO GROSSO,2017-08-01,7.18
268,GOIÁS,2017-08-01,6.44
269,DISTRITO FEDERAL,2017-08-01,9.5
270,RONDÔNIA,2017-09-01,3.98
271,ACRE,2017-09-01,2.9
272,AMAZONAS,2017-09-01,4.2
273,RORAIMA,2017-09-01,8.16
274,PARÁ,2017-09-01,5.72
275,AMAPÁ,2017-09-01,2.88
276,TOCANTINS,2017-09-01,6.59
277,MARANHÃO,2017-09-01,8.48
278,PIAUÍ,2017-09-01,11.93
279,CEARÁ,2017-09-01,9.24
280,RIO GRANDE DO NORTE,2017-09-01,9.67
281,PARAÍBA,2017-09-01,12.82
282,PERNAMBUCO,2017-09-01,15.38
283,ALAGOAS,2017-09-01,11.16
284,SERGIPE,2017-09-01,14.59
285,BAHIA,2017-09-01,13.38
286,MINAS GERAIS,2017-09-01,9.65
287,ESPÍRITO SANTO,2017-09-01,8.93
288,RIO DE JANEIRO,2017-09-01,12.7
289,SÃO PAULO,2017-09-01,13.29
290,PARANÁ,2017-09-01,9.87
291,SANTA CATARINA,2017-09-01,9.06
292,RIO GRANDE DO SUL,2017-09-01,10.32
293,MATO GROSSO DO SUL,2017-09-01,8.59
294,MATO GROSSO,2017-09-01,7.47
295,GOIÁS,2017-09-01,6.6
296,DISTRITO FEDERAL,2017-09-01,9.79
297,RONDÔNIA,2017-10-01,4.12
298,ACRE,2017-10-01,2.99
299,AMAZONAS,2017-10-01,4.41
300,RORAIMA,2017-10-01,8.11
301,PARÁ,2017-10-01,5.92
302,AMAPÁ,2017-10-01,3.43
303,TOCANTINS,2017-10-01,6.64
304,MARANHÃO,2017-10-01,8.62
305,PIAUÍ,2017-10-01,12.07
306,CEARÁ,2017-10-01,9.43
307,RIO GRANDE DO NORTE,2017-10-01,9.85
308,PARAÍBA,2017-10-01,13.05
309,PERNAMBUCO,2017-10-01,15.7
310,ALAGOAS,2017-10-01,11.36
311,SERGIPE,2017-10-01,14.93
312,BAHIA,2017-10-01,13.62
313,MINAS GERAIS,2017-10-01,9.87
314,ESPÍRITO SANTO,2017-10-01,9.2
315,RIO DE JANEIRO,2017-10-01,13.25
316,SÃO PAULO,2017-10-01,13.53
317,PARANÁ,2017-10-01,10.09
318,SANTA CATARINA,2017-10-01,9.31
319,RIO GRANDE DO SUL,2017-10-01,10.59
320,MATO GROSSO DO SUL,2017-10-01,8.76
321,MATO GROSSO,2017-10-01,7.7
322,GOIÁS,2017-10-01,6.76
323,DISTRITO FEDERAL,2017-10-01,10.11
324,RONDÔNIA,2017-11-01,4.19
325,ACRE,2017-11-01,3.01
326,AMAZONAS,2017-11-01,4.57
327,RORAIMA,2017-11-01,8.2
328,PARÁ,2017-11-01,6.05
329,AMAPÁ,2017-11-01,3.89
330,TOCANTINS,2017-11-01,6.73
331,MARANHÃO,2017-11-01,8.71
332,PIAUÍ,2017-11-01,12.21
333,CEARÁ,2017-11-01,9.55
334,RIO GRANDE DO NORTE,2017-11-01,9.98
335,PARAÍBA,2017-11-01,13.2
336,PERNAMBUCO,2017-11-01,15.84
337,ALAGOAS,2017-11-01,11.51
338,SERGIPE,2017-11-01,15.11
339,BAHIA,2017-11-01,13.79
340,MINAS GERAIS,2017-11-01,10.03
341,ESPÍRITO SANTO,2017-11-01,9.36
342,RIO DE JANEIRO,2017-11-01,13.55
343,SÃO PAULO,2017-11-01,13.69
344,PARANÁ,2017-11-01,10.2
345,SANTA CATARINA,2017-11-01,9.49
346,RIO GRANDE DO SUL,2017-11-01,10.8
347,MATO GROSSO DO SUL,2017-11-01,8.86
348,MATO GROSSO,2017-11-01,7.86
349,GOIÁS,2017-11-01,6.86
350,DISTRITO FEDERAL,2017-11-01,10.18
351,RONDÔNIA,2017-12-01,4.29
352,ACRE,2017-12-01,3.1
353,AMAZONAS,2017-12-01,4.72
354,RORAIMA,2017-12-01,8.47
355,PARÁ,2017-12-01,6.23
356,AMAPÁ,2017-12-01,4.42
357,TOCANTINS,2017-12-01,6.84
358,MARANHÃO,2017-12-01,8.84
359,PIAUÍ,2017-12-01,12.39
360,CEARÁ,2017-12-01,9.74
361,RIO GRANDE DO NORTE,2017-12-01,10.18
362,PARAÍBA,2017-12-01,13.41
363,PERNAMBUCO,2017-12-01,16.02
364,ALAGOAS,2017-12-01,11.71
365,SERGIPE,2017-12-01,15.36
366,BAHIA,2017-12-01,13.98
367,MINAS GERAIS,2017-12-01,10.23
368,ESPÍRITO SANTO,2017-12-01,9.52
369,RIO DE JANEIRO,2017-12-01,13.85
370,SÃO PAULO,2017-12-01,13.95
371,PARANÁ,2017-12-01,10.42
372,SANTA CATARINA,2017-12-01,9.73
373,RIO GRANDE DO SUL,2017-12-01,11.11
374,MATO GROSSO DO SUL,2017-12-01,9.05
375,MATO GROSSO,2017-12-01,8.04
376,GOIÁS,2017-12-01,7.03
377,DISTRITO FEDERAL,2017-12-01,10.4
378,RONDÔNIA,2018-01-01,4.3
379,ACRE,2018-01-01,3.08
380,AMAZONAS,2018-01-01,4.87
381,RORAIMA,2018-01-01,8.54
382,PARÁ,2018-01-01,6.34
383,AMAPÁ,2018-01-01,5.08
384,TOCANTINS,2018-01-01,6.89
385,MARANHÃO,2018-01-01,8.96
386,PIAUÍ,2018-01-01,12.48
387,CEARÁ,2018-01-01,9.84
388,RIO GRANDE DO NORTE,2018-01-01,10.25
389,PARAÍBA,2018-01-01,13.5
390,PERNAMBUCO,2018-01-01,16.1
391,ALAGOAS,2018-01-01,11.86
392,SERGIPE,2018-01-01,15.54
393,BAHIA,2018-01-01,14.13
394,MINAS GERAIS,2018-01-01,10.3
395,ESPÍRITO SANTO,2018-01-01,9.58
396,RIO DE JANEIRO,2018-01-01,13.96
397,SÃO PAULO,2018-01-01,14.02
398,PARANÁ,2018-01-01,10.47
399,SANTA CATARINA,2018-01-01,9.74
400,RIO GRANDE DO SUL,2018-01-01,11.25
401,MATO GROSSO DO SUL,2018-01-01,9.02
402,MATO GROSSO,2018-01-01,8.09
403,GOIÁS,2018-01-01,7.16
404,DISTRITO FEDERAL,2018-01-01,10.25
405,RONDÔNIA,2018-02-01,4.17
406,ACRE,2018-02-01,3.08
407,AMAZONAS,2018-02-01,4.93
408,RORAIMA,2018-02-01,8.37
409,PARÁ,2018-02-01,6.3
410,AMAPÁ,2018-02-01,5.14
411,TOCANTINS,2018-02-01,6.89
412,MARANHÃO,2018-02-01,8.9
413,PIAUÍ,2018-02-01,12.53
414,CEARÁ,2018-02-01,9.89
415,RIO GRANDE DO NORTE,2018-02-01,10.31
416,PARAÍBA,2018-02-01,13.55
417,PERNAMBUCO,2018-02-01,16.13
418,ALAGOAS,2018-02-01,11.92
419,SERGIPE,2018-02-01,15.62
420,BAHIA,2018-02-01,14.16
421,MINAS GERAIS,2018-02-01,10.38
422,ESPÍRITO SANTO,2018-02-01,9.62
423,RIO DE JANEIRO,2018-02-01,14.07
424,SÃO PAULO,2018-02-01,14.02
425,PARANÁ,2018-02-01,10.53
426,SANTA CATARINA,2018-02-01,9.82
427,RIO GRANDE DO SUL,2018-02-01,11.38
428,MATO GROSSO DO SUL,2018-02-01,9.01
429,MATO GROSSO,2018-02-01,7.95
430,GOIÁS,2018-02-01,7.17
431,DISTRITO FEDERAL,2018-02-01,10.37
432,RONDÔNIA,2018-03-01,4.23
433,ACRE,2018-03-01,3.2
434,AMAZONAS,2018-03-01,5.16
435,RORAIMA,2018-03-01,8.6
436,PARÁ,2018-03-01,6.45
437,AMAPÁ,2018-03-01,5.3
438,TOCANTINS,2018-03-01,7.1
439,MARANHÃO,2018-03-01,9.01
440,PIAUÍ,2018-03-01,12.8
441,CEARÁ,2018-03-01,10.15
442,RIO GRANDE DO NORTE,2018-03-01,10.67
443,PARAÍBA,2018-03-01,13.87
444,PERNAMBUCO,2018-03-01,16.45
445,ALAGOAS,2018-03-01,12.29
446,SERGIPE,2018-03-01,16.06
447,BAHIA,2018-03-01,14.49
448,MINAS GERAIS,2018-03-01,10.83
449,ESPÍRITO SANTO,2018-03-01,10.02
450,RIO DE JANEIRO,2018-03-01,14.55
451,SÃO PAULO,2018-03-01,14.57
452,PARANÁ,2018-03-01,11.03
453,SANTA CATARINA,2018-03-01,10.34
454,RIO GRANDE DO SUL,2018-03-01,11.8
455,MATO GROSSO DO SUL,2018-03-01,9.31
456,MATO GROSSO,2018-03-01,8.28
457,GOIÁS,2018-03-01,7.47
458,DISTRITO FEDERAL,2018-03-01,10.83
459,RONDÔNIA,2018-04-01,4.18
460,ACRE,2018-04-01,3.23
461,AMAZONAS,2018-04-01,5.3
462,RORAIMA,2018-04-01,8.58
463,PARÁ,2018-04-01,6.51
464,AMAPÁ,2018-04-01,5.35
465,TOCANTINS,2018-04-01,7.1
466,MARANHÃO,2018-04-01,8.98
467,PIAUÍ,2018-04-01,12.87
468,CEARÁ,2018-04-01,10.14
469,RIO GRANDE DO NORTE,2018-04-01,10.79
470,PARAÍBA,2018-04-01,13.96
471,PERNAMBUCO,2018-04-01,16.45
472,ALAGOAS,2018-04-01,12.41
473,SERGIPE,2018-04-01,16.27
474,BAHIA,2018-04-01,14.48
475,MINAS GERAIS,2018-04-01,10.78
476,ESPÍRITO SANTO,2018-04-01,9.96
477,RIO DE JANEIRO,2018-04-01,14.43
478,SÃO PAULO,2018-04-01,14.31
479,PARANÁ,2018-04-01,10.89
480,SANTA CATARINA,2018-04-01,10.12
481,RIO GRANDE DO SUL,2018-04-01,11.69
482,MATO GROSSO DO SUL,2018-04-01,9.24
483,MATO GROSSO,2018-04-01,8.1
484,GOIÁS,2018-04-01,7.44
485,DISTRITO FEDERAL,2018-04-01,10.55
486,RONDÔNIA,2018-05-01,4.38
487,ACRE,2018-05-01,3.41
488,AMAZONAS,2018-05-01,5.61
489,RORAIMA,2018-05-01,9.33
490,PARÁ,2018-05-01,6.8
491,AMAPÁ,2018-05-01,5.43
492,TOCANTINS,2018-05-01,7.4
493,MARANHÃO,2018-05-01,9.23
494,PIAUÍ,2018-05-01,13.36
495,CEARÁ,2018-05-01,10.49
496,RIO GRANDE DO NORTE,2018-05-01,11.29
497,PARAÍBA,2018-05-01,14.59
498,PERNAMBUCO,2018-05-01,17.03
499,ALAGOAS,2018-05-01,13.12
500,SERGIPE,2018-05-01,16.96
501,BAHIA,2018-05-01,14.95
502,MINAS GERAIS,2018-05-01,11.33
503,ESPÍRITO SANTO,2018-05-01,10.34
504,RIO DE JANEIRO,2018-05-01,14.99
505,SÃO PAULO,2018-05-01,14.87
506,PARANÁ,2018-05-01,11.36
507,SANTA CATARINA,2018-05-01,10.72
508,RIO GRANDE DO SUL,2018-05-01,12.43
509,MATO GROSSO DO SUL,2018-05-01,9.82
510,MATO GROSSO,2018-05-01,8.55
511,GOIÁS,2018-05-01,7.87
512,DISTRITO FEDERAL,2018-05-01,10.95
513,RONDÔNIA,2018-06-01,4.23
514,ACRE,2018-06-01,3.37
515,AMAZONAS,2018-06-01,5.61
516,RORAIMA,2018-06-01,9.69
517,PARÁ,2018-06-01,6.79
518,AMAPÁ,2018-06-01,5.39
519,TOCANTINS,2018-06-01,7.28
520,MARANHÃO,2018-06-01,9.08
521,PIAUÍ,2018-06-01,13.27
522,CEARÁ,2018-06-01,10.35
523,RIO GRANDE DO NORTE,2018-06-01,11.22
524,PARAÍBA,2018-06-01,14.42
525,PERNAMBUCO,2018-06-01,16.83
526,ALAGOAS,2018-06-01,12.98
527,SERGIPE,2018-06-01,16.92
528,BAHIA,2018-06-01,14.73
529,MINAS GERAIS,2018-06-01,11.0
530,ESPÍRITO SANTO,2018-06-01,10.09
531,RIO DE JANEIRO,2018-06-01,14.46
532,SÃO PAULO,2018-06-01,14.58
533,PARANÁ,2018-06-01,11.2
534,SANTA CATARINA,2018-06-01,10.41
535,RIO GRANDE DO SUL,2018-06-01,12.19
536,MATO GROSSO DO SUL,2018-06-01,9.81
537,MATO GROSSO,2018-06-01,8.49
538,GOIÁS,2018-06-01,7.66
539,DISTRITO FEDERAL,2018-06-01,10.45
540,RONDÔNIA,2018-07-01,4.28
541,ACRE,2018-07-01,3.46
542,AMAZONAS,2018-07-01,5.69
543,RORAIMA,2018-07-01,9.91
544,PARÁ,2018-07-01,6.88
545,AMAPÁ,2018-07-01,5.44
546,TOCANTINS,2018-07-01,7.36
547,MARANHÃO,2018-07-01,9.19
548,PIAUÍ,2018-07-01,13.42
549,CEARÁ,2018-07-01,10.48
550,RIO GRANDE DO NORTE,2018-07-01,11.36
551,PARAÍBA,2018-07-01,14.51
552,PERNAMBUCO,2018-07-01,16.97
553,ALAGOAS,2018-07-01,13.09
554,SERGIPE,2018-07-01,17.13
555,BAHIA,2018-07-01,14.81
556,MINAS GERAIS,2018-07-01,11.11
557,ESPÍRITO SANTO,2018-07-01,10.15
558,RIO DE JANEIRO,2018-07-01,14.63
559,SÃO PAULO,2018-07-01,14.69
560,PARANÁ,2018-07-01,11.32
561,SANTA CATARINA,2018-07-01,10.56
562,RIO GRANDE DO SUL,2018-07-01,12.34
563,MATO GROSSO DO SUL,2018-07-01,10.04
564,MATO GROSSO,2018-07-01,8.66
565,GOIÁS,2018-07-01,7.78
566,DISTRITO FEDERAL,2018-07-01,10.57
567,RONDÔNIA,2018-08-01,4.59
568,ACRE,2018-08-01,3.66
569,AMAZONAS,2018-08-01,5.94
570,RORAIMA,2018-08-01,11.06
571,PARÁ,2018-08-01,7.16
572,AMAPÁ,2018-08-01,5.87
573,TOCANTINS,2018-08-01,7.68
574,MARANHÃO,2018-08-01,9.39
575,PIAUÍ,2018-08-01,13.87
576,CEARÁ,2018-08-01,10.93
577,RIO GRANDE DO NORTE,2018-08-01,11.87
578,PARAÍBA,2018-08-01,15.01
579,PERNAMBUCO,2018-08-01,17.5
580,ALAGOAS,2018-08-01,13.56
581,SERGIPE,2018-08-01,17.81
582,BAHIA,2018-08-01,15.33
583,MINAS GERAIS,2018-08-01,11.78
584,ESPÍRITO SANTO,2018-08-01,10.75
585,RIO DE JANEIRO,2018-08-01,15.49
586,SÃO PAULO,2018-08-01,15.68
587,PARANÁ,2018-08-01,12.12
588,SANTA CATARINA,2018-08-01,11.49
589,RIO GRANDE DO SUL,2018-08-01,13.14
590,MATO GROSSO DO SUL,2018-08-01,10.8
591,MATO GROSSO,2018-08-01,9.44
592,GOIÁS,2018-08-01,8.28
593,DISTRITO FEDERAL,2018-08-01,11.44
594,RONDÔNIA,2018-09-01,4.69
595,ACRE,2018-09-01,3.84
596,AMAZONAS,2018-09-01,6.05
597,RORAIMA,2018-09-01,11.06
598,PARÁ,2018-09-01,7.33
599,AMAPÁ,2018-09-01,6.15
600,TOCANTINS,2018-09-01,7.82
601,MARANHÃO,2018-09-01,9.53
602,PIAUÍ,2018-09-01,14.06
603,CEARÁ,2018-09-01,11.14
604,RIO GRANDE DO NORTE,2018-09-01,12.08
605,PARAÍBA,2018-09-01,15.25
606,PERNAMBUCO,2018-09-01,17.77
607,ALAGOAS,2018-09-01,13.79
608,SERGIPE,2018-09-01,18.18
609,BAHIA,2018-09-01,15.54
610,MINAS GERAIS,2018-09-01,11.96
611,ESPÍRITO SANTO,2018-09-01,10.91
612,RIO DE JANEIRO,2018-09-01,15.79
613,SÃO PAULO,2018-09-01,15.84
614,PARANÁ,2018-09-01,12.34
615,SANTA CATARINA,2018-09-01,11.66
616,RIO GRANDE DO SUL,2018-09-01,13.39
617,MATO GROSSO DO SUL,2018-09-01,10.97
618,MATO GROSSO,2018-09-01,9.66
619,GOIÁS,2018-09-01,8.41
620,DISTRITO FEDERAL,2018-09-01,11.56
621,RONDÔNIA,2018-10-01,4.77
622,ACRE,2018-10-01,3.98
623,AMAZONAS,2018-10-01,6.2
624,RORAIMA,2018-10-01,11.52
625,PARÁ,2018-10-01,7.58
626,AMAPÁ,2018-10-01,6.25
627,TOCANTINS,2018-10-01,7.9
628,MARANHÃO,2018-10-01,9.7
629,PIAUÍ,2018-10-01,14.32
630,CEARÁ,2018-10-01,11.39
631,RIO GRANDE DO NORTE,2018-10-01,12.28
632,PARAÍBA,2018-10-01,15.51
633,PERNAMBUCO,2018-10-01,18.13
634,ALAGOAS,2018-10-01,14.03
635,SERGIPE,2018-10-01,18.54
636,BAHIA,2018-10-01,15.78
637,MINAS GERAIS,2018-10-01,12.18
638,ESPÍRITO SANTO,2018-10-01,11.12
639,RIO DE JANEIRO,2018-10-01,16.19
640,SÃO PAULO,2018-10-01,16.07
641,PARANÁ,2018-10-01,12.53
642,SANTA CATARINA,2018-10-01,11.9
643,RIO GRANDE DO SUL,2018-10-01,13.64
644,MATO GROSSO DO SUL,2018-10-01,11.18
645,MATO GROSSO,2018-10-01,9.9
646,GOIÁS,2018-10-01,8.58
647,DISTRITO FEDERAL,2018-10-01,11.8
648,RONDÔNIA,2018-12-01,4.68
649,ACRE,2018-12-01,4.05
650,AMAZONAS,2018-12-01,6.19
651,RORAIMA,2018-12-01,12.45
652,PARÁ,2018-12-01,7.83
653,AMAPÁ,2018-12-01,6.35
654,TOCANTINS,2018-12-01,7.91
655,MARANHÃO,2018-12-01,9.55
656,PIAUÍ,2018-12-01,14.38
657,CEARÁ,2018-12-01,11.51
658,RIO GRANDE DO NORTE,2018-12-01,12.44
659,PARAÍBA,2018-12-01,15.62
660,PERNAMBUCO,2018-12-01,18.31
661,ALAGOAS,2018-12-01,14.1
662,SERGIPE,2018-12-01,18.8
663,BAHIA,2018-12-01,15.85
664,MINAS GERAIS,2018-12-01,12.31
665,ESPÍRITO SANTO,2018-12-01,11.27
666,RIO DE JANEIRO,2018-12-01,16.31
667,SÃO PAULO,2018-12-01,16.21
668,PARANÁ,2018-12-01,12.83
669,SANTA CATARINA,2018-12-01,12.3
670,RIO GRANDE DO SUL,2018-12-01,13.88
671,MATO GROSSO DO SUL,2018-12-01,11.14
672,MATO GROSSO,2018-12-01,10.2
673,GOIÁS,2018-12-01,8.72
674,DISTRITO FEDERAL,2018-12-01,12.38
675,RONDÔNIA,2019-01-01,4.76
676,ACRE,2019-01-01,4.16
677,AMAZONAS,2019-01-01,6.32
678,RORAIMA,2019-01-01,12.4
679,PARÁ,2019-01-01,8.02
680,AMAPÁ,2019-01-01,6.53
681,TOCANTINS,2019-01-01,7.96
682,MARANHÃO,2019-01-01,9.61
683,PIAUÍ,2019-01-01,14.49
684,CEARÁ,2019-01-01,11.62
685,RIO GRANDE DO NORTE,2019-01-01,12.59
686,PARAÍBA,2019-01-01,15.75
687,PERNAMBUCO,2019-01-01,18.48
688,ALAGOAS,2019-01-01,14.24
689,SERGIPE,2019-01-01,18.94
690,BAHIA,2019-01-01,15.98
691,MINAS GERAIS,2019-01-01,12.49
692,ESPÍRITO SANTO,2019-01-01,11.45
693,RIO DE JANEIRO,2019-01-01,16.62
694,SÃO PAULO,2019-01-01,16.42
695,PARANÁ,2019-01-01,13.0
696,SANTA CATARINA,2019-01-01,12.49
697,RIO GRANDE DO SUL,2019-01-01,14.12
698,MATO GROSSO DO SUL,2019-01-01,11.25
699,MATO GROSSO,2019-01-01,10.36
700,GOIÁS,2019-01-01,8.85
701,DISTRITO FEDERAL,2019-01-01,12.5
702,RONDÔNIA,2019-02-01,4.83
703,ACRE,2019-02-01,4.32
704,AMAZONAS,2019-02-01,6.42
705,RORAIMA,2019-02-01,12.71
706,PARÁ,2019-02-01,8.22
707,AMAPÁ,2019-02-01,6.67
708,TOCANTINS,2019-02-01,8.07
709,MARANHÃO,2019-02-01,9.66
710,PIAUÍ,2019-02-01,14.62
711,CEARÁ,2019-02-01,11.77
712,RIO GRANDE DO NORTE,2019-02-01,12.74
713,PARAÍBA,2019-02-01,15.91
714,PERNAMBUCO,2019-02-01,18.66
715,ALAGOAS,2019-02-01,14.41
716,SERGIPE,2019-02-01,19.11
717,BAHIA,2019-02-01,16.12
718,MINAS GERAIS,2019-02-01,12.67
719,ESPÍRITO SANTO,2019-02-01,11.67
720,RIO DE JANEIRO,2019-02-01,16.95
721,SÃO PAULO,2019-02-01,16.62
722,PARANÁ,2019-02-01,13.22
723,SANTA CATARINA,2019-02-01,12.7
724,RIO GRANDE DO SUL,2019-02-01,14.35
725,MATO GROSSO DO SUL,2019-02-01,11.44
726,MATO GROSSO,2019-02-01,10.57
727,GOIÁS,2019-02-01,8.98
728,DISTRITO FEDERAL,2019-02-01,12.68
729,RONDÔNIA,2019-03-01,4.85
730,ACRE,2019-03-01,4.41
731,AMAZONAS,2019-03-01,6.45
732,RORAIMA,2019-03-01,12.87
733,PARÁ,2019-03-01,8.29
734,AMAPÁ,2019-03-01,6.69
735,TOCANTINS,2019-03-01,8.11
736,MARANHÃO,2019-03-01,9.66
737,PIAUÍ,2019-03-01,14.72
738,CEARÁ,2019-03-01,11.89
739,RIO GRANDE DO NORTE,2019-03-01,12.84
740,PARAÍBA,2019-03-01,16.02
741,PERNAMBUCO,2019-03-01,18.78
742,ALAGOAS,2019-03-01,14.5
743,SERGIPE,2019-03-01,19.22
744,BAHIA,2019-03-01,16.2
745,MINAS GERAIS,2019-03-01,12.85
746,ESPÍRITO SANTO,2019-03-01,11.85
747,RIO DE JANEIRO,2019-03-01,17.14
748,SÃO PAULO,2019-03-01,16.74
749,PARANÁ,2019-03-01,13.38
750,SANTA CATARINA,2019-03-01,12.88
751,RIO GRANDE DO SUL,2019-03-01,14.51
752,MATO GROSSO DO SUL,2019-03-01,11.54
753,MATO GROSSO,2019-03-01,10.55
754,GOIÁS,2019-03-01,9.06
755,DISTRITO FEDERAL,2019-03-01,12.8
756,RONDÔNIA,2019-04-01,4.94
757,ACRE,2019-04-01,4.59
758,AMAZONAS,2019-04-01,6.55
759,RORAIMA,2019-04-01,13.2
760,PARÁ,2019-04-01,8.54
761,AMAPÁ,2019-04-01,6.77
762,TOCANTINS,2019-04-01,8.21
763,MARANHÃO,2019-04-01,9.74
764,PIAUÍ,2019-04-01,14.92
765,CEARÁ,2019-04-01,12.07
766,RIO GRANDE DO NORTE,2019-04-01,13.0
767,PARAÍBA,2019-04-01,16.22
768,PERNAMBUCO,2019-04-01,18.99
769,ALAGOAS,2019-04-01,14.69
770,SERGIPE,2019-04-01,19.5
771,BAHIA,2019-04-01,16.38
772,MINAS GERAIS,2019-04-01,13.05
773,ESPÍRITO SANTO,2019-04-01,12.07
774,RIO DE JANEIRO,2019-04-01,17.43
775,SÃO PAULO,2019-04-01,16.92
776,PARANÁ,2019-04-01,13.61
777,SANTA CATARINA,2019-04-01,13.08
778,RIO GRANDE DO SUL,2019-04-01,14.75
779,MATO GROSSO DO SUL,2019-04-01,11.75
780,MATO GROSSO,2019-04-01,10.68
781,GOIÁS,2019-04-01,9.21
782,DISTRITO FEDERAL,2019-04-01,13.01
783,RONDÔNIA,2019-05-01,4.91
784,ACRE,2019-05-01,4.58
785,AMAZONAS,2019-05-01,6.53
786,RORAIMA,2019-05-01,13.15
787,PARÁ,2019-05-01,8.51
788,AMAPÁ,2019-05-01,6.72
789,TOCANTINS,2019-05-01,8.26
790,MARANHÃO,2019-05-01,9.74
791,PIAUÍ,2019-05-01,15.01
792,CEARÁ,2019-05-01,12.19
793,RIO GRANDE DO NORTE,2019-05-01,13.11
794,PARAÍBA,2019-05-01,16.32
795,PERNAMBUCO,2019-05-01,19.09
796,ALAGOAS,2019-05-01,14.79
797,SERGIPE,2019-05-01,19.6
798,BAHIA,2019-05-01,16.5
799,MINAS GERAIS,2019-05-01,13.24
800,ESPÍRITO SANTO,2019-05-01,12.24
801,RIO DE JANEIRO,2019-05-01,17.53
802,SÃO PAULO,2019-05-01,17.15
803,PARANÁ,2019-05-01,13.79
804,SANTA CATARINA,2019-05-01,13.33
805,RIO GRANDE DO SUL,2019-05-01,14.91
806,MATO GROSSO DO SUL,2019-05-01,11.81
807,MATO GROSSO,2019-05-01,10.72
808,GOIÁS,2019-05-01,9.3
809,DISTRITO FEDERAL,2019-05-01,13.08
810,RONDÔNIA,2019-06-01,4.72
811,ACRE,2019-06-01,4.41
812,AMAZONAS,2019-06-01,6.29
813,RORAIMA,2019-06-01,12.63
814,PARÁ,2019-06-01,8.28
815,AMAPÁ,2019-06-01,6.41
816,TOCANTINS,2019-06-01,8.0
817,MARANHÃO,2019-06-01,9.48
818,PIAUÍ,2019-06-01,14.72
819,CEARÁ,2019-06-01,11.89
820,RIO GRANDE DO NORTE,2019-06-01,12.88
821,PARAÍBA,2019-06-01,16.03
822,PERNAMBUCO,2019-06-01,18.78
823,ALAGOAS,2019-06-01,14.48
824,SERGIPE,2019-06-01,19.18
825,BAHIA,2019-06-01,16.2
826,MINAS GERAIS,2019-06-01,12.91
827,ESPÍRITO SANTO,2019-06-01,11.93
828,RIO DE JANEIRO,2019-06-01,17.09
829,SÃO PAULO,2019-06-01,16.68
830,PARANÁ,2019-06-01,13.42
831,SANTA CATARINA,2019-06-01,12.9
832,RIO GRANDE DO SUL,2019-06-01,14.43
833,MATO GROSSO DO SUL,2019-06-01,11.27
834,MATO GROSSO,2019-06-01,10.27
835,GOIÁS,2019-06-01,9.03
836,DISTRITO FEDERAL,2019-06-01,12.68
837,RONDÔNIA,2019-07-01,4.69
838,ACRE,2019-07-01,4.49
839,AMAZONAS,2019-07-01,6.32
840,RORAIMA,2019-07-01,12.5
841,PARÁ,2019-07-01,8.26
842,AMAPÁ,2019-07-01,6.36
843,TOCANTINS,2019-07-01,7.99
844,MARANHÃO,2019-07-01,9.48
845,PIAUÍ,2019-07-01,14.69
846,CEARÁ,2019-07-01,11.89
847,RIO GRANDE DO NORTE,2019-07-01,12.87
848,PARAÍBA,2019-07-01,16.04
849,PERNAMBUCO,2019-07-01,18.78
850,ALAGOAS,2019-07-01,14.5
851,SERGIPE,2019-07-01,19.18
852,BAHIA,2019-07-01,16.2
853,MINAS GERAIS,2019-07-01,12.92
854,ESPÍRITO SANTO,2019-07-01,11.86
855,RIO DE JANEIRO,2019-07-01,17.05
856,SÃO PAULO,2019-07-01,16.63
857,PARANÁ,2019-07-01,13.4
858,SANTA CATARINA,2019-07-01,12.86
859,RIO GRANDE DO SUL,2019-07-01,14.39
860,MATO GROSSO DO SUL,2019-07-01,11.23
861,MATO GROSSO,2019-07-01,10.22
862,GOIÁS,2019-07-01,9.03
863,DISTRITO FEDERAL,2019-07-01,12.62
864,RONDÔNIA,2019-08-01,4.73
865,ACRE,2019-08-01,4.46
866,AMAZONAS,2019-08-01,6.34
867,RORAIMA,2019-08-01,12.55
868,PARÁ,2019-08-01,8.29
869,AMAPÁ,2019-08-01,6.26
870,TOCANTINS,2019-08-01,8.09
871,MARANHÃO,2019-08-01,9.52
872,PIAUÍ,2019-08-01,14.79
873,CEARÁ,2019-08-01,12.05
874,RIO GRANDE DO NORTE,2019-08-01,13.02
875,PARAÍBA,2019-08-01,16.18
876,PERNAMBUCO,2019-08-01,18.94
877,ALAGOAS,2019-08-01,14.69
878,SERGIPE,2019-08-01,19.31
879,BAHIA,2019-08-01,16.36
880,MINAS GERAIS,2019-08-01,13.15
881,ESPÍRITO SANTO,2019-08-01,12.08
882,RIO DE JANEIRO,2019-08-01,17.25
883,SÃO PAULO,2019-08-01,17.02
884,PARANÁ,2019-08-01,13.76
885,SANTA CATARINA,2019-08-01,13.3
886,RIO GRANDE DO SUL,2019-08-01,14.67
887,MATO GROSSO DO SUL,2019-08-01,11.45
888,MATO GROSSO,2019-08-01,10.31
889,GOIÁS,2019-08-01,9.21
890,DISTRITO FEDERAL,2019-08-01,12.91
891,RONDÔNIA,2019-09-01,4.71
892,ACRE,2019-09-01,4.39
893,AMAZONAS,2019-09-01,6.26
894,RORAIMA,2019-09-01,12.15
895,PARÁ,2019-09-01,8.21
896,AMAPÁ,2019-09-01,6.12
897,TOCANTINS,2019-09-01,8.0
898,MARANHÃO,2019-09-01,9.45
899,PIAUÍ,2019-09-01,14.7
900,CEARÁ,2019-09-01,11.98
901,RIO GRANDE DO NORTE,2019-09-01,12.96
902,PARAÍBA,2019-09-01,16.1
903,PERNAMBUCO,2019-09-01,18.82
904,ALAGOAS,2019-09-01,14.6
905,SERGIPE,2019-09-01,19.22
906,BAHIA,2019-09-01,16.28
907,MINAS GERAIS,2019-09-01,13.05
908,ESPÍRITO SANTO,2019-09-01,11.98
909,RIO DE JANEIRO,2019-09-01,17.12
910,SÃO PAULO,2019-09-01,16.88
911,PARANÁ,2019-09-01,13.64
912,SANTA CATARINA,2019-09-01,13.11
913,RIO GRANDE DO SUL,2019-09-01,14.57
914,MATO GROSSO DO SUL,2019-09-01,11.36
915,MATO GROSSO,2019-09-01,10.13
916,GOIÁS,2019-09-01,9.1
917,DISTRITO FEDERAL,2019-09-01,12.79
918,RONDÔNIA,2019-10-01,4.7
919,ACRE,2019-10-01,4.35
920,AMAZONAS,2019-10-01,6.17
921,RORAIMA,2019-10-01,11.93
922,PARÁ,2019-10-01,8.12
923,AMAPÁ,2019-10-01,6.01
924,TOCANTINS,2019-10-01,7.95
925,MARANHÃO,2019-10-01,9.31
926,PIAUÍ,2019-10-01,14.56
927,CEARÁ,2019-10-01,11.92
928,RIO GRANDE DO NORTE,2019-10-01,12.89
929,PARAÍBA,2019-10-01,15.98
930,PERNAMBUCO,2019-10-01,18.75
931,ALAGOAS,2019-10-01,14.55
932,SERGIPE,2019-10-01,19.13
933,BAHIA,2019-10-01,16.19
934,MINAS GERAIS,2019-10-01,13.0
935,ESPÍRITO SANTO,2019-10-01,11.97
936,RIO DE JANEIRO,2019-10-01,17.17
937,SÃO PAULO,2019-10-01,16.8
938,PARANÁ,2019-10-01,13.61
939,SANTA CATARINA,2019-10-01,13.09
940,RIO GRANDE DO SUL,2019-10-01,14.54
941,MATO GROSSO DO SUL,2019-10-01,11.26
942,MATO GROSSO,2019-10-01,10.05
943,GOIÁS,2019-10-01,9.03
944,DISTRITO FEDERAL,2019-10-01,12.75
945,RONDÔNIA,2019-11-01,4.66
946,ACRE,2019-11-01,4.32
947,AMAZONAS,2019-11-01,6.09
948,RORAIMA,2019-11-01,11.69
949,PARÁ,2019-11-01,8.01
950,AMAPÁ,2019-11-01,5.9
951,TOCANTINS,2019-11-01,7.89
952,MARANHÃO,2019-11-01,9.23
953,PIAUÍ,2019-11-01,14.5
954,CEARÁ,2019-11-01,11.87
955,RIO GRANDE DO NORTE,2019-11-01,12.83
956,PARAÍBA,2019-11-01,15.92
957,PERNAMBUCO,2019-11-01,18.67
958,ALAGOAS,2019-11-01,14.49
959,SERGIPE,2019-11-01,19.05
960,BAHIA,2019-11-01,16.13
961,MINAS GERAIS,2019-11-01,12.92
962,ESPÍRITO SANTO,2019-11-01,11.88
963,RIO DE JANEIRO,2019-11-01,17.03
964,SÃO PAULO,2019-11-01,16.69
965,PARANÁ,2019-11-01,13.51
966,SANTA CATARINA,2019-11-01,12.99
967,RIO GRANDE DO SUL,2019-11-01,14.44
968,MATO GROSSO DO SUL,2019-11-01,11.16
969,MATO GROSSO,2019-11-01,9.84
970,GOIÁS,2019-11-01,8.96
971,DISTRITO FEDERAL,2019-11-01,12.67
972,RONDÔNIA,2019-12-01,5.09
973,ACRE,2019-12-01,4.28
974,AMAZONAS,2019-12-01,6.06
975,RORAIMA,2019-12-01,11.69
976,PARÁ,2019-12-01,7.99
977,AMAPÁ,2019-12-01,5.86
978,TOCANTINS,2019-12-01,7.93
979,MARANHÃO,2019-12-01,9.21
980,PIAUÍ,2019-12-01,14.48
981,CEARÁ,2019-12-01,11.87
982,RIO GRANDE DO NORTE,2019-12-01,12.84
983,PARAÍBA,2019-12-01,15.9
984,PERNAMBUCO,2019-12-01,18.67
985,ALAGOAS,2019-12-01,14.48
986,SERGIPE,2019-12-01,19.05
987,BAHIA,2019-12-01,16.13
988,MINAS GERAIS,2019-12-01,13.06
989,ESPÍRITO SANTO,2019-12-01,12.0
990,RIO DE JANEIRO,2019-12-01,17.08
991,SÃO PAULO,2019-12-01,16.84
992,PARANÁ,2019-12-01,13.84
993,SANTA CATARINA,2019-12-01,13.33
994,RIO GRANDE DO SUL,2019-12-01,14.82
995,MATO GROSSO DO SUL,2019-12-01,11.26
996,MATO GROSSO,2019-12-01,10.06
997,GOIÁS,2019-12-01,9.28
998,DISTRITO FEDERAL,2019-12-01,12.68
999,RONDÔNIA,2020-01-01,5.07
1000,ACRE,2020-01-01,4.27
1001,AMAZONAS,2020-01-01,6.05
1002,RORAIMA,2020-01-01,11.69
1003,PARÁ,2020-01-01,7.97
1004,AMAPÁ,2020-01-01,5.87
1005,TOCANTINS,2020-01-01,7.91
1006,MARANHÃO,2020-01-01,9.19
1007,PIAUÍ,2020-01-01,14.45
1008,CEARÁ,2020-01-01,11.85
1009,RIO GRANDE DO NORTE,2020-01-01,12.83
1010,PARAÍBA,2020-01-01,15.87
1011,PERNAMBUCO,2020-01-01,18.65
1012,ALAGOAS,2020-01-01,14.45
1013,SERGIPE,2020-01-01,19.02
1014,BAHIA,2020-01-01,16.11
1015,MINAS GERAIS,2020-01-01,13.03
1016,ESPÍRITO SANTO,2020-01-01,11.97
1017,RIO DE JANEIRO,2020-01-01,17.03
1018,SÃO PAULO,2020-01-01,16.79
1019,PARANÁ,2020-01-01,13.79
1020,SANTA CATARINA,2020-01-01,13.28
1021,RIO GRANDE DO SUL,2020-01-01,14.77
1022,MATO GROSSO DO SUL,2020-01-01,11.23
1023,MATO GROSSO,2020-01-01,10.0
1024,GOIÁS,2020-01-01,9.25
1025,DISTRITO FEDERAL,2020-01-01,12.6
1026,RONDÔNIA,2020-02-01,4.9
1027,ACRE,2020-02-01,4.05
1028,AMAZONAS,2020-02-01,5.76
1029,RORAIMA,2020-02-01,11.02
1030,PARÁ,2020-02-01,7.77
1031,AMAPÁ,2020-02-01,5.5
1032,TOCANTINS,2020-02-01,7.67
1033,MARANHÃO,2020-02-01,8.93
1034,PIAUÍ,2020-02-01,13.97
1035,CEARÁ,2020-02-01,11.44
1036,RIO GRANDE DO NORTE,2020-02-01,12.47
1037,PARAÍBA,2020-02-01,15.33
1038,PERNAMBUCO,2020-02-01,18.09
1039,ALAGOAS,2020-02-01,14.28
1040,SERGIPE,2020-02-01,18.45
1041,BAHIA,2020-02-01,15.66
1042,MINAS GERAIS,2020-02-01,13.16
1043,ESPÍRITO SANTO,2020-02-01,12.0
1044,RIO DE JANEIRO,2020-02-01,16.26
1045,SÃO PAULO,2020-02-01,16.32
1046,PARANÁ,2020-02-01,13.91
1047,SANTA CATARINA,2020-02-01,13.44
1048,RIO GRANDE DO SUL,2020-02-01,14.39
1049,MATO GROSSO DO SUL,2020-02-01,10.71
1050,MATO GROSSO,2020-02-01,9.72
1051,GOIÁS,2020-02-01,9.02
1052,DISTRITO FEDERAL,2020-02-01,14.48
1053,RONDÔNIA,2020-03-01,5.61
1054,ACRE,2020-03-01,4.72
1055,AMAZONAS,2020-03-01,6.28
1056,RORAIMA,2020-03-01,13.43
1057,PARÁ,2020-03-01,8.33
1058,AMAPÁ,2020-03-01,5.95
1059,TOCANTINS,2020-03-01,8.74
1060,MARANHÃO,2020-03-01,9.47
1061,PIAUÍ,2020-03-01,14.7
1062,CEARÁ,2020-03-01,12.85
1063,RIO GRANDE DO NORTE,2020-03-01,13.7
1064,PARAÍBA,2020-03-01,16.28
1065,PERNAMBUCO,2020-03-01,18.96
1066,ALAGOAS,2020-03-01,15.0
1067,SERGIPE,2020-03-01,19.09
1068,BAHIA,2020-03-01,16.59
1069,MINAS GERAIS,2020-03-01,14.23
1070,ESPÍRITO SANTO,2020-03-01,13.56
1071,RIO DE JANEIRO,2020-03-01,19.05
1072,SÃO PAULO,2020-03-01,17.99
1073,PARANÁ,2020-03-01,14.78
1074,SANTA CATARINA,2020-03-01,14.74
1075,RIO GRANDE DO SUL,2020-03-01,16.16
1076,MATO GROSSO DO SUL,2020-03-01,12.75
1077,MATO GROSSO,2020-03-01,11.74
1078,GOIÁS,2020-03-01,9.69
1079,DISTRITO FEDERAL,2020-03-01,14.53
1080,RONDÔNIA,2020-04-01,5.61
1081,ACRE,2020-04-01,4.73
1082,AMAZONAS,2020-04-01,6.3
1083,RORAIMA,2020-04-01,13.45
1084,PARÁ,2020-04-01,8.34
1085,AMAPÁ,2020-04-01,5.96
1086,TOCANTINS,2020-04-01,8.76
1087,MARANHÃO,2020-04-01,9.5
1088,PIAUÍ,2020-04-01,14.73
1089,CEARÁ,2020-04-01,12.85
1090,RIO GRANDE DO NORTE,2020-04-01,13.71
1091,PARAÍBA,2020-04-01,16.3
1092,PERNAMBUCO,2020-04-01,18.98
1093,ALAGOAS,2020-04-01,15.02
1094,SERGIPE,2020-04-01,19.11
1095,BAHIA,2020-04-01,16.62
1096,MINAS GERAIS,2020-04-01,14.24
1097,ESPÍRITO SANTO,2020-04-01,13.56
1098,RIO DE JANEIRO,2020-04-01,19.05
1099,SÃO PAULO,2020-04-01,17.99
1100,PARANÁ,2020-04-01,14.79
1101,SANTA CATARINA,2020-04-01,14.74
1102,RIO GRANDE DO SUL,2020-04-01,16.17
1103,MATO GROSSO DO SUL,2020-04-01,12.76
1104,MATO GROSSO,2020-04-01,11.73
1105,GOIÁS,2020-04-01,9.7
1106,DISTRITO FEDERAL,2020-04-01,14.52
1107,RONDÔNIA,2020-05-01,5.66
1108,ACRE,2020-05-01,4.75
1109,AMAZONAS,2020-05-01,6.31
1110,RORAIMA,2020-05-01,13.44
1111,PARÁ,2020-05-01,8.35
1112,AMAPÁ,2020-05-01,5.98
1113,TOCANTINS,2020-05-01,8.76
1114,MARANHÃO,2020-05-01,9.5
1115,PIAUÍ,2020-05-01,14.74
1116,CEARÁ,2020-05-01,12.85
1117,RIO GRANDE DO NORTE,2020-05-01,13.7
1118,PARAÍBA,2020-05-01,16.3
1119,PERNAMBUCO,2020-05-01,18.98
1120,ALAGOAS,2020-05-01,15.02
1121,SERGIPE,2020-05-01,19.1
1122,BAHIA,2020-05-01,16.62
1123,MINAS GERAIS,2020-05-01,14.24
1124,ESPÍRITO SANTO,2020-05-01,13.58
1125,RIO DE JANEIRO,2020-05-01,19.05
1126,SÃO PAULO,2020-05-01,17.99
1127,PARANÁ,2020-05-01,14.81
1128,SANTA CATARINA,2020-05-01,14.74
1129,RIO GRANDE DO SUL,2020-05-01,16.18
1130,MATO GROSSO DO SUL,2020-05-01,12.78
1131,MATO GROSSO,2020-05-01,11.72
1132,GOIÁS,2020-05-01,9.71
1133,DISTRITO FEDERAL,2020-05-01,14.52
1134,RONDÔNIA,2020-06-01,5.69
1135,ACRE,2020-06-01,4.75
1136,AMAZONAS,2020-06-01,6.32
1137,RORAIMA,2020-06-01,13.44
1138,PARÁ,2020-06-01,8.36
1139,AMAPÁ,2020-06-01,5.98
1140,TOCANTINS,2020-06-01,8.77
1141,MARANHÃO,2020-06-01,9.5
1142,PIAUÍ,2020-06-01,14.73
1143,CEARÁ,2020-06-01,12.85
1144,RIO GRANDE DO NORTE,2020-06-01,13.71
1145,PARAÍBA,2020-06-01,16.31
1146,PERNAMBUCO,2020-06-01,18.97
1147,ALAGOAS,2020-06-01,15.02
1148,SERGIPE,2020-06-01,19.09
1149,BAHIA,2020-06-01,16.62
1150,MINAS GERAIS,2020-06-01,14.25
1151,ESPÍRITO SANTO,2020-06-01,13.6
1152,RIO DE JANEIRO,2020-06-01,19.06
1153,SÃO PAULO,2020-06-01,18.0
1154,PARANÁ,2020-06-01,14.84
1155,SANTA CATARINA,2020-06-01,14.74
1156,RIO GRANDE DO SUL,2020-06-01,16.19
1157,MATO GROSSO DO SUL,2020-06-01,12.83
1158,MATO GROSSO,2020-06-01,11.74
1159,GOIÁS,2020-06-01,9.72
1160,DISTRITO FEDERAL,2020-06-01,14.53
1161,RONDÔNIA,2020-07-01,5.74
1162,ACRE,2020-07-01,4.76
1163,AMAZONAS,2020-07-01,6.34
1164,RORAIMA,2020-07-01,13.45
1165,PARÁ,2020-07-01,8.36
1166,AMAPÁ,2020-07-01,5.99
1167,TOCANTINS,2020-07-01,8.79
1168,MARANHÃO,2020-07-01,9.51
1169,PIAUÍ,2020-07-01,14.74
1170,CEARÁ,2020-07-01,12.86
1171,RIO GRANDE DO NORTE,2020-07-01,13.71
1172,PARAÍBA,2020-07-01,16.31
1173,PERNAMBUCO,2020-07-01,18.97
1174,ALAGOAS,2020-07-01,15.02
1175,SERGIPE,2020-07-01,19.09
1176,BAHIA,2020-07-01,16.62
1177,MINAS GERAIS,2020-07-01,14.25
1178,ESPÍRITO SANTO,2020-07-01,13.62
1179,RIO DE JANEIRO,2020-07-01,19.06
1180,SÃO PAULO,2020-07-01,18.01
1181,PARANÁ,2020-07-01,14.87
1182,SANTA CATARINA,2020-07-01,14.75
1183,RIO GRANDE DO SUL,2020-07-01,16.21
1184,MATO GROSSO DO SUL,2020-07-01,12.88
1185,MATO GROSSO,2020-07-01,11.75
1186,GOIÁS,2020-07-01,9.74
1187,DISTRITO FEDERAL,2020-07-01,14.54
1188,RONDÔNIA,2020-08-01,5.68
1189,ACRE,2020-08-01,4.77
1190,AMAZONAS,2020-08-01,6.35
1191,RORAIMA,2020-08-01,13.45
1192,PARÁ,2020-08-01,8.36
1193,AMAPÁ,2020-08-01,6.0
1194,TOCANTINS,2020-08-01,8.78
1195,MARANHÃO,2020-08-01,9.48
1196,PIAUÍ,2020-08-01,14.72
1197,CEARÁ,2020-08-01,12.84
1198,RIO GRANDE DO NORTE,2020-08-01,13.69
1199,PARAÍBA,2020-08-01,16.28
1200,PERNAMBUCO,2020-08-01,18.97
1201,ALAGOAS,2020-08-01,15.01
1202,SERGIPE,2020-08-01,19.09
1203,BAHIA,2020-08-01,16.62
1204,MINAS GERAIS,2020-08-01,14.2
1205,ESPÍRITO SANTO,2020-08-01,13.57
1206,RIO DE JANEIRO,2020-08-01,19.02
1207,SÃO PAULO,2020-08-01,17.96
1208,PARANÁ,2020-08-01,14.78
1209,SANTA CATARINA,2020-08-01,14.67
1210,RIO GRANDE DO SUL,2020-08-01,16.19
1211,MATO GROSSO DO SUL,2020-08-01,12.87
1212,MATO GROSSO,2020-08-01,11.72
1213,GOIÁS,2020-08-01,9.7
1214,DISTRITO FEDERAL,2020-08-01,14.54
1215,RONDÔNIA,2020-09-01,5.73
1216,ACRE,2020-09-01,4.78
1217,AMAZONAS,2020-09-01,6.4
1218,RORAIMA,2020-09-01,13.45
1219,PARÁ,2020-09-01,8.4
1220,AMAPÁ,2020-09-01,6.02
1221,TOCANTINS,2020-09-01,8.83
1222,MARANHÃO,2020-09-01,9.52
1223,PIAUÍ,2020-09-01,14.77
1224,CEARÁ,2020-09-01,12.87
1225,RIO GRANDE DO NORTE,2020-09-01,13.72
1226,PARAÍBA,2020-09-01,16.33
1227,PERNAMBUCO,2020-09-01,19.0
1228,ALAGOAS,2020-09-01,15.03
1229,SERGIPE,2020-09-01,19.12
1230,BAHIA,2020-09-01,16.65
1231,MINAS GERAIS,2020-09-01,14.23
1232,ESPÍRITO SANTO,2020-09-01,13.62
1233,RIO DE JANEIRO,2020-09-01,19.04
1234,SÃO PAULO,2020-09-01,21.36
1235,PARANÁ,2020-09-01,
1236,SANTA CATARINA,2020-09-01,
1237,RIO GRANDE DO SUL,2020-09-01,
1238,MATO GROSSO DO SUL,2020-09-01,
1239,MATO GROSSO,2020-09-01,
1240,GOIÁS,2020-09-01,
1241,DISTRITO FEDERAL,2020-09-01,
1242,RONDÔNIA,2020-11-01,5.86
1243,ACRE,2020-11-01,4.83
1244,AMAZONAS,2020-11-01,6.43
1245,RORAIMA,2020-11-01,13.44
1246,PARÁ,2020-11-01,8.44
1247,AMAPÁ,2020-11-01,6.07
1248,TOCANTINS,2020-11-01,8.9
1249,MARANHÃO,2020-11-01,9.56
1250,PIAUÍ,2020-11-01,14.79
1251,CEARÁ,2020-11-01,12.9
1252,RIO GRANDE DO NORTE,2020-11-01,13.73
1253,PARAÍBA,2020-11-01,16.33
1254,PERNAMBUCO,2020-11-01,19.01
1255,ALAGOAS,2020-11-01,15.05
1256,SERGIPE,2020-11-01,19.12
1257,BAHIA,2020-11-01,16.68
1258,MINAS GERAIS,2020-11-01,14.26
1259,ESPÍRITO SANTO,2020-11-01,13.69
1260,RIO DE JANEIRO,2020-11-01,19.08
1261,SÃO PAULO,2020-11-01,18.03
1262,PARANÁ,2020-11-01,14.88
1263,SANTA CATARINA,2020-11-01,14.77
1264,RIO GRANDE DO SUL,2020-11-01,16.27
1265,MATO GROSSO DO SUL,2020-11-01,13.05
1266,MATO GROSSO,2020-11-01,11.77
1267,GOIÁS,2020-11-01,9.79
1268,DISTRITO FEDERAL,2020-11-01,14.54
1269,RONDÔNIA,2020-12-01,5.75
1270,ACRE,2020-12-01,4.82
1271,AMAZONAS,2020-12-01,6.43
1272,RORAIMA,2020-12-01,13.46
1273,PARÁ,2020-12-01,8.42
1274,AMAPÁ,2020-12-01,6.03
1275,TOCANTINS,2020-12-01,8.86
1276,MARANHÃO,2020-12-01,9.55
1277,PIAUÍ,2020-12-01,14.77
1278,CEARÁ,2020-12-01,12.89
1279,RIO GRANDE DO NORTE,2020-12-01,13.7
1280,PARAÍBA,2020-12-01,16.3
1281,PERNAMBUCO,2020-12-01,19.0
1282,ALAGOAS,2020-12-01,15.03
1283,SERGIPE,2020-12-01,19.1
1284,BAHIA,2020-12-01,16.66
1285,MINAS GERAIS,2020-12-01,14.21
1286,ESPÍRITO SANTO,2020-12-01,13.59
1287,RIO DE JANEIRO,2020-12-01,19.03
1288,SÃO PAULO,2020-12-01,17.96
1289,PARANÁ,2020-12-01,14.73
1290,SANTA CATARINA,2020-12-01,14.62
1291,RIO GRANDE DO SUL,2020-12-01,16.21
1292,MATO GROSSO DO SUL,2020-12-01,12.95
1293,MATO GROSSO,2020-12-01,11.65
1294,GOIÁS,2020-12-01,9.76
1295,DISTRITO FEDERAL,2020-12-01,14.54
1296,RONDÔNIA,2021-01-01,6.14
1297,ACRE,2021-01-01,4.83
1298,AMAZONAS,2021-01-01,6.41
1299,RORAIMA,2021-01-01,13.41
1300,PARÁ,2021-01-01,8.45
1301,AMAPÁ,2021-01-01,5.95
1302,TOCANTINS,2021-01-01,9.05
1303,MARANHÃO,2021-01-01,9.53
1304,PIAUÍ,2021-01-01,14.79
1305,CEARÁ,2021-01-01,12.94
1306,RIO GRANDE DO NORTE,2021-01-01,13.7
1307,PARAÍBA,2021-01-01,16.32
1308,PERNAMBUCO,2021-01-01,19.08
1309,ALAGOAS,2021-01-01,15.24
1310,SERGIPE,2021-01-01,19.11
1311,BAHIA,2021-01-01,16.67
1312,MINAS GERAIS,2021-01-01,14.93
1313,ESPÍRITO SANTO,2021-01-01,14.08
1314,RIO DE JANEIRO,2021-01-01,19.2
1315,SÃO PAULO,2021-01-01,18.33
1316,PARANÁ,2021-01-01,15.59
1317,SANTA CATARINA,2021-01-01,15.31
1318,RIO GRANDE DO SUL,2021-01-01,16.95
1319,MATO GROSSO DO SUL,2021-01-01,13.32
1320,MATO GROSSO,2021-01-01,12.1
1321,GOIÁS,2021-01-01,10.22
1322,DISTRITO FEDERAL,2021-01-01,14.57
1323,RONDÔNIA,2021-02-01,6.38
1324,ACRE,2021-02-01,5.07
1325,AMAZONAS,2021-02-01,6.42
1326,RORAIMA,2021-02-01,13.49
1327,PARÁ,2021-02-01,8.52
1328,AMAPÁ,2021-02-01,5.94
1329,TOCANTINS,2021-02-01,9.37
1330,MARANHÃO,2021-02-01,9.62
1331,PIAUÍ,2021-02-01,15.02
1332,CEARÁ,2021-02-01,13.17
1333,RIO GRANDE DO NORTE,2021-02-01,14.12
1334,PARAÍBA,2021-02-01,16.42
1335,PERNAMBUCO,2021-02-01,19.24
1336,ALAGOAS,2021-02-01,15.43
1337,SERGIPE,2021-02-01,19.33
1338,BAHIA,2021-02-01,16.91
1339,MINAS GERAIS,2021-02-01,15.38
1340,ESPÍRITO SANTO,2021-02-01,14.67
1341,RIO DE JANEIRO,2021-02-01,20.16
1342,SÃO PAULO,2021-02-01,19.13
1343,PARANÁ,2021-02-01,16.15
1344,SANTA CATARINA,2021-02-01,15.8
1345,RIO GRANDE DO SUL,2021-02-01,17.41
1346,MATO GROSSO DO SUL,2021-02-01,13.59
1347,MATO GROSSO,2021-02-01,12.46
1348,GOIÁS,2021-02-01,10.4
1349,DISTRITO FEDERAL,2021-02-01,15.99
1350,RONDÔNIA,2021-03-01,6.46
1351,ACRE,2021-03-01,5.2
1352,AMAZONAS,2021-03-01,6.43
1353,RORAIMA,2021-03-01,13.5
1354,PARÁ,2021-03-01,8.61
1355,AMAPÁ,2021-03-01,5.96
1356,TOCANTINS,2021-03-01,9.47
1357,MARANHÃO,2021-03-01,9.68
1358,PIAUÍ,2021-03-01,15.08
1359,CEARÁ,2021-03-01,13.24
1360,RIO GRANDE DO NORTE,2021-03-01,14.27
1361,PARAÍBA,2021-03-01,16.46
1362,PERNAMBUCO,2021-03-01,19.35
1363,ALAGOAS,2021-03-01,15.51
1364,SERGIPE,2021-03-01,19.4
1365,BAHIA,2021-03-01,16.97
1366,MINAS GERAIS,2021-03-01,15.55
1367,ESPÍRITO SANTO,2021-03-01,14.77
1368,RIO DE JANEIRO,2021-03-01,20.31
1369,SÃO PAULO,2021-03-01,19.35
1370,PARANÁ,2021-03-01,16.29
1371,SANTA CATARINA,2021-03-01,15.9
1372,RIO GRANDE DO SUL,2021-03-01,17.54
1373,MATO GROSSO DO SUL,2021-03-01,13.67
1374,MATO GROSSO,2021-03-01,12.7
1375,GOIÁS,2021-03-01,10.52
1376,DISTRITO FEDERAL,2021-03-01,16.11
1377,RONDÔNIA,2021-04-01,6.52
1378,ACRE,2021-04-01,5.25
1379,AMAZONAS,2021-04-01,6.44
1380,RORAIMA,2021-04-01,13.52
1381,PARÁ,2021-04-01,8.65
1382,AMAPÁ,2021-04-01,5.98
1383,TOCANTINS,2021-04-01,9.55
1384,MARANHÃO,2021-04-01,9.77
1385,PIAUÍ,2021-04-01,15.07
1386,CEARÁ,2021-04-01,13.23
1387,RIO GRANDE DO NORTE,2021-04-01,14.29
1388,PARAÍBA,2021-04-01,16.45
1389,PERNAMBUCO,2021-04-01,19.35
1390,ALAGOAS,2021-04-01,15.51
1391,SERGIPE,2021-04-01,19.41
1392,BAHIA,2021-04-01,17.0
1393,MINAS GERAIS,2021-04-01,15.57
1394,ESPÍRITO SANTO,2021-04-01,14.81
1395,RIO DE JANEIRO,2021-04-01,20.34
1396,SÃO PAULO,2021-04-01,19.37
1397,PARANÁ,2021-04-01,16.33
1398,SANTA CATARINA,2021-04-01,15.95
1399,RIO GRANDE DO SUL,2021-04-01,17.57
1400,MATO GROSSO DO SUL,2021-04-01,13.73
1401,MATO GROSSO,2021-04-01,12.71
1402,GOIÁS,2021-04-01,10.56
1403,DISTRITO FEDERAL,2021-04-01,16.12
1404,RONDÔNIA,2021-05-01,6.58
1405,ACRE,2021-05-01,5.3
1406,AMAZONAS,2021-05-01,6.47
1407,RORAIMA,2021-05-01,13.54
1408,PARÁ,2021-05-01,8.69
1409,AMAPÁ,2021-05-01,6.0
1410,TOCANTINS,2021-05-01,9.59
1411,MARANHÃO,2021-05-01,9.79
1412,PIAUÍ,2021-05-01,15.09
1413,CEARÁ,2021-05-01,13.26
1414,RIO GRANDE DO NORTE,2021-05-01,14.31
1415,PARAÍBA,2021-05-01,16.48
1416,PERNAMBUCO,2021-05-01,19.37
1417,ALAGOAS,2021-05-01,15.52
1418,SERGIPE,2021-05-01,19.44
1419,BAHIA,2021-05-01,17.03
1420,MINAS GERAIS,2021-05-01,15.59
1421,ESPÍRITO SANTO,2021-05-01,14.86
1422,RIO DE JANEIRO,2021-05-01,20.37
1423,SÃO PAULO,2021-05-01,19.39
1424,PARANÁ,2021-05-01,16.37
1425,SANTA CATARINA,2021-05-01,16.0
1426,RIO GRANDE DO SUL,2021-05-01,17.58
1427,MATO GROSSO DO SUL,2021-05-01,13.78
1428,MATO GROSSO,2021-05-01,12.72
1429,GOIÁS,2021-05-01,10.6
1430,DISTRITO FEDERAL,2021-05-01,16.11
1431,RONDÔNIA,2021-06-01,6.61
1432,ACRE,2021-06-01,5.33
1433,AMAZONAS,2021-06-01,6.48
1434,RORAIMA,2021-06-01,13.55
1435,PARÁ,2021-06-01,8.72
1436,AMAPÁ,2021-06-01,6.01
1437,TOCANTINS,2021-06-01,9.65
1438,MARANHÃO,2021-06-01,9.82
1439,PIAUÍ,2021-06-01,15.12
1440,CEARÁ,2021-06-01,13.29
1441,RIO GRANDE DO NORTE,2021-06-01,14.34
1442,PARAÍBA,2021-06-01,16.5
1443,PERNAMBUCO,2021-06-01,19.4
1444,ALAGOAS,2021-06-01,15.54
1445,SERGIPE,2021-06-01,19.45
1446,BAHIA,2021-06-01,17.05
1447,MINAS GERAIS,2021-06-01,15.62
1448,ESPÍRITO SANTO,2021-06-01,14.89
1449,RIO DE JANEIRO,2021-06-01,20.41
1450,SÃO PAULO,2021-06-01,19.4
1451,PARANÁ,2021-06-01,16.4
1452,SANTA CATARINA,2021-06-01,16.04
1453,RIO GRANDE DO SUL,2021-06-01,17.6
1454,MATO GROSSO DO SUL,2021-06-01,13.84
1455,MATO GROSSO,2021-06-01,12.75
1456,GOIÁS,2021-06-01,10.65
1457,DISTRITO FEDERAL,2021-06-01,16.1
1458,RONDÔNIA,2021-07-01,6.62
1459,ACRE,2021-07-01,5.28
1460,AMAZONAS,2021-07-01,6.44
1461,RORAIMA,2021-07-01,13.54
1462,PARÁ,2021-07-01,8.73
1463,AMAPÁ,2021-07-01,6.02
1464,TOCANTINS,2021-07-01,9.63
1465,MARANHÃO,2021-07-01,9.84
1466,PIAUÍ,2021-07-01,15.08
1467,CEARÁ,2021-07-01,13.26
1468,RIO GRANDE DO NORTE,2021-07-01,14.31
1469,PARAÍBA,2021-07-01,16.44
1470,PERNAMBUCO,2021-07-01,19.29
1471,ALAGOAS,2021-07-01,15.46
1472,SERGIPE,2021-07-01,19.4
1473,BAHIA,2021-07-01,16.99
1474,MINAS GERAIS,2021-07-01,15.48
1475,ESPÍRITO SANTO,2021-07-01,14.77
1476,RIO DE JANEIRO,2021-07-01,20.18
1477,SÃO PAULO,2021-07-01,19.15
1478,PARANÁ,2021-07-01,16.25
1479,SANTA CATARINA,2021-07-01,15.89
1480,RIO GRANDE DO SUL,2021-07-01,17.41
1481,MATO GROSSO DO SUL,2021-07-01,13.75
1482,MATO GROSSO,2021-07-01,12.65
1483,GOIÁS,2021-07-01,10.56
1484,DISTRITO FEDERAL,2021-07-01,15.86
1485,RONDÔNIA,2021-08-01,6.67
1486,ACRE,2021-08-01,5.31
1487,AMAZONAS,2021-08-01,6.46
1488,RORAIMA,2021-08-01,13.55
1489,PARÁ,2021-08-01,8.76
1490,AMAPÁ,2021-08-01,6.05
1491,TOCANTINS,2021-08-01,9.67
1492,MARANHÃO,2021-08-01,9.88
1493,PIAUÍ,2021-08-01,15.12
1494,CEARÁ,2021-08-01,13.3
1495,RIO GRANDE DO NORTE,2021-08-01,14.36
1496,PARAÍBA,2021-08-01,16.48
1497,PERNAMBUCO,2021-08-01,19.31
1498,ALAGOAS,2021-08-01,15.49
1499,SERGIPE,2021-08-01,19.42
1500,BAHIA,2021-08-01,17.02
1501,MINAS GERAIS,2021-08-01,15.51
1502,ESPÍRITO SANTO,2021-08-01,14.8
1503,RIO DE JANEIRO,2021-08-01,20.22
1504,SÃO PAULO,2021-08-01,19.18
1505,PARANÁ,2021-08-01,16.29
1506,SANTA CATARINA,2021-08-01,15.91
1507,RIO GRANDE DO SUL,2021-08-01,17.43
1508,MATO GROSSO DO SUL,2021-08-01,13.8
1509,MATO GROSSO,2021-08-01,12.66
1510,GOIÁS,2021-08-01,10.6
1511,DISTRITO FEDERAL,2021-08-01,15.86
1512,RONDÔNIA,2021-09-01,6.75
1513,ACRE,2021-09-01,5.37
1514,AMAZONAS,2021-09-01,6.49
1515,RORAIMA,2021-09-01,13.58
1516,PARÁ,2021-09-01,8.81
1517,AMAPÁ,2021-09-01,6.11
1518,TOCANTINS,2021-09-01,9.72
1519,MARANHÃO,2021-09-01,9.92
1520,PIAUÍ,2021-09-01,15.16
1521,CEARÁ,2021-09-01,13.35
1522,RIO GRANDE DO NORTE,2021-09-01,14.39
1523,PARAÍBA,2021-09-01,16.51
1524,PERNAMBUCO,2021-09-01,19.35
1525,ALAGOAS,2021-09-01,15.53
1526,SERGIPE,2021-09-01,19.45
1527,BAHIA,2021-09-01,17.06
1528,MINAS GERAIS,2021-09-01,15.55
1529,ESPÍRITO SANTO,2021-09-01,14.86
1530,RIO DE JANEIRO,2021-09-01,20.26
1531,SÃO PAULO,2021-09-01,19.2
1532,PARANÁ,2021-09-01,16.34
1533,SANTA CATARINA,2021-09-01,15.93
1534,RIO GRANDE DO SUL,2021-09-01,17.47
1535,MATO GROSSO DO SUL,2021-09-01,13.85
1536,MATO GROSSO,2021-09-01,12.67
1537,GOIÁS,2021-09-01,10.65
1538,DISTRITO FEDERAL,2021-09-01,15.87
1539,RONDÔNIA,2021-10-01,6.44
1540,ACRE,2021-10-01,5.31
1541,AMAZONAS,2021-10-01,6.42
1542,RORAIMA,2021-10-01,13.38
1543,PARÁ,2021-10-01,8.74
1544,AMAPÁ,2021-10-01,6.06
1545,TOCANTINS,2021-10-01,9.56
1546,MARANHÃO,2021-10-01,9.9
1547,PIAUÍ,2021-10-01,15.15
1548,CEARÁ,2021-10-01,13.34
1549,RIO GRANDE DO NORTE,2021-10-01,14.34
1550,PARAÍBA,2021-10-01,16.49
1551,PERNAMBUCO,2021-10-01,19.34
1552,ALAGOAS,2021-10-01,15.49
1553,SERGIPE,2021-10-01,19.42
1554,BAHIA,2021-10-01,17.04
1555,MINAS GERAIS,2021-10-01,15.37
1556,ESPÍRITO SANTO,2021-10-01,14.57
1557,RIO DE JANEIRO,2021-10-01,20.1
1558,SÃO PAULO,2021-10-01,19.0
1559,PARANÁ,2021-10-01,15.98
1560,SANTA CATARINA,2021-10-01,15.49
1561,RIO GRANDE DO SUL,2021-10-01,17.19
1562,MATO GROSSO DO SUL,2021-10-01,13.41
1563,MATO GROSSO,2021-10-01,12.32
1564,GOIÁS,2021-10-01,10.43
1565,DISTRITO FEDERAL,2021-10-01,15.76
1566,RONDÔNIA,2021-11-01,6.66
1567,ACRE,2021-11-01,5.35
1568,AMAZONAS,2021-11-01,6.61
1569,RORAIMA,2021-11-01,13.59
1570,PARÁ,2021-11-01,8.89
1571,AMAPÁ,2021-11-01,6.16
1572,TOCANTINS,2021-11-01,9.67
1573,MARANHÃO,2021-11-01,10.16
1574,PIAUÍ,2021-11-01,15.26
1575,CEARÁ,2021-11-01,13.52
1576,RIO GRANDE DO NORTE,2021-11-01,14.5
1577,PARAÍBA,2021-11-01,16.65
1578,PERNAMBUCO,2021-11-01,19.57
1579,ALAGOAS,2021-11-01,15.66
1580,SERGIPE,2021-11-01,19.61
1581,BAHIA,2021-11-01,17.25
1582,MINAS GERAIS,2021-11-01,15.52
1583,ESPÍRITO SANTO,2021-11-01,14.62
1584,RIO DE JANEIRO,2021-11-01,20.22
1585,SÃO PAULO,2021-11-01,19.09
1586,PARANÁ,2021-11-01,16.02
1587,SANTA CATARINA,2021-11-01,15.58
1588,RIO GRANDE DO SUL,2021-11-01,17.39
1589,MATO GROSSO DO SUL,2021-11-01,13.51
1590,MATO GROSSO,2021-11-01,12.41
1591,GOIÁS,2021-11-01,10.54
1592,DISTRITO FEDERAL,2021-11-01,15.84
1593,RONDÔNIA,2021-12-01,9.1
1594,ACRE,2021-12-01,8.1
1595,AMAZONAS,2021-12-01,9.73
1596,RORAIMA,2021-12-01,16.0
1597,PARÁ,2021-12-01,12.52
1598,AMAPÁ,2021-12-01,11.07
1599,TOCANTINS,2021-12-01,12.57
1600,MARANHÃO,2021-12-01,12.82
1601,PIAUÍ,2021-12-01,19.34
1602,CEARÁ,2021-12-01,16.97
1603,RIO GRANDE DO NORTE,2021-12-01,18.02
1604,PARAÍBA,2021-12-01,20.58
1605,PERNAMBUCO,2021-12-01,23.61
1606,ALAGOAS,2021-12-01,18.77
1607,SERGIPE,2021-12-01,23.79
1608,BAHIA,2021-12-01,20.94
1609,MINAS GERAIS,2021-12-01,19.37
1610,ESPÍRITO SANTO,2021-12-01,17.95
1611,RIO DE JANEIRO,2021-12-01,25.6
1612,SÃO PAULO,2021-12-01,21.57
1613,PARANÁ,2021-12-01,18.63
1614,SANTA CATARINA,2021-12-01,18.05
1615,RIO GRANDE DO SUL,2021-12-01,20.53
1616,MATO GROSSO DO SUL,2021-12-01,17.67
1617,MATO GROSSO,2021-12-01,16.31
1618,GOIÁS,2021-12-01,13.55
1619,DISTRITO FEDERAL,2021-12-01,17.55
1620,RONDÔNIA,2022-01-01,9.3
1621,ACRE,2022-01-01,8.55
1622,AMAZONAS,2022-01-01,10.16
1623,RORAIMA,2022-01-01,16.14
1624,PARÁ,2022-01-01,12.88
1625,AMAPÁ,2022-01-01,11.6
1626,TOCANTINS,2022-01-01,12.77
1627,MARANHÃO,2022-01-01,13.24
1628,PIAUÍ,2022-01-01,20.0
1629,CEARÁ,2022-01-01,17.4
1630,RIO GRANDE DO NORTE,2022-01-01,18.54
1631,PARAÍBA,2022-01-01,21.16
1632,PERNAMBUCO,2022-01-01,24.26
1633,ALAGOAS,2022-01-01,19.28
1634,SERGIPE,2022-01-01,24.48
1635,BAHIA,2022-01-01,21.53
1636,MINAS GERAIS,2022-01-01,19.5
1637,ESPÍRITO SANTO,2022-01-01,18.07
1638,RIO DE JANEIRO,2022-01-01,26.05
1639,SÃO PAULO,2022-01-01,21.61
1640,PARANÁ,2022-01-01,18.49
1641,SANTA CATARINA,2022-01-01,17.85
1642,RIO GRANDE DO SUL,2022-01-01,20.59
1643,MATO GROSSO DO SUL,2022-01-01,17.71
1644,MATO GROSSO,2022-01-01,16.41
1645,GOIÁS,2022-01-01,13.72
1646,DISTRITO FEDERAL,2022-01-01,17.49
1647,RONDÔNIA,2022-02-01,9.63
1648,ACRE,2022-02-01,9.49
1649,AMAZONAS,2022-02-01,10.74
1650,RORAIMA,2022-02-01,15.45
1651,PARÁ,2022-02-01,13.54
1652,AMAPÁ,2022-02-01,12.52
1653,TOCANTINS,2022-02-01,13.33
1654,MARANHÃO,2022-02-01,14.25
1655,PIAUÍ,2022-02-01,21.51
1656,CEARÁ,2022-02-01,18.53
1657,RIO GRANDE DO NORTE,2022-02-01,19.85
1658,PARAÍBA,2022-02-01,22.66
1659,PERNAMBUCO,2022-02-01,25.63
1660,ALAGOAS,2022-02-01,20.4
1661,SERGIPE,2022-02-01,26.12
1662,BAHIA,2022-02-01,22.88
1663,MINAS GERAIS,2022-02-01,20.08
1664,ESPÍRITO SANTO,2022-02-01,18.48
1665,RIO DE JANEIRO,2022-02-01,27.04
1666,SÃO PAULO,2022-02-01,21.87
1667,PARANÁ,2022-02-01,18.73
1668,SANTA CATARINA,2022-02-01,18.15
1669,RIO GRANDE DO SUL,2022-02-01,20.92
1670,MATO GROSSO DO SUL,2022-02-01,18.06
1671,MATO GROSSO,2022-02-01,16.9
1672,GOIÁS,2022-02-01,14.21
1673,DISTRITO FEDERAL,2022-02-01,17.28
1674,RONDÔNIA,2022-03-01,9.73
1675,ACRE,2022-03-01,9.56
1676,AMAZONAS,2022-03-01,10.85
1677,RORAIMA,2022-03-01,15.56
1678,PARÁ,2022-03-01,13.64
1679,AMAPÁ,2022-03-01,12.6
1680,TOCANTINS,2022-03-01,13.51
1681,MARANHÃO,2022-03-01,14.4
1682,PIAUÍ,2022-03-01,21.64
1683,CEARÁ,2022-03-01,18.71
1684,RIO GRANDE DO NORTE,2022-03-01,19.96
1685,PARAÍBA,2022-03-01,22.79
1686,PERNAMBUCO,2022-03-01,25.81
1687,ALAGOAS,2022-03-01,20.57
1688,SERGIPE,2022-03-01,26.23
1689,BAHIA,2022-03-01,23.14
1690,MINAS GERAIS,2022-03-01,20.23
1691,ESPÍRITO SANTO,2022-03-01,18.55
1692,RIO DE JANEIRO,2022-03-01,27.13
1693,SÃO PAULO,2022-03-01,21.95
1694,PARANÁ,2022-03-01,18.83
1695,SANTA CATARINA,2022-03-01,18.26
1696,RIO GRANDE DO SUL,2022-03-01,21.1
1697,MATO GROSSO DO SUL,2022-03-01,18.17
1698,MATO GROSSO,2022-03-01,16.95
1699,GOIÁS,2022-03-01,14.35
1700,DISTRITO FEDERAL,2022-03-01,17.26
1701,RONDÔNIA,2022-04-01,9.24
1702,ACRE,2022-04-01,10.17
1703,AMAZONAS,2022-04-01,11.38
1704,RORAIMA,2022-04-01,15.07
1705,PARÁ,2022-04-01,13.42
1706,AMAPÁ,2022-04-01,12.43
1707,TOCANTINS,2022-04-01,13.39
1708,MARANHÃO,2022-04-01,14.43
1709,PIAUÍ,2022-04-01,22.23
1710,CEARÁ,2022-04-01,19.05
1711,RIO GRANDE DO NORTE,2022-04-01,20.27
1712,PARAÍBA,2022-04-01,22.96
1713,PERNAMBUCO,2022-04-01,25.99
1714,ALAGOAS,2022-04-01,20.68
1715,SERGIPE,2022-04-01,26.35
1716,BAHIA,2022-04-01,23.55
1717,MINAS GERAIS,2022-04-01,20.46
1718,ESPÍRITO SANTO,2022-04-01,18.49
1719,RIO DE JANEIRO,2022-04-01,27.08
1720,SÃO PAULO,2022-04-01,22.06
1721,PARANÁ,2022-04-01,18.64
1722,SANTA CATARINA,2022-04-01,18.05
1723,RIO GRANDE DO SUL,2022-04-01,20.96
1724,MATO GROSSO DO SUL,2022-04-01,17.8
1725,MATO GROSSO,2022-04-01,16.5
1726,GOIÁS,2022-04-01,14.14
1727,DISTRITO FEDERAL,2022-04-01,17.85
1728,RONDÔNIA,2022-05-01,9.44
1729,ACRE,2022-05-01,10.24
1730,AMAZONAS,2022-05-01,11.63
1731,RORAIMA,2022-05-01,15.26
1732,PARÁ,2022-05-01,13.61
1733,AMAPÁ,2022-05-01,12.49
1734,TOCANTINS,2022-05-01,13.7
1735,MARANHÃO,2022-05-01,14.73
1736,PIAUÍ,2022-05-01,22.55
1737,CEARÁ,2022-05-01,19.46
1738,RIO GRANDE DO NORTE,2022-05-01,20.52
1739,PARAÍBA,2022-05-01,23.32
1740,PERNAMBUCO,2022-05-01,26.38
1741,ALAGOAS,2022-05-01,21.02
1742,SERGIPE,2022-05-01,26.63
1743,BAHIA,2022-05-01,24.06
1744,MINAS GERAIS,2022-05-01,20.7
1745,ESPÍRITO SANTO,2022-05-01,18.6
1746,RIO DE JANEIRO,2022-05-01,27.23
1747,SÃO PAULO,2022-05-01,22.11
1748,PARANÁ,2022-05-01,18.86
1749,SANTA CATARINA,2022-05-01,18.16
1750,RIO GRANDE DO SUL,2022-05-01,21.24
1751,MATO GROSSO DO SUL,2022-05-01,17.91
1752,MATO GROSSO,2022-05-01,16.55
1753,GOIÁS,2022-05-01,14.31
1754,DISTRITO FEDERAL,2022-05-01,17.87
1755,RONDÔNIA,2022-06-01,9.54
1756,ACRE,2022-06-01,10.3
1757,AMAZONAS,2022-06-01,11.8
1758,RORAIMA,2022-06-01,15.49
1759,PARÁ,2022-06-01,13.67
1760,AMAPÁ,2022-06-01,12.52
1761,TOCANTINS,2022-06-01,13.72
1762,MARANHÃO,2022-06-01,14.86
1763,PIAUÍ,2022-06-01,22.68
1764,CEARÁ,2022-06-01,19.71
1765,RIO GRANDE DO NORTE,2022-06-01,20.67
1766,PARAÍBA,2022-06-01,23.49
1767,PERNAMBUCO,2022-06-01,26.58
1768,ALAGOAS,2022-06-01,21.08
1769,SERGIPE,2022-06-01,26.81
1770,BAHIA,2022-06-01,24.22
1771,MINAS GERAIS,2022-06-01,20.73
1772,ESPÍRITO SANTO,2022-06-01,18.6
1773,RIO DE JANEIRO,2022-06-01,27.33
1774,SÃO PAULO,2022-06-01,22.14
1775,PARANÁ,2022-06-01,18.86
1776,SANTA CATARINA,2022-06-01,18.13
1777,RIO GRANDE DO SUL,2022-06-01,21.3
1778,MATO GROSSO DO SUL,2022-06-01,17.91
1779,MATO GROSSO,2022-06-01,16.49
1780,GOIÁS,2022-06-01,14.26
1781,DISTRITO FEDERAL,2022-06-01,17.87
1782,RONDÔNIA,2022-07-01,12.1
1783,ACRE,2022-07-01,14.24
1784,AMAZONAS,2022-07-01,16.06
1785,RORAIMA,2022-07-01,18.05
1786,PARÁ,2022-07-01,17.83
1787,AMAPÁ,2022-07-01,18.05
1788,TOCANTINS,2022-07-01,14.96
1789,MARANHÃO,2022-07-01,17.9
1790,PIAUÍ,2022-07-01,27.31
1791,CEARÁ,2022-07-01,23.11
1792,RIO GRANDE DO NORTE,2022-07-01,24.04
1793,PARAÍBA,2022-07-01,27.39
1794,PERNAMBUCO,2022-07-01,31.12
1795,ALAGOAS,2022-07-01,23.78
1796,SERGIPE,2022-07-01,31.38
1797,BAHIA,2022-07-01,27.94
1798,MINAS GERAIS,2022-07-01,22.89
1799,ESPÍRITO SANTO,2022-07-01,20.65
1800,RIO DE JANEIRO,2022-07-01,33.28
1801,SÃO PAULO,2022-07-01,24.15
1802,PARANÁ,2022-07-01,20.31
1803,SANTA CATARINA,2022-07-01,19.31
1804,RIO GRANDE DO SUL,2022-07-01,23.22
1805,MATO GROSSO DO SUL,2022-07-01,19.97
1806,MATO GROSSO,2022-07-01,18.97
1807,GOIÁS,2022-07-01,16.4
1808,DISTRITO FEDERAL,2022-07-01,20.23
1809,RONDÔNIA,2022-08-01,13.36
1810,ACRE,2022-08-01,15.59
1811,AMAZONAS,2022-08-01,17.83
1812,RORAIMA,2022-08-01,19.58
1813,PARÁ,2022-08-01,19.19
1814,AMAPÁ,2022-08-01,19.67
1815,TOCANTINS,2022-08-01,15.81
1816,MARANHÃO,2022-08-01,18.98
1817,PIAUÍ,2022-08-01,28.75
1818,CEARÁ,2022-08-01,24.33
1819,RIO GRANDE DO NORTE,2022-08-01,25.39
1820,PARAÍBA,2022-08-01,28.58
1821,PERNAMBUCO,2022-08-01,32.6
1822,ALAGOAS,2022-08-01,25.0
1823,SERGIPE,2022-08-01,33.16
1824,BAHIA,2022-08-01,29.51
1825,MINAS GERAIS,2022-08-01,24.27
1826,ESPÍRITO SANTO,2022-08-01,21.84
1827,RIO DE JANEIRO,2022-08-01,35.4
1828,SÃO PAULO,2022-08-01,25.54
1829,PARANÁ,2022-08-01,21.67
1830,SANTA CATARINA,2022-08-01,20.8
1831,RIO GRANDE DO SUL,2022-08-01,25.08
1832,MATO GROSSO DO SUL,2022-08-01,21.16
1833,MATO GROSSO,2022-08-01,20.7
1834,GOIÁS,2022-08-01,17.61
1835,DISTRITO FEDERAL,2022-08-01,21.87
1836,RONDÔNIA,2022-09-01,13.53
1837,ACRE,2022-09-01,15.6
1838,AMAZONAS,2022-09-01,17.99
1839,RORAIMA,2022-09-01,19.64
1840,PARÁ,2022-09-01,19.44
1841,AMAPÁ,2022-09-01,19.81
1842,TOCANTINS,2022-09-01,15.9
1843,MARANHÃO,2022-09-01,19.25
1844,PIAUÍ,2022-09-01,28.93
1845,CEARÁ,2022-09-01,24.62
1846,RIO GRANDE DO NORTE,2022-09-01,25.54
1847,PARAÍBA,2022-09-01,28.78
1848,PERNAMBUCO,2022-09-01,32.9
1849,ALAGOAS,2022-09-01,25.21
1850,SERGIPE,2022-09-01,33.5
1851,BAHIA,2022-09-01,29.75
1852,MINAS GERAIS,2022-09-01,24.25
1853,ESPÍRITO SANTO,2022-09-01,21.76
1854,RIO DE JANEIRO,2022-09-01,35.17
1855,SÃO PAULO,2022-09-01,25.39
1856,PARANÁ,2022-09-01,21.62
1857,SANTA CATARINA,2022-09-01,20.58
1858,RIO GRANDE DO SUL,2022-09-01,24.91
1859,MATO GROSSO DO SUL,2022-09-01,21.15
1860,MATO GROSSO,2022-09-01,20.7
1861,GOIÁS,2022-09-01,17.54
1862,DISTRITO FEDERAL,2022-09-01,21.48
1863,RONDÔNIA,2022-10-01,13.65
1864,ACRE,2022-10-01,15.91
1865,AMAZONAS,2022-10-01,18.74
1866,RORAIMA,2022-10-01,19.76
1867,PARÁ,2022-10-01,19.87
1868,AMAPÁ,2022-10-01,19.78
1869,TOCANTINS,2022-10-01,16.26
1870,MARANHÃO,2022-10-01,19.89
1871,PIAUÍ,2022-10-01,29.35
1872,CEARÁ,2022-10-01,25.28
1873,RIO GRANDE DO NORTE,2022-10-01,26.11
1874,PARAÍBA,2022-10-01,29.45
1875,PERNAMBUCO,2022-10-01,33.53
1876,ALAGOAS,2022-10-01,25.86
1877,SERGIPE,2022-10-01,34.11
1878,BAHIA,2022-10-01,30.36
1879,MINAS GERAIS,2022-10-01,24.56
1880,ESPÍRITO SANTO,2022-10-01,22.07
1881,RIO DE JANEIRO,2022-10-01,35.47
1882,SÃO PAULO,2022-10-01,25.63
1883,PARANÁ,2022-10-01,21.98
1884,SANTA CATARINA,2022-10-01,20.68
1885,RIO GRANDE DO SUL,2022-10-01,25.3
1886,MATO GROSSO DO SUL,2022-10-01,21.34
1887,MATO GROSSO,2022-10-01,20.99
1888,GOIÁS,2022-10-01,17.76
1889,DISTRITO FEDERAL,2022-10-01,21.49
1890,RONDÔNIA,2022-11-01,13.96
1891,ACRE,2022-11-01,16.2
1892,AMAZONAS,2022-11-01,19.74
1893,RORAIMA,2022-11-01,19.9
1894,PARÁ,2022-11-01,20.5
1895,AMAPÁ,2022-11-01,20.08
1896,TOCANTINS,2022-11-01,16.28
1897,MARANHÃO,2022-11-01,20.35
1898,PIAUÍ,2022-11-01,29.69
1899,CEARÁ,2022-11-01,25.72
1900,RIO GRANDE DO NORTE,2022-11-01,26.51
1901,PARAÍBA,2022-11-01,29.88
1902,PERNAMBUCO,2022-11-01,33.96
1903,ALAGOAS,2022-11-01,26.36
1904,SERGIPE,2022-11-01,34.36
1905,BAHIA,2022-11-01,30.69
1906,MINAS GERAIS,2022-11-01,24.85
1907,ESPÍRITO SANTO,2022-11-01,22.24
1908,RIO DE JANEIRO,2022-11-01,36.12
1909,SÃO PAULO,2022-11-01,25.94
1910,PARANÁ,2022-11-01,22.13
1911,SANTA CATARINA,2022-11-01,20.88
1912,RIO GRANDE DO SUL,2022-11-01,25.77
1913,MATO GROSSO DO SUL,2022-11-01,21.39
1914,MATO GROSSO,2022-11-01,21.06
1915,GOIÁS,2022-11-01,17.87
1916,DISTRITO FEDERAL,2022-11-01,22.02
1917,RONDÔNIA,2022-12-01,14.09
1918,ACRE,2022-12-01,16.27
1919,AMAZONAS,2022-12-01,19.83
1920,RORAIMA,2022-12-01,20.19
1921,PARÁ,2022-12-01,20.6
1922,AMAPÁ,2022-12-01,20.29
1923,TOCANTINS,2022-12-01,16.4
1924,MARANHÃO,2022-12-01,20.45
1925,PIAUÍ,2022-12-01,29.65
1926,CEARÁ,2022-12-01,25.85
1927,RIO GRANDE DO NORTE,2022-12-01,26.55
1928,PARAÍBA,2022-12-01,29.95
1929,PERNAMBUCO,2022-12-01,34.13
1930,ALAGOAS,2022-12-01,26.6
1931,SERGIPE,2022-12-01,34.42
1932,BAHIA,2022-12-01,30.82
1933,MINAS GERAIS,2022-12-01,25.02
1934,ESPÍRITO SANTO,2022-12-01,22.41
1935,RIO DE JANEIRO,2022-12-01,36.45
1936,SÃO PAULO,2022-12-01,26.12
1937,PARANÁ,2022-12-01,22.13
1938,SANTA CATARINA,2022-12-01,20.91
1939,RIO GRANDE DO SUL,2022-12-01,26.02
1940,MATO GROSSO DO SUL,2022-12-01,21.59
1941,MATO GROSSO,2022-12-01,21.12
1942,GOIÁS,2022-12-01,17.96
1943,DISTRITO FEDERAL,2022-12-01,22.21
1944,RONDÔNIA,2023-01-01,14.0
1945,ACRE,2023-01-01,16.09
1946,AMAZONAS,2023-01-01,19.64
1947,RORAIMA,2023-01-01,20.09
1948,PARÁ,2023-01-01,20.49
1949,AMAPÁ,2023-01-01,20.08
1950,TOCANTINS,2023-01-01,16.29
1951,MARANHÃO,2023-01-01,20.31
1952,PIAUÍ,2023-01-01,29.46
1953,CEARÁ,2023-01-01,25.77
1954,RIO GRANDE DO NORTE,2023-01-01,26.46
1955,PARAÍBA,2023-01-01,29.83
1956,PERNAMBUCO,2023-01-01,34.0
1957,ALAGOAS,2023-01-01,26.53
1958,SERGIPE,2023-01-01,34.28
1959,BAHIA,2023-01-01,30.74
1960,MINAS GERAIS,2023-01-01,24.92
1961,ESPÍRITO SANTO,2023-01-01,22.32
1962,RIO DE JANEIRO,2023-01-01,36.39
1963,SÃO PAULO,2023-01-01,26.03
1964,PARANÁ,2023-01-01,22.02
1965,SANTA CATARINA,2023-01-01,20.82
1966,RIO GRANDE DO SUL,2023-01-01,25.93
1967,MATO GROSSO DO SUL,2023-01-01,21.49
1968,MATO GROSSO,2023-01-01,20.98
1969,GOIÁS,2023-01-01,17.83
1970,DISTRITO FEDERAL,2023-01-01,22.1
1971,RONDÔNIA,2023-02-01,13.46
1972,ACRE,2023-02-01,15.13
1973,AMAZONAS,2023-02-01,18.68
1974,RORAIMA,2023-02-01,18.89
1975,PARÁ,2023-02-01,19.68
1976,AMAPÁ,2023-02-01,18.89
1977,TOCANTINS,2023-02-01,15.53
1978,MARANHÃO,2023-02-01,19.49
1979,PIAUÍ,2023-02-01,28.37
1980,CEARÁ,2023-02-01,24.86
1981,RIO GRANDE DO NORTE,2023-02-01,25.64
1982,PARAÍBA,2023-02-01,28.81
1983,PERNAMBUCO,2023-02-01,32.85
1984,ALAGOAS,2023-02-01,25.57
1985,SERGIPE,2023-02-01,33.09
1986,BAHIA,2023-02-01,29.76
1987,MINAS GERAIS,2023-02-01,24.2
1988,ESPÍRITO SANTO,2023-02-01,21.42
1989,RIO DE JANEIRO,2023-02-01,35.53
1990,SÃO PAULO,2023-02-01,25.53
1991,PARANÁ,2023-02-01,21.48
1992,SANTA CATARINA,2023-02-01,20.33
1993,RIO GRANDE DO SUL,2023-02-01,25.37
1994,MATO GROSSO DO SUL,2023-02-01,20.43
1995,MATO GROSSO,2023-02-01,19.97
1996,GOIÁS,2023-02-01,17.09
1997,DISTRITO FEDERAL,2023-02-01,20.9
1998,RONDÔNIA,2023-03-01,13.33
1999,ACRE,2023-03-01,14.91
2000,AMAZONAS,2023-03-01,18.4
2001,RORAIMA,2023-03-01,18.56
2002,PARÁ,2023-03-01,19.46
2003,AMAPÁ,2023-03-01,18.6
2004,TOCANTINS,2023-03-01,15.36
2005,MARANHÃO,2023-03-01,19.28
2006,PIAUÍ,2023-03-01,28.13
2007,CEARÁ,2023-03-01,24.81
2008,RIO GRANDE DO NORTE,2023-03-01,25.55
2009,PARAÍBA,2023-03-01,28.66
2010,PERNAMBUCO,2023-03-01,32.69
2011,ALAGOAS,2023-03-01,25.57
2012,SERGIPE,2023-03-01,32.92
2013,BAHIA,2023-03-01,29.63
2014,MINAS GERAIS,2023-03-01,24.02
2015,ESPÍRITO SANTO,2023-03-01,21.25
2016,RIO DE JANEIRO,2023-03-01,35.4
2017,SÃO PAULO,2023-03-01,25.41
2018,PARANÁ,2023-03-01,21.32
2019,SANTA CATARINA,2023-03-01,20.09
2020,RIO GRANDE DO SUL,2023-03-01,25.23
2021,MATO GROSSO DO SUL,2023-03-01,20.16
2022,MATO GROSSO,2023-03-01,19.68
2023,GOIÁS,2023-03-01,16.93
2024,DISTRITO FEDERAL,2023-03-01,20.75
2025,RONDÔNIA,2023-04-01,12.92
2026,ACRE,2023-04-01,14.45
2027,AMAZONAS,2023-04-01,17.65
2028,RORAIMA,2023-04-01,17.74
2029,PARÁ,2023-04-01,18.91
2030,AMAPÁ,2023-04-01,17.71
2031,TOCANTINS,2023-04-01,14.93
2032,MARANHÃO,2023-04-01,18.76
2033,PIAUÍ,2023-04-01,27.54
2034,CEARÁ,2023-04-01,24.31
2035,RIO GRANDE DO NORTE,2023-04-01,25.07
2036,PARAÍBA,2023-04-01,28.18
2037,PERNAMBUCO,2023-04-01,32.14
2038,ALAGOAS,2023-04-01,25.13
2039,SERGIPE,2023-04-01,32.33
2040,BAHIA,2023-04-01,29.16
2041,MINAS GERAIS,2023-04-01,23.46
2042,ESPÍRITO SANTO,2023-04-01,20.82
2043,RIO DE JANEIRO,2023-04-01,34.91
2044,SÃO PAULO,2023-04-01,24.91
2045,PARANÁ,2023-04-01,20.84
2046,SANTA CATARINA,2023-04-01,19.57
2047,RIO GRANDE DO SUL,2023-04-01,24.8
2048,MATO GROSSO DO SUL,2023-04-01,19.54
2049,MATO GROSSO,2023-04-01,19.14
2050,GOIÁS,2023-04-01,16.3
2051,DISTRITO FEDERAL,2023-04-01,20.14
2052,RONDÔNIA,2023-05-01,12.82
2053,ACRE,2023-05-01,14.12
2054,AMAZONAS,2023-05-01,17.19
2055,RORAIMA,2023-05-01,17.49
2056,PARÁ,2023-05-01,18.54
2057,AMAPÁ,2023-05-01,17.3
2058,TOCANTINS,2023-05-01,14.69
2059,MARANHÃO,2023-05-01,18.34
2060,PIAUÍ,2023-05-01,27.12
2061,CEARÁ,2023-05-01,24.02
2062,RIO GRANDE DO NORTE,2023-05-01,24.79
2063,PARAÍBA,2023-05-01,27.85
2064,PERNAMBUCO,2023-05-01,31.81
2065,ALAGOAS,2023-05-01,24.7
2066,SERGIPE,2023-05-01,32.0
2067,BAHIA,2023-05-01,28.85
2068,MINAS GERAIS,2023-05-01,23.22
2069,ESPÍRITO SANTO,2023-05-01,20.7
2070,RIO DE JANEIRO,2023-05-01,34.67
2071,SÃO PAULO,2023-05-01,24.72
2072,PARANÁ,2023-05-01,20.64
2073,SANTA CATARINA,2023-05-01,19.38
2074,RIO GRANDE DO SUL,2023-05-01,24.55
2075,MATO GROSSO DO SUL,2023-05-01,19.25
2076,MATO GROSSO,2023-05-01,18.84
2077,GOIÁS,2023-05-01,16.14
2078,DISTRITO FEDERAL,2023-05-01,19.97
2079,RONDÔNIA,2023-06-01,11.93
2080,ACRE,2023-06-01,12.51
2081,AMAZONAS,2023-06-01,15.66
2082,RORAIMA,2023-06-01,16.41
2083,PARÁ,2023-06-01,17.21
2084,AMAPÁ,2023-06-01,16.3
2085,TOCANTINS,2023-06-01,14.14
2086,MARANHÃO,2023-06-01,16.98
2087,PIAUÍ,2023-06-01,25.93
2088,CEARÁ,2023-06-01,23.11
2089,RIO GRANDE DO NORTE,2023-06-01,23.81
2090,PARAÍBA,2023-06-01,26.88
2091,PERNAMBUCO,2023-06-01,30.84
2092,ALAGOAS,2023-06-01,23.5
2093,SERGIPE,2023-06-01,30.85
2094,BAHIA,2023-06-01,27.54
2095,MINAS GERAIS,2023-06-01,22.08
2096,ESPÍRITO SANTO,2023-06-01,19.31
2097,RIO DE JANEIRO,2023-06-01,33.1
2098,SÃO PAULO,2023-06-01,23.41
2099,PARANÁ,2023-06-01,19.66
2100,SANTA CATARINA,2023-06-01,18.07
2101,RIO GRANDE DO SUL,2023-06-01,23.32
2102,MATO GROSSO DO SUL,2023-06-01,18.3
2103,MATO GROSSO,2023-06-01,17.32
2104,GOIÁS,2023-06-01,15.27
2105,DISTRITO FEDERAL,2023-06-01,19.1
2106,RONDÔNIA,2023-07-01,11.96
2107,ACRE,2023-07-01,12.25
2108,AMAZONAS,2023-07-01,15.6
2109,RORAIMA,2023-07-01,15.66
2110,PARÁ,2023-07-01,17.05
2111,AMAPÁ,2023-07-01,16.27
2112,TOCANTINS,2023-07-01,14.11
2113,MARANHÃO,2023-07-01,16.82
2114,PIAUÍ,2023-07-01,25.61
2115,CEARÁ,2023-07-01,23.04
2116,RIO GRANDE DO NORTE,2023-07-01,23.62
2117,PARAÍBA,2023-07-01,26.77
2118,PERNAMBUCO,2023-07-01,30.66
2119,ALAGOAS,2023-07-01,23.41
2120,SERGIPE,2023-07-01,30.65
2121,BAHIA,2023-07-01,27.26
2122,MINAS GERAIS,2023-07-01,21.89
2123,ESPÍRITO SANTO,2023-07-01,19.12
2124,RIO DE JANEIRO,2023-07-01,32.93
2125,SÃO PAULO,2023-07-01,22.92
2126,PARANÁ,2023-07-01,19.36
2127,SANTA CATARINA,2023-07-01,17.83
2128,RIO GRANDE DO SUL,2023-07-01,22.91
2129,MATO GROSSO DO SUL,2023-07-01,18.13
2130,MATO GROSSO,2023-07-01,17.2
2131,GOIÁS,2023-07-01,15.03
2132,DISTRITO FEDERAL,2023-07-01,19.16
2133,RONDÔNIA,2023-08-01,11.37
2134,ACRE,2023-08-01,11.07
2135,AMAZONAS,2023-08-01,14.19
2136,RORAIMA,2023-08-01,15.09
2137,PARÁ,2023-08-01,16.07
2138,AMAPÁ,2023-08-01,15.65
2139,TOCANTINS,2023-08-01,13.6
2140,MARANHÃO,2023-08-01,15.86
2141,PIAUÍ,2023-08-01,24.69
2142,CEARÁ,2023-08-01,22.04
2143,RIO GRANDE DO NORTE,2023-08-01,22.63
2144,PARAÍBA,2023-08-01,25.73
2145,PERNAMBUCO,2023-08-01,29.42
2146,ALAGOAS,2023-08-01,22.41
2147,SERGIPE,2023-08-01,29.28
2148,BAHIA,2023-08-01,26.05
2149,MINAS GERAIS,2023-08-01,20.78
2150,ESPÍRITO SANTO,2023-08-01,17.7
2151,RIO DE JANEIRO,2023-08-01,31.08
2152,SÃO PAULO,2023-08-01,21.59
2153,PARANÁ,2023-08-01,18.44
2154,SANTA CATARINA,2023-08-01,16.71
2155,RIO GRANDE DO SUL,2023-08-01,21.3
2156,MATO GROSSO DO SUL,2023-08-01,17.08
2157,MATO GROSSO,2023-08-01,15.88
2158,GOIÁS,2023-08-01,14.16
2159,DISTRITO FEDERAL,2023-08-01,16.69
2160,RONDÔNIA,2023-09-01,10.81
2161,ACRE,2023-09-01,9.88
2162,AMAZONAS,2023-09-01,13.25
2163,RORAIMA,2023-09-01,14.36
2164,PARÁ,2023-09-01,14.95
2165,AMAPÁ,2023-09-01,14.86
2166,TOCANTINS,2023-09-01,12.95
2167,MARANHÃO,2023-09-01,14.61
2168,PIAUÍ,2023-09-01,23.34
2169,CEARÁ,2023-09-01,21.07
2170,RIO GRANDE DO NORTE,2023-09-01,21.54
2171,PARAÍBA,2023-09-01,24.59
2172,PERNAMBUCO,2023-09-01,28.1
2173,ALAGOAS,2023-09-01,20.94
2174,SERGIPE,2023-09-01,27.92
2175,BAHIA,2023-09-01,24.67
2176,MINAS GERAIS,2023-09-01,19.85
2177,ESPÍRITO SANTO,2023-09-01,16.7
2178,RIO DE JANEIRO,2023-09-01,29.19
2179,SÃO PAULO,2023-09-01,20.66
2180,PARANÁ,2023-09-01,17.84
2181,SANTA CATARINA,2023-09-01,16.1
2182,RIO GRANDE DO SUL,2023-09-01,20.52
2183,MATO GROSSO DO SUL,2023-09-01,16.51
2184,MATO GROSSO,2023-09-01,15.15
2185,GOIÁS,2023-09-01,13.5
2186,DISTRITO FEDERAL,2023-09-01,16.51
2187,RONDÔNIA,2023-10-01,10.54
2188,ACRE,2023-10-01,8.88
2189,AMAZONAS,2023-10-01,13.27
2190,RORAIMA,2023-10-01,13.77
2191,PARÁ,2023-10-01,14.14
2192,AMAPÁ,2023-10-01,13.99
2193,TOCANTINS,2023-10-01,12.31
2194,MARANHÃO,2023-10-01,13.64
2195,PIAUÍ,2023-10-01,22.11
2196,CEARÁ,2023-10-01,20.14
2197,RIO GRANDE DO NORTE,2023-10-01,20.61
2198,PARAÍBA,2023-10-01,23.54
2199,PERNAMBUCO,2023-10-01,26.9
2200,ALAGOAS,2023-10-01,19.91
2201,SERGIPE,2023-10-01,26.65
2202,BAHIA,2023-10-01,23.42
2203,MINAS GERAIS,2023-10-01,18.89
2204,ESPÍRITO SANTO,2023-10-01,15.63
2205,RIO DE JANEIRO,2023-10-01,27.61
2206,SÃO PAULO,2023-10-01,19.71
2207,PARANÁ,2023-10-01,17.19
2208,SANTA CATARINA,2023-10-01,15.95
2209,RIO GRANDE DO SUL,2023-10-01,19.45
2210,MATO GROSSO DO SUL,2023-10-01,15.67
2211,MATO GROSSO,2023-10-01,14.4
2212,GOIÁS,2023-10-01,13.19
2213,DISTRITO FEDERAL,2023-10-01,15.99
2214,RONDÔNIA,2023-11-01,10.46
2215,ACRE,2023-11-01,8.52
2216,AMAZONAS,2023-11-01,12.62
2217,RORAIMA,2023-11-01,12.95
2218,PARÁ,2023-11-01,13.75
2219,AMAPÁ,2023-11-01,13.65
2220,TOCANTINS,2023-11-01,11.94
2221,MARANHÃO,2023-11-01,13.22
2222,PIAUÍ,2023-11-01,21.48
2223,CEARÁ,2023-11-01,19.76
2224,RIO GRANDE DO NORTE,2023-11-01,20.16
2225,PARAÍBA,2023-11-01,22.86
2226,PERNAMBUCO,2023-11-01,26.21
2227,ALAGOAS,2023-11-01,19.21
2228,SERGIPE,2023-11-01,25.93
2229,BAHIA,2023-11-01,22.76
2230,MINAS GERAIS,2023-11-01,18.19
2231,ESPÍRITO SANTO,2023-11-01,15.26
2232,RIO DE JANEIRO,2023-11-01,26.83
2233,SÃO PAULO,2023-11-01,18.91
2234,PARANÁ,2023-11-01,16.84
2235,SANTA CATARINA,2023-11-01,15.01
2236,RIO GRANDE DO SUL,2023-11-01,18.9
2237,MATO GROSSO DO SUL,2023-11-01,15.26
2238,MATO GROSSO,2023-11-01,13.95
2239,GOIÁS,2023-11-01,13.16
2240,DISTRITO FEDERAL,2023-11-01,15.96
2241,RONDÔNIA,2023-12-01,10.6
2242,ACRE,2023-12-01,8.61
2243,AMAZONAS,2023-12-01,12.72
2244,RORAIMA,2023-12-01,13.03
2245,PARÁ,2023-12-01,13.88
2246,AMAPÁ,2023-12-01,13.86
2247,TOCANTINS,2023-12-01,12.02
2248,MARANHÃO,2023-12-01,13.45
2249,PIAUÍ,2023-12-01,21.68
2250,CEARÁ,2023-12-01,20.05
2251,RIO GRANDE DO NORTE,2023-12-01,20.5
2252,PARAÍBA,2023-12-01,23.01
2253,PERNAMBUCO,2023-12-01,26.41
2254,ALAGOAS,2023-12-01,19.58
2255,SERGIPE,2023-12-01,26.12
2256,BAHIA,2023-12-01,23.02
2257,MINAS GERAIS,2023-12-01,18.38
2258,ESPÍRITO SANTO,2023-12-01,15.47
2259,RIO DE JANEIRO,2023-12-01,27.11
2260,SÃO PAULO,2023-12-01,19.13
2261,PARANÁ,2023-12-01,16.99
2262,SANTA CATARINA,2023-12-01,15.12
2263,RIO GRANDE DO SUL,2023-12-01,19.11
2264,MATO GROSSO DO SUL,2023-12-01,15.37
2265,MATO GROSSO,2023-12-01,14.03
2266,GOIÁS,2023-12-01,13.28
2267,DISTRITO FEDERAL,2023-12-01,16.21
2268,RONDÔNIA,2024-01-01,11.23
2269,ACRE,2024-01-01,9.13
2270,AMAZONAS,2024-01-01,12.99
2271,RORAIMA,2024-01-01,13.71
2272,PARÁ,2024-01-01,14.37
2273,AMAPÁ,2024-01-01,14.17
2274,TOCANTINS,2024-01-01,12.61
2275,MARANHÃO,2024-01-01,13.98
2276,PIAUÍ,2024-01-01,22.04
2277,CEARÁ,2024-01-01,20.46
2278,RIO GRANDE DO NORTE,2024-01-01,20.92
2279,PARAÍBA,2024-01-01,23.34
2280,PERNAMBUCO,2024-01-01,26.78
2281,ALAGOAS,2024-01-01,20.14
2282,SERGIPE,2024-01-01,26.46
2283,BAHIA,2024-01-01,23.42
2284,MINAS GERAIS,2024-01-01,18.81
2285,ESPÍRITO SANTO,2024-01-01,16.21
2286,RIO DE JANEIRO,2024-01-01,27.49
2287,SÃO PAULO,2024-01-01,19.65
2288,PARANÁ,2024-01-01,17.35
2289,SANTA CATARINA,2024-01-01,15.56
2290,RIO GRANDE DO SUL,2024-01-01,19.53
2291,MATO GROSSO DO SUL,2024-01-01,15.8
2292,MATO GROSSO,2024-01-01,14.41
2293,GOIÁS,2024-01-01,14.02
2294,DISTRITO FEDERAL,2024-01-01,16.3
2295,RONDÔNIA,2024-02-01,11.2
2296,ACRE,2024-02-01,8.97
2297,AMAZONAS,2024-02-01,12.77
2298,RORAIMA,2024-02-01,13.4
2299,PARÁ,2024-02-01,14.19
2300,AMAPÁ,2024-02-01,13.93
2301,TOCANTINS,2024-02-01,12.39
2302,MARANHÃO,2024-02-01,13.92
2303,PIAUÍ,2024-02-01,21.78
2304,CEARÁ,2024-02-01,20.32
2305,RIO GRANDE DO NORTE,2024-02-01,20.81
2306,PARAÍBA,2024-02-01,23.03
2307,PERNAMBUCO,2024-02-01,26.52
2308,ALAGOAS,2024-02-01,19.96
2309,SERGIPE,2024-02-01,26.25
2310,BAHIA,2024-02-01,23.2
2311,MINAS GERAIS,2024-02-01,18.58
2312,ESPÍRITO SANTO,2024-02-01,16.03
2313,RIO DE JANEIRO,2024-02-01,27.16
2314,SÃO PAULO,2024-02-01,19.42
2315,PARANÁ,2024-02-01,17.16
2316,SANTA CATARINA,2024-02-01,15.4
2317,RIO GRANDE DO SUL,2024-02-01,19.27
2318,MATO GROSSO DO SUL,2024-02-01,15.46
2319,MATO GROSSO,2024-02-01,14.15
2320,GOIÁS,2024-02-01,13.66
2321,DISTRITO FEDERAL,2024-02-01,15.94
2322,RONDÔNIA,2024-03-01,11.27
2323,ACRE,2024-03-01,8.93
2324,AMAZONAS,2024-03-01,12.56
2325,RORAIMA,2024-03-01,13.53
2326,PARÁ,2024-03-01,13.89
2327,AMAPÁ,2024-03-01,13.61
2328,TOCANTINS,2024-03-01,12.12
2329,MARANHÃO,2024-03-01,13.69
2330,PIAUÍ,2024-03-01,20.93
2331,CEARÁ,2024-03-01,19.92
2332,RIO GRANDE DO NORTE,2024-03-01,20.33
2333,PARAÍBA,2024-03-01,22.32
2334,PERNAMBUCO,2024-03-01,25.78
2335,ALAGOAS,2024-03-01,19.36
2336,SERGIPE,2024-03-01,25.68
2337,BAHIA,2024-03-01,22.74
2338,MINAS GERAIS,2024-03-01,18.04
2339,ESPÍRITO SANTO,2024-03-01,15.61
2340,RIO DE JANEIRO,2024-03-01,26.98
2341,SÃO PAULO,2024-03-01,18.94
2342,PARANÁ,2024-03-01,16.75
2343,SANTA CATARINA,2024-03-01,15.07
2344,RIO GRANDE DO SUL,2024-03-01,18.88
2345,MATO GROSSO DO SUL,2024-03-01,15.34
2346,MATO GROSSO,2024-03-01,13.81
2347,GOIÁS,2024-03-01,13.41
2348,DISTRITO FEDERAL,2024-03-01,15.67
