,Unidade Territorial,Referência,TAC
0,RONDÔNIA,2015-04-01,68.24
1,ACRE,2015-04-01,80.1
2,AMAZONAS,2015-04-01,78.79
3,RORAIMA,2015-04-01,76.34
4,PARÁ,2015-04-01,78.95
5,AMAPÁ,2015-04-01,81.66
6,TOCANTINS,2015-04-01,73.73
7,MARANHÃO,2015-04-01,75.97
8,PIAUÍ,2015-04-01,74.11
9,CEARÁ,2015-04-01,76.31
10,RIO GRANDE DO NORTE,2015-04-01,72.38
11,PARAÍBA,2015-04-01,77.54
12,PERNAMBUCO,2015-04-01,74.05
13,ALAGOAS,2015-04-01,70.21
14,SERGIPE,2015-04-01,76.96
15,BAHIA,2015-04-01,75.3
16,MINAS GERAIS,2015-04-01,66.95
17,ESPÍRITO SANTO,2015-04-01,66.88
18,RIO DE JANEIRO,2015-04-01,65.13
19,SÃO PAULO,2015-04-01,64.29
20,PARANÁ,2015-04-01,66.82
21,SANTA CATARINA,2015-04-01,58.38
22,RIO GRANDE DO SUL,2015-04-01,64.96
23,MATO GROSSO DO SUL,2015-04-01,70.49
24,MATO GROSSO,2015-04-01,68.39
25,GOIÁS,2015-04-01,67.41
26,DISTRITO FEDERAL,2015-04-01,46.57
27,RONDÔNIA,2015-05-01,67.08
28,ACRE,2015-05-01,79.08
29,AMAZONAS,2015-05-01,77.54
30,RORAIMA,2015-05-01,76.99
31,PARÁ,2015-05-01,77.89
32,AMAPÁ,2015-05-01,81.31
33,TOCANTINS,2015-05-01,73.13
34,MARANHÃO,2015-05-01,74.46
35,PIAUÍ,2015-05-01,72.75
36,CEARÁ,2015-05-01,75.65
37,RIO GRANDE DO NORTE,2015-05-01,71.55
38,PARAÍBA,2015-05-01,76.4
39,PERNAMBUCO,2015-05-01,73.45
40,ALAGOAS,2015-05-01,69.24
41,SERGIPE,2015-05-01,75.71
42,BAHIA,2015-05-01,74.55
43,MINAS GERAIS,2015-05-01,66.03
44,ESPÍRITO SANTO,2015-05-01,65.85
45,RIO DE JANEIRO,2015-05-01,64.31
46,SÃO PAULO,2015-05-01,63.61
47,PARANÁ,2015-05-01,66.36
48,SANTA CATARINA,2015-05-01,57.44
49,RIO GRANDE DO SUL,2015-05-01,64.32
50,MATO GROSSO DO SUL,2015-05-01,69.63
51,MATO GROSSO,2015-05-01,67.35
52,GOIÁS,2015-05-01,66.45
53,DISTRITO FEDERAL,2015-05-01,46.15
54,RONDÔNIA,2015-06-01,66.37
55,ACRE,2015-06-01,78.06
56,AMAZONAS,2015-06-01,76.73
57,RORAIMA,2015-06-01,77.23
58,PARÁ,2015-06-01,77.26
59,AMAPÁ,2015-06-01,81.17
60,TOCANTINS,2015-06-01,72.93
61,MARANHÃO,2015-06-01,73.69
62,PIAUÍ,2015-06-01,72.43
63,CEARÁ,2015-06-01,75.44
64,RIO GRANDE DO NORTE,2015-06-01,71.44
65,PARAÍBA,2015-06-01,76.08
66,PERNAMBUCO,2015-06-01,73.49
67,ALAGOAS,2015-06-01,69.02
68,SERGIPE,2015-06-01,75.27
69,BAHIA,2015-06-01,74.44
70,MINAS GERAIS,2015-06-01,66.15
71,ESPÍRITO SANTO,2015-06-01,65.3
72,RIO DE JANEIRO,2015-06-01,63.71
73,SÃO PAULO,2015-06-01,63.29
74,PARANÁ,2015-06-01,66.4
75,SANTA CATARINA,2015-06-01,56.88
76,RIO GRANDE DO SUL,2015-06-01,64.02
77,MATO GROSSO DO SUL,2015-06-01,69.24
78,MATO GROSSO,2015-06-01,66.95
79,GOIÁS,2015-06-01,66.21
80,DISTRITO FEDERAL,2015-06-01,45.81
81,RONDÔNIA,2015-07-01,68.11
82,ACRE,2015-07-01,80.88
83,AMAZONAS,2015-07-01,78.26
84,RORAIMA,2015-07-01,79.9
85,PARÁ,2015-07-01,78.88
86,AMAPÁ,2015-07-01,84.07
87,TOCANTINS,2015-07-01,75.38
88,MARANHÃO,2015-07-01,75.37
89,PIAUÍ,2015-07-01,74.59
90,CEARÁ,2015-07-01,77.93
91,RIO GRANDE DO NORTE,2015-07-01,74.73
92,PARAÍBA,2015-07-01,78.57
93,PERNAMBUCO,2015-07-01,76.5
94,ALAGOAS,2015-07-01,71.21
95,SERGIPE,2015-07-01,76.93
96,BAHIA,2015-07-01,77.2
97,MINAS GERAIS,2015-07-01,70.52
98,ESPÍRITO SANTO,2015-07-01,68.14
99,RIO DE JANEIRO,2015-07-01,66.76
100,SÃO PAULO,2015-07-01,66.39
101,PARANÁ,2015-07-01,69.39
102,SANTA CATARINA,2015-07-01,60.99
103,RIO GRANDE DO SUL,2015-07-01,67.47
104,MATO GROSSO DO SUL,2015-07-01,71.5
105,MATO GROSSO,2015-07-01,69.19
106,GOIÁS,2015-07-01,69.68
107,DISTRITO FEDERAL,2015-07-01,48.37
108,RONDÔNIA,2015-08-01,66.8
109,ACRE,2015-08-01,80.67
110,AMAZONAS,2015-08-01,77.21
111,RORAIMA,2015-08-01,79.9
112,PARÁ,2015-08-01,78.65
113,AMAPÁ,2015-08-01,83.56
114,TOCANTINS,2015-08-01,74.69
115,MARANHÃO,2015-08-01,74.55
116,PIAUÍ,2015-08-01,74.24
117,CEARÁ,2015-08-01,77.92
118,RIO GRANDE DO NORTE,2015-08-01,74.47
119,PARAÍBA,2015-08-01,77.75
120,PERNAMBUCO,2015-08-01,76.33
121,ALAGOAS,2015-08-01,71.14
122,SERGIPE,2015-08-01,76.4
123,BAHIA,2015-08-01,76.83
124,MINAS GERAIS,2015-08-01,70.39
125,ESPÍRITO SANTO,2015-08-01,67.64
126,RIO DE JANEIRO,2015-08-01,66.17
127,SÃO PAULO,2015-08-01,65.92
128,PARANÁ,2015-08-01,69.13
129,SANTA CATARINA,2015-08-01,60.51
130,RIO GRANDE DO SUL,2015-08-01,67.03
131,MATO GROSSO DO SUL,2015-08-01,70.73
132,MATO GROSSO,2015-08-01,68.7
133,GOIÁS,2015-08-01,69.17
134,DISTRITO FEDERAL,2015-08-01,47.93
135,RONDÔNIA,2015-09-01,66.36
136,ACRE,2015-09-01,80.61
137,AMAZONAS,2015-09-01,77.07
138,RORAIMA,2015-09-01,79.5
139,PARÁ,2015-09-01,78.46
140,AMAPÁ,2015-09-01,83.05
141,TOCANTINS,2015-09-01,74.7
142,MARANHÃO,2015-09-01,74.52
143,PIAUÍ,2015-09-01,74.45
144,CEARÁ,2015-09-01,78.32
145,RIO GRANDE DO NORTE,2015-09-01,75.05
146,PARAÍBA,2015-09-01,77.64
147,PERNAMBUCO,2015-09-01,76.85
148,ALAGOAS,2015-09-01,71.34
149,SERGIPE,2015-09-01,76.64
150,BAHIA,2015-09-01,77.21
151,MINAS GERAIS,2015-09-01,70.43
152,ESPÍRITO SANTO,2015-09-01,67.38
153,RIO DE JANEIRO,2015-09-01,66.25
154,SÃO PAULO,2015-09-01,65.81
155,PARANÁ,2015-09-01,68.83
156,SANTA CATARINA,2015-09-01,60.3
157,RIO GRANDE DO SUL,2015-09-01,66.89
158,MATO GROSSO DO SUL,2015-09-01,70.35
159,MATO GROSSO,2015-09-01,68.85
160,GOIÁS,2015-09-01,69.07
161,DISTRITO FEDERAL,2015-09-01,48.01
162,RONDÔNIA,2015-10-01,65.99
163,ACRE,2015-10-01,80.3
164,AMAZONAS,2015-10-01,76.75
165,RORAIMA,2015-10-01,79.35
166,PARÁ,2015-10-01,78.3
167,AMAPÁ,2015-10-01,82.16
168,TOCANTINS,2015-10-01,74.51
169,MARANHÃO,2015-10-01,74.42
170,PIAUÍ,2015-10-01,74.14
171,CEARÁ,2015-10-01,78.65
172,RIO GRANDE DO NORTE,2015-10-01,75.36
173,PARAÍBA,2015-10-01,77.36
174,PERNAMBUCO,2015-10-01,77.2
175,ALAGOAS,2015-10-01,71.69
176,SERGIPE,2015-10-01,76.89
177,BAHIA,2015-10-01,77.49
178,MINAS GERAIS,2015-10-01,70.52
179,ESPÍRITO SANTO,2015-10-01,67.27
180,RIO DE JANEIRO,2015-10-01,66.51
181,SÃO PAULO,2015-10-01,65.78
182,PARANÁ,2015-10-01,68.78
183,SANTA CATARINA,2015-10-01,60.21
184,RIO GRANDE DO SUL,2015-10-01,66.78
185,MATO GROSSO DO SUL,2015-10-01,70.02
186,MATO GROSSO,2015-10-01,68.7
187,GOIÁS,2015-10-01,68.85
188,DISTRITO FEDERAL,2015-10-01,48.13
189,RONDÔNIA,2015-11-01,66.99
190,ACRE,2015-11-01,81.05
191,AMAZONAS,2015-11-01,77.74
192,RORAIMA,2015-11-01,80.57
193,PARÁ,2015-11-01,79.66
194,AMAPÁ,2015-11-01,83.11
195,TOCANTINS,2015-11-01,75.58
196,MARANHÃO,2015-11-01,75.91
197,PIAUÍ,2015-11-01,75.27
198,CEARÁ,2015-11-01,79.93
199,RIO GRANDE DO NORTE,2015-11-01,76.56
200,PARAÍBA,2015-11-01,78.38
201,PERNAMBUCO,2015-11-01,78.48
202,ALAGOAS,2015-11-01,73.02
203,SERGIPE,2015-11-01,77.98
204,BAHIA,2015-11-01,78.76
205,MINAS GERAIS,2015-11-01,71.62
206,ESPÍRITO SANTO,2015-11-01,68.46
207,RIO DE JANEIRO,2015-11-01,67.94
208,SÃO PAULO,2015-11-01,67.11
209,PARANÁ,2015-11-01,69.98
210,SANTA CATARINA,2015-11-01,61.41
211,RIO GRANDE DO SUL,2015-11-01,67.85
212,MATO GROSSO DO SUL,2015-11-01,70.86
213,MATO GROSSO,2015-11-01,69.68
214,GOIÁS,2015-11-01,69.93
215,DISTRITO FEDERAL,2015-11-01,48.94
216,RONDÔNIA,2015-12-01,65.07
217,ACRE,2015-12-01,78.91
218,AMAZONAS,2015-12-01,75.7
219,RORAIMA,2015-12-01,78.65
220,PARÁ,2015-12-01,77.02
221,AMAPÁ,2015-12-01,81.49
222,TOCANTINS,2015-12-01,74.43
223,MARANHÃO,2015-12-01,73.7
224,PIAUÍ,2015-12-01,73.32
225,CEARÁ,2015-12-01,78.04
226,RIO GRANDE DO NORTE,2015-12-01,74.78
227,PARAÍBA,2015-12-01,75.97
228,PERNAMBUCO,2015-12-01,76.94
229,ALAGOAS,2015-12-01,71.27
230,SERGIPE,2015-12-01,76.08
231,BAHIA,2015-12-01,77.0
232,MINAS GERAIS,2015-12-01,69.83
233,ESPÍRITO SANTO,2015-12-01,66.88
234,RIO DE JANEIRO,2015-12-01,66.61
235,SÃO PAULO,2015-12-01,65.39
236,PARANÁ,2015-12-01,68.5
237,SANTA CATARINA,2015-12-01,60.25
238,RIO GRANDE DO SUL,2015-12-01,65.04
239,MATO GROSSO DO SUL,2015-12-01,68.59
240,MATO GROSSO,2015-12-01,67.73
241,GOIÁS,2015-12-01,68.0
242,DISTRITO FEDERAL,2015-12-01,47.67
243,RONDÔNIA,2016-01-01,67.57
244,ACRE,2016-01-01,80.55
245,AMAZONAS,2016-01-01,77.79
246,RORAIMA,2016-01-01,81.78
247,PARÁ,2016-01-01,78.29
248,AMAPÁ,2016-01-01,83.44
249,TOCANTINS,2016-01-01,77.21
250,MARANHÃO,2016-01-01,74.62
251,PIAUÍ,2016-01-01,75.37
252,CEARÁ,2016-01-01,78.77
253,RIO GRANDE DO NORTE,2016-01-01,75.89
254,PARAÍBA,2016-01-01,77.01
255,PERNAMBUCO,2016-01-01,78.29
256,ALAGOAS,2016-01-01,73.4
257,SERGIPE,2016-01-01,76.39
258,BAHIA,2016-01-01,77.96
259,MINAS GERAIS,2016-01-01,72.01
260,ESPÍRITO SANTO,2016-01-01,68.84
261,RIO DE JANEIRO,2016-01-01,68.64
262,SÃO PAULO,2016-01-01,67.18
263,PARANÁ,2016-01-01,70.4
264,SANTA CATARINA,2016-01-01,63.46
265,RIO GRANDE DO SUL,2016-01-01,67.25
266,MATO GROSSO DO SUL,2016-01-01,68.56
267,MATO GROSSO,2016-01-01,69.65
268,GOIÁS,2016-01-01,70.62
269,DISTRITO FEDERAL,2016-01-01,51.19
270,RONDÔNIA,2016-02-01,67.86
271,ACRE,2016-02-01,79.97
272,AMAZONAS,2016-02-01,77.05
273,RORAIMA,2016-02-01,83.68
274,PARÁ,2016-02-01,77.65
275,AMAPÁ,2016-02-01,83.31
276,TOCANTINS,2016-02-01,77.67
277,MARANHÃO,2016-02-01,73.81
278,PIAUÍ,2016-02-01,74.78
279,CEARÁ,2016-02-01,78.23
280,RIO GRANDE DO NORTE,2016-02-01,75.72
281,PARAÍBA,2016-02-01,76.58
282,PERNAMBUCO,2016-02-01,77.95
283,ALAGOAS,2016-02-01,73.13
284,SERGIPE,2016-02-01,76.04
285,BAHIA,2016-02-01,77.72
286,MINAS GERAIS,2016-02-01,72.58
287,ESPÍRITO SANTO,2016-02-01,69.15
288,RIO DE JANEIRO,2016-02-01,69.01
289,SÃO PAULO,2016-02-01,68.43
290,PARANÁ,2016-02-01,72.67
291,SANTA CATARINA,2016-02-01,65.68
292,RIO GRANDE DO SUL,2016-02-01,68.42
293,MATO GROSSO DO SUL,2016-02-01,70.05
294,MATO GROSSO,2016-02-01,70.89
295,GOIÁS,2016-02-01,70.79
296,DISTRITO FEDERAL,2016-02-01,51.99
297,RONDÔNIA,2016-03-01,66.96
298,ACRE,2016-03-01,79.32
299,AMAZONAS,2016-03-01,76.16
300,RORAIMA,2016-03-01,83.86
301,PARÁ,2016-03-01,76.69
302,AMAPÁ,2016-03-01,82.55
303,TOCANTINS,2016-03-01,76.93
304,MARANHÃO,2016-03-01,73.26
305,PIAUÍ,2016-03-01,73.96
306,CEARÁ,2016-03-01,77.44
307,RIO GRANDE DO NORTE,2016-03-01,75.05
308,PARAÍBA,2016-03-01,76.08
309,PERNAMBUCO,2016-03-01,77.51
310,ALAGOAS,2016-03-01,72.74
311,SERGIPE,2016-03-01,75.48
312,BAHIA,2016-03-01,77.24
313,MINAS GERAIS,2016-03-01,72.03
314,ESPÍRITO SANTO,2016-03-01,68.57
315,RIO DE JANEIRO,2016-03-01,68.6
316,SÃO PAULO,2016-03-01,67.91
317,PARANÁ,2016-03-01,72.14
318,SANTA CATARINA,2016-03-01,64.95
319,RIO GRANDE DO SUL,2016-03-01,67.65
320,MATO GROSSO DO SUL,2016-03-01,69.21
321,MATO GROSSO,2016-03-01,70.27
322,GOIÁS,2016-03-01,69.99
323,DISTRITO FEDERAL,2016-03-01,51.77
324,RONDÔNIA,2016-04-01,65.06
325,ACRE,2016-04-01,78.12
326,AMAZONAS,2016-04-01,74.08
327,RORAIMA,2016-04-01,82.92
328,PARÁ,2016-04-01,74.83
329,AMAPÁ,2016-04-01,80.77
330,TOCANTINS,2016-04-01,75.46
331,MARANHÃO,2016-04-01,71.43
332,PIAUÍ,2016-04-01,72.43
333,CEARÁ,2016-04-01,76.13
334,RIO GRANDE DO NORTE,2016-04-01,73.26
335,PARAÍBA,2016-04-01,74.9
336,PERNAMBUCO,2016-04-01,76.21
337,ALAGOAS,2016-04-01,71.6
338,SERGIPE,2016-04-01,74.06
339,BAHIA,2016-04-01,75.85
340,MINAS GERAIS,2016-04-01,70.67
341,ESPÍRITO SANTO,2016-04-01,67.14
342,RIO DE JANEIRO,2016-04-01,67.11
343,SÃO PAULO,2016-04-01,66.74
344,PARANÁ,2016-04-01,71.08
345,SANTA CATARINA,2016-04-01,63.71
346,RIO GRANDE DO SUL,2016-04-01,66.22
347,MATO GROSSO DO SUL,2016-04-01,67.56
348,MATO GROSSO,2016-04-01,68.77
349,GOIÁS,2016-04-01,68.1
350,DISTRITO FEDERAL,2016-04-01,51.84
351,RONDÔNIA,2016-05-01,64.2
352,ACRE,2016-05-01,77.9
353,AMAZONAS,2016-05-01,73.23
354,RORAIMA,2016-05-01,82.46
355,PARÁ,2016-05-01,74.18
356,AMAPÁ,2016-05-01,79.58
357,TOCANTINS,2016-05-01,74.88
358,MARANHÃO,2016-05-01,71.03
359,PIAUÍ,2016-05-01,72.12
360,CEARÁ,2016-05-01,75.88
361,RIO GRANDE DO NORTE,2016-05-01,72.62
362,PARAÍBA,2016-05-01,74.51
363,PERNAMBUCO,2016-05-01,75.87
364,ALAGOAS,2016-05-01,71.67
365,SERGIPE,2016-05-01,73.67
366,BAHIA,2016-05-01,75.43
367,MINAS GERAIS,2016-05-01,70.21
368,ESPÍRITO SANTO,2016-05-01,66.7
369,RIO DE JANEIRO,2016-05-01,66.79
370,SÃO PAULO,2016-05-01,66.42
371,PARANÁ,2016-05-01,70.79
372,SANTA CATARINA,2016-05-01,63.41
373,RIO GRANDE DO SUL,2016-05-01,65.58
374,MATO GROSSO DO SUL,2016-05-01,66.99
375,MATO GROSSO,2016-05-01,68.11
376,GOIÁS,2016-05-01,67.39
377,DISTRITO FEDERAL,2016-05-01,52.39
378,RONDÔNIA,2016-06-01,62.71
379,ACRE,2016-06-01,77.14
380,AMAZONAS,2016-06-01,72.24
381,RORAIMA,2016-06-01,81.07
382,PARÁ,2016-06-01,72.94
383,AMAPÁ,2016-06-01,77.86
384,TOCANTINS,2016-06-01,74.03
385,MARANHÃO,2016-06-01,70.63
386,PIAUÍ,2016-06-01,71.88
387,CEARÁ,2016-06-01,75.07
388,RIO GRANDE DO NORTE,2016-06-01,71.63
389,PARAÍBA,2016-06-01,73.97
390,PERNAMBUCO,2016-06-01,75.05
391,ALAGOAS,2016-06-01,71.45
392,SERGIPE,2016-06-01,72.94
393,BAHIA,2016-06-01,74.76
394,MINAS GERAIS,2016-06-01,69.43
395,ESPÍRITO SANTO,2016-06-01,65.72
396,RIO DE JANEIRO,2016-06-01,65.57
397,SÃO PAULO,2016-06-01,65.67
398,PARANÁ,2016-06-01,70.22
399,SANTA CATARINA,2016-06-01,62.47
400,RIO GRANDE DO SUL,2016-06-01,64.46
401,MATO GROSSO DO SUL,2016-06-01,65.95
402,MATO GROSSO,2016-06-01,66.96
403,GOIÁS,2016-06-01,66.52
404,DISTRITO FEDERAL,2016-06-01,51.23
405,RONDÔNIA,2016-07-01,61.77
406,ACRE,2016-07-01,76.69
407,AMAZONAS,2016-07-01,71.97
408,RORAIMA,2016-07-01,79.84
409,PARÁ,2016-07-01,72.3
410,AMAPÁ,2016-07-01,76.78
411,TOCANTINS,2016-07-01,73.61
412,MARANHÃO,2016-07-01,70.53
413,PIAUÍ,2016-07-01,71.34
414,CEARÁ,2016-07-01,74.23
415,RIO GRANDE DO NORTE,2016-07-01,70.99
416,PARAÍBA,2016-07-01,73.51
417,PERNAMBUCO,2016-07-01,74.43
418,ALAGOAS,2016-07-01,70.68
419,SERGIPE,2016-07-01,72.66
420,BAHIA,2016-07-01,74.39
421,MINAS GERAIS,2016-07-01,68.93
422,ESPÍRITO SANTO,2016-07-01,64.87
423,RIO DE JANEIRO,2016-07-01,64.94
424,SÃO PAULO,2016-07-01,65.4
425,PARANÁ,2016-07-01,69.96
426,SANTA CATARINA,2016-07-01,61.81
427,RIO GRANDE DO SUL,2016-07-01,63.49
428,MATO GROSSO DO SUL,2016-07-01,65.25
429,MATO GROSSO,2016-07-01,66.27
430,GOIÁS,2016-07-01,66.12
431,DISTRITO FEDERAL,2016-07-01,50.94
432,RONDÔNIA,2016-08-01,61.16
433,ACRE,2016-08-01,76.19
434,AMAZONAS,2016-08-01,71.38
435,RORAIMA,2016-08-01,78.01
436,PARÁ,2016-08-01,71.85
437,AMAPÁ,2016-08-01,75.43
438,TOCANTINS,2016-08-01,73.44
439,MARANHÃO,2016-08-01,70.26
440,PIAUÍ,2016-08-01,70.95
441,CEARÁ,2016-08-01,73.63
442,RIO GRANDE DO NORTE,2016-08-01,70.43
443,PARAÍBA,2016-08-01,73.25
444,PERNAMBUCO,2016-08-01,74.03
445,ALAGOAS,2016-08-01,70.3
446,SERGIPE,2016-08-01,72.44
447,BAHIA,2016-08-01,73.77
448,MINAS GERAIS,2016-08-01,68.5
449,ESPÍRITO SANTO,2016-08-01,64.12
450,RIO DE JANEIRO,2016-08-01,64.08
451,SÃO PAULO,2016-08-01,64.98
452,PARANÁ,2016-08-01,69.65
453,SANTA CATARINA,2016-08-01,61.2
454,RIO GRANDE DO SUL,2016-08-01,62.92
455,MATO GROSSO DO SUL,2016-08-01,64.79
456,MATO GROSSO,2016-08-01,65.78
457,GOIÁS,2016-08-01,65.82
458,DISTRITO FEDERAL,2016-08-01,50.33
459,RONDÔNIA,2016-09-01,63.06
460,ACRE,2016-09-01,76.63
461,AMAZONAS,2016-09-01,71.75
462,RORAIMA,2016-09-01,78.24
463,PARÁ,2016-09-01,72.17
464,AMAPÁ,2016-09-01,75.68
465,TOCANTINS,2016-09-01,75.54
466,MARANHÃO,2016-09-01,71.33
467,PIAUÍ,2016-09-01,71.54
468,CEARÁ,2016-09-01,74.95
469,RIO GRANDE DO NORTE,2016-09-01,71.43
470,PARAÍBA,2016-09-01,74.24
471,PERNAMBUCO,2016-09-01,74.75
472,ALAGOAS,2016-09-01,71.25
473,SERGIPE,2016-09-01,73.4
474,BAHIA,2016-09-01,74.46
475,MINAS GERAIS,2016-09-01,70.92
476,ESPÍRITO SANTO,2016-09-01,66.08
477,RIO DE JANEIRO,2016-09-01,65.3
478,SÃO PAULO,2016-09-01,67.57
479,PARANÁ,2016-09-01,74.28
480,SANTA CATARINA,2016-09-01,64.6
481,RIO GRANDE DO SUL,2016-09-01,65.19
482,MATO GROSSO DO SUL,2016-09-01,68.03
483,MATO GROSSO,2016-09-01,68.9
484,GOIÁS,2016-09-01,68.68
485,DISTRITO FEDERAL,2016-09-01,51.48
486,RONDÔNIA,2016-10-01,63.11
487,ACRE,2016-10-01,76.37
488,AMAZONAS,2016-10-01,72.01
489,RORAIMA,2016-10-01,77.21
490,PARÁ,2016-10-01,72.01
491,AMAPÁ,2016-10-01,75.06
492,TOCANTINS,2016-10-01,75.88
493,MARANHÃO,2016-10-01,72.28
494,PIAUÍ,2016-10-01,72.0
495,CEARÁ,2016-10-01,75.17
496,RIO GRANDE DO NORTE,2016-10-01,71.62
497,PARAÍBA,2016-10-01,75.13
498,PERNAMBUCO,2016-10-01,74.76
499,ALAGOAS,2016-10-01,72.32
500,SERGIPE,2016-10-01,73.78
501,BAHIA,2016-10-01,74.58
502,MINAS GERAIS,2016-10-01,71.24
503,ESPÍRITO SANTO,2016-10-01,65.67
504,RIO DE JANEIRO,2016-10-01,65.48
505,SÃO PAULO,2016-10-01,67.83
506,PARANÁ,2016-10-01,74.3
507,SANTA CATARINA,2016-10-01,64.5
508,RIO GRANDE DO SUL,2016-10-01,64.76
509,MATO GROSSO DO SUL,2016-10-01,67.82
510,MATO GROSSO,2016-10-01,68.85
511,GOIÁS,2016-10-01,69.06
512,DISTRITO FEDERAL,2016-10-01,50.75
513,RONDÔNIA,2016-11-01,63.52
514,ACRE,2016-11-01,76.7
515,AMAZONAS,2016-11-01,72.76
516,RORAIMA,2016-11-01,76.99
517,PARÁ,2016-11-01,72.63
518,AMAPÁ,2016-11-01,74.75
519,TOCANTINS,2016-11-01,76.45
520,MARANHÃO,2016-11-01,73.65
521,PIAUÍ,2016-11-01,73.24
522,CEARÁ,2016-11-01,76.02
523,RIO GRANDE DO NORTE,2016-11-01,72.48
524,PARAÍBA,2016-11-01,76.57
525,PERNAMBUCO,2016-11-01,75.33
526,ALAGOAS,2016-11-01,73.43
527,SERGIPE,2016-11-01,74.63
528,BAHIA,2016-11-01,75.16
529,MINAS GERAIS,2016-11-01,72.02
530,ESPÍRITO SANTO,2016-11-01,65.53
531,RIO DE JANEIRO,2016-11-01,66.2
532,SÃO PAULO,2016-11-01,68.36
533,PARANÁ,2016-11-01,74.35
534,SANTA CATARINA,2016-11-01,64.77
535,RIO GRANDE DO SUL,2016-11-01,64.93
536,MATO GROSSO DO SUL,2016-11-01,68.29
537,MATO GROSSO,2016-11-01,69.03
538,GOIÁS,2016-11-01,69.86
539,DISTRITO FEDERAL,2016-11-01,49.64
540,RONDÔNIA,2016-12-01,69.31
541,ACRE,2016-12-01,79.69
542,AMAZONAS,2016-12-01,75.42
543,RORAIMA,2016-12-01,78.56
544,PARÁ,2016-12-01,76.24
545,AMAPÁ,2016-12-01,76.86
546,TOCANTINS,2016-12-01,81.38
547,MARANHÃO,2016-12-01,78.6
548,PIAUÍ,2016-12-01,77.86
549,CEARÁ,2016-12-01,79.8
550,RIO GRANDE DO NORTE,2016-12-01,77.65
551,PARAÍBA,2016-12-01,81.56
552,PERNAMBUCO,2016-12-01,79.51
553,ALAGOAS,2016-12-01,78.01
554,SERGIPE,2016-12-01,79.16
555,BAHIA,2016-12-01,79.52
556,MINAS GERAIS,2016-12-01,78.17
557,ESPÍRITO SANTO,2016-12-01,70.85
558,RIO DE JANEIRO,2016-12-01,72.43
559,SÃO PAULO,2016-12-01,74.48
560,PARANÁ,2016-12-01,80.12
561,SANTA CATARINA,2016-12-01,70.62
562,RIO GRANDE DO SUL,2016-12-01,71.01
563,MATO GROSSO DO SUL,2016-12-01,74.42
564,MATO GROSSO,2016-12-01,74.85
565,GOIÁS,2016-12-01,75.67
566,DISTRITO FEDERAL,2016-12-01,60.89
567,RONDÔNIA,2017-01-01,65.89
568,ACRE,2017-01-01,78.27
569,AMAZONAS,2017-01-01,74.11
570,RORAIMA,2017-01-01,75.98
571,PARÁ,2017-01-01,74.99
572,AMAPÁ,2017-01-01,75.88
573,TOCANTINS,2017-01-01,77.54
574,MARANHÃO,2017-01-01,76.35
575,PIAUÍ,2017-01-01,75.93
576,CEARÁ,2017-01-01,77.06
577,RIO GRANDE DO NORTE,2017-01-01,75.1
578,PARAÍBA,2017-01-01,79.24
579,PERNAMBUCO,2017-01-01,77.46
580,ALAGOAS,2017-01-01,76.62
581,SERGIPE,2017-01-01,76.85
582,BAHIA,2017-01-01,77.26
583,MINAS GERAIS,2017-01-01,73.99
584,ESPÍRITO SANTO,2017-01-01,67.32
585,RIO DE JANEIRO,2017-01-01,70.02
586,SÃO PAULO,2017-01-01,70.84
587,PARANÁ,2017-01-01,73.51
588,SANTA CATARINA,2017-01-01,65.49
589,RIO GRANDE DO SUL,2017-01-01,67.0
590,MATO GROSSO DO SUL,2017-01-01,68.85
591,MATO GROSSO,2017-01-01,69.85
592,GOIÁS,2017-01-01,71.55
593,DISTRITO FEDERAL,2017-01-01,59.22
594,RONDÔNIA,2017-02-01,65.35
595,ACRE,2017-02-01,77.98
596,AMAZONAS,2017-02-01,73.89
597,RORAIMA,2017-02-01,75.22
598,PARÁ,2017-02-01,74.76
599,AMAPÁ,2017-02-01,76.56
600,TOCANTINS,2017-02-01,76.62
601,MARANHÃO,2017-02-01,76.14
602,PIAUÍ,2017-02-01,75.0
603,CEARÁ,2017-02-01,76.3
604,RIO GRANDE DO NORTE,2017-02-01,74.63
605,PARAÍBA,2017-02-01,78.67
606,PERNAMBUCO,2017-02-01,77.04
607,ALAGOAS,2017-02-01,76.52
608,SERGIPE,2017-02-01,76.46
609,BAHIA,2017-02-01,77.07
610,MINAS GERAIS,2017-02-01,73.34
611,ESPÍRITO SANTO,2017-02-01,66.56
612,RIO DE JANEIRO,2017-02-01,69.82
613,SÃO PAULO,2017-02-01,70.59
614,PARANÁ,2017-02-01,72.78
615,SANTA CATARINA,2017-02-01,65.17
616,RIO GRANDE DO SUL,2017-02-01,66.54
617,MATO GROSSO DO SUL,2017-02-01,68.08
618,MATO GROSSO,2017-02-01,69.08
619,GOIÁS,2017-02-01,70.98
620,DISTRITO FEDERAL,2017-02-01,59.06
621,RONDÔNIA,2017-03-01,64.56
622,ACRE,2017-03-01,77.89
623,AMAZONAS,2017-03-01,72.94
624,RORAIMA,2017-03-01,74.06
625,PARÁ,2017-03-01,74.25
626,AMAPÁ,2017-03-01,76.21
627,TOCANTINS,2017-03-01,75.71
628,MARANHÃO,2017-03-01,75.36
629,PIAUÍ,2017-03-01,73.89
630,CEARÁ,2017-03-01,75.34
631,RIO GRANDE DO NORTE,2017-03-01,73.95
632,PARAÍBA,2017-03-01,77.32
633,PERNAMBUCO,2017-03-01,76.18
634,ALAGOAS,2017-03-01,75.58
635,SERGIPE,2017-03-01,75.8
636,BAHIA,2017-03-01,76.45
637,MINAS GERAIS,2017-03-01,72.41
638,ESPÍRITO SANTO,2017-03-01,65.68
639,RIO DE JANEIRO,2017-03-01,68.98
640,SÃO PAULO,2017-03-01,70.09
641,PARANÁ,2017-03-01,72.01
642,SANTA CATARINA,2017-03-01,64.38
643,RIO GRANDE DO SUL,2017-03-01,65.51
644,MATO GROSSO DO SUL,2017-03-01,67.08
645,MATO GROSSO,2017-03-01,68.35
646,GOIÁS,2017-03-01,70.45
647,DISTRITO FEDERAL,2017-03-01,58.76
648,RONDÔNIA,2017-04-01,64.0
649,ACRE,2017-04-01,77.48
650,AMAZONAS,2017-04-01,72.47
651,RORAIMA,2017-04-01,72.7
652,PARÁ,2017-04-01,73.82
653,AMAPÁ,2017-04-01,75.78
654,TOCANTINS,2017-04-01,75.78
655,MARANHÃO,2017-04-01,74.95
656,PIAUÍ,2017-04-01,73.48
657,CEARÁ,2017-04-01,74.96
658,RIO GRANDE DO NORTE,2017-04-01,73.54
659,PARAÍBA,2017-04-01,76.72
660,PERNAMBUCO,2017-04-01,75.61
661,ALAGOAS,2017-04-01,74.91
662,SERGIPE,2017-04-01,75.61
663,BAHIA,2017-04-01,76.04
664,MINAS GERAIS,2017-04-01,71.97
665,ESPÍRITO SANTO,2017-04-01,64.91
666,RIO DE JANEIRO,2017-04-01,68.1
667,SÃO PAULO,2017-04-01,69.95
668,PARANÁ,2017-04-01,71.48
669,SANTA CATARINA,2017-04-01,64.08
670,RIO GRANDE DO SUL,2017-04-01,64.72
671,MATO GROSSO DO SUL,2017-04-01,66.19
672,MATO GROSSO,2017-04-01,68.19
673,GOIÁS,2017-04-01,70.64
674,DISTRITO FEDERAL,2017-04-01,58.47
675,RONDÔNIA,2017-05-01,63.71
676,ACRE,2017-05-01,76.86
677,AMAZONAS,2017-05-01,72.45
678,RORAIMA,2017-05-01,70.97
679,PARÁ,2017-05-01,73.67
680,AMAPÁ,2017-05-01,75.52
681,TOCANTINS,2017-05-01,76.02
682,MARANHÃO,2017-05-01,74.95
683,PIAUÍ,2017-05-01,73.93
684,CEARÁ,2017-05-01,74.73
685,RIO GRANDE DO NORTE,2017-05-01,73.35
686,PARAÍBA,2017-05-01,76.51
687,PERNAMBUCO,2017-05-01,75.42
688,ALAGOAS,2017-05-01,74.82
689,SERGIPE,2017-05-01,75.53
690,BAHIA,2017-05-01,75.98
691,MINAS GERAIS,2017-05-01,71.78
692,ESPÍRITO SANTO,2017-05-01,64.44
693,RIO DE JANEIRO,2017-05-01,67.72
694,SÃO PAULO,2017-05-01,69.74
695,PARANÁ,2017-05-01,71.07
696,SANTA CATARINA,2017-05-01,63.85
697,RIO GRANDE DO SUL,2017-05-01,64.22
698,MATO GROSSO DO SUL,2017-05-01,65.68
699,MATO GROSSO,2017-05-01,68.11
700,GOIÁS,2017-05-01,70.82
701,DISTRITO FEDERAL,2017-05-01,58.19
702,RONDÔNIA,2017-06-01,63.34
703,ACRE,2017-06-01,76.95
704,AMAZONAS,2017-06-01,72.45
705,RORAIMA,2017-06-01,69.6
706,PARÁ,2017-06-01,73.77
707,AMAPÁ,2017-06-01,75.66
708,TOCANTINS,2017-06-01,76.0
709,MARANHÃO,2017-06-01,75.01
710,PIAUÍ,2017-06-01,73.85
711,CEARÁ,2017-06-01,74.57
712,RIO GRANDE DO NORTE,2017-06-01,73.46
713,PARAÍBA,2017-06-01,76.27
714,PERNAMBUCO,2017-06-01,75.17
715,ALAGOAS,2017-06-01,74.54
716,SERGIPE,2017-06-01,75.32
717,BAHIA,2017-06-01,75.85
718,MINAS GERAIS,2017-06-01,71.55
719,ESPÍRITO SANTO,2017-06-01,64.09
720,RIO DE JANEIRO,2017-06-01,67.37
721,SÃO PAULO,2017-06-01,69.55
722,PARANÁ,2017-06-01,70.68
723,SANTA CATARINA,2017-06-01,63.58
724,RIO GRANDE DO SUL,2017-06-01,63.96
725,MATO GROSSO DO SUL,2017-06-01,65.33
726,MATO GROSSO,2017-06-01,67.87
727,GOIÁS,2017-06-01,70.8
728,DISTRITO FEDERAL,2017-06-01,58.57
729,RONDÔNIA,2017-07-01,62.9
730,ACRE,2017-07-01,76.62
731,AMAZONAS,2017-07-01,71.9
732,RORAIMA,2017-07-01,68.01
733,PARÁ,2017-07-01,73.65
734,AMAPÁ,2017-07-01,75.43
735,TOCANTINS,2017-07-01,75.64
736,MARANHÃO,2017-07-01,75.03
737,PIAUÍ,2017-07-01,73.66
738,CEARÁ,2017-07-01,74.16
739,RIO GRANDE DO NORTE,2017-07-01,73.19
740,PARAÍBA,2017-07-01,75.79
741,PERNAMBUCO,2017-07-01,74.87
742,ALAGOAS,2017-07-01,74.12
743,SERGIPE,2017-07-01,74.99
744,BAHIA,2017-07-01,75.8
745,MINAS GERAIS,2017-07-01,70.68
746,ESPÍRITO SANTO,2017-07-01,63.51
747,RIO DE JANEIRO,2017-07-01,66.28
748,SÃO PAULO,2017-07-01,69.21
749,PARANÁ,2017-07-01,70.08
750,SANTA CATARINA,2017-07-01,62.88
751,RIO GRANDE DO SUL,2017-07-01,63.14
752,MATO GROSSO DO SUL,2017-07-01,64.46
753,MATO GROSSO,2017-07-01,67.41
754,GOIÁS,2017-07-01,70.14
755,DISTRITO FEDERAL,2017-07-01,58.57
756,RONDÔNIA,2017-08-01,63.62
757,ACRE,2017-08-01,76.53
758,AMAZONAS,2017-08-01,73.73
759,RORAIMA,2017-08-01,67.33
760,PARÁ,2017-08-01,75.44
761,AMAPÁ,2017-08-01,76.52
762,TOCANTINS,2017-08-01,76.26
763,MARANHÃO,2017-08-01,76.9
764,PIAUÍ,2017-08-01,74.6
765,CEARÁ,2017-08-01,75.01
766,RIO GRANDE DO NORTE,2017-08-01,74.53
767,PARAÍBA,2017-08-01,77.23
768,PERNAMBUCO,2017-08-01,76.29
769,ALAGOAS,2017-08-01,75.14
770,SERGIPE,2017-08-01,76.35
771,BAHIA,2017-08-01,76.86
772,MINAS GERAIS,2017-08-01,71.19
773,ESPÍRITO SANTO,2017-08-01,64.0
774,RIO DE JANEIRO,2017-08-01,66.97
775,SÃO PAULO,2017-08-01,69.62
776,PARANÁ,2017-08-01,70.11
777,SANTA CATARINA,2017-08-01,63.22
778,RIO GRANDE DO SUL,2017-08-01,63.62
779,MATO GROSSO DO SUL,2017-08-01,64.91
780,MATO GROSSO,2017-08-01,67.94
781,GOIÁS,2017-08-01,70.91
782,DISTRITO FEDERAL,2017-08-01,58.97
783,RONDÔNIA,2017-09-01,72.41
784,ACRE,2017-09-01,82.06
785,AMAZONAS,2017-09-01,80.03
786,RORAIMA,2017-09-01,72.34
787,PARÁ,2017-09-01,80.45
788,AMAPÁ,2017-09-01,81.22
789,TOCANTINS,2017-09-01,82.17
790,MARANHÃO,2017-09-01,81.61
791,PIAUÍ,2017-09-01,79.63
792,CEARÁ,2017-09-01,80.11
793,RIO GRANDE DO NORTE,2017-09-01,80.09
794,PARAÍBA,2017-09-01,82.39
795,PERNAMBUCO,2017-09-01,81.1
796,ALAGOAS,2017-09-01,81.44
797,SERGIPE,2017-09-01,81.43
798,BAHIA,2017-09-01,81.81
799,MINAS GERAIS,2017-09-01,78.27
800,ESPÍRITO SANTO,2017-09-01,73.34
801,RIO DE JANEIRO,2017-09-01,75.41
802,SÃO PAULO,2017-09-01,77.81
803,PARANÁ,2017-09-01,78.33
804,SANTA CATARINA,2017-09-01,74.9
805,RIO GRANDE DO SUL,2017-09-01,73.43
806,MATO GROSSO DO SUL,2017-09-01,74.03
807,MATO GROSSO,2017-09-01,76.73
808,GOIÁS,2017-09-01,78.75
809,DISTRITO FEDERAL,2017-09-01,69.19
810,RONDÔNIA,2017-10-01,72.26
811,ACRE,2017-10-01,82.88
812,AMAZONAS,2017-10-01,80.61
813,RORAIMA,2017-10-01,71.63
814,PARÁ,2017-10-01,80.85
815,AMAPÁ,2017-10-01,82.35
816,TOCANTINS,2017-10-01,82.21
817,MARANHÃO,2017-10-01,81.75
818,PIAUÍ,2017-10-01,80.4
819,CEARÁ,2017-10-01,80.56
820,RIO GRANDE DO NORTE,2017-10-01,80.5
821,PARAÍBA,2017-10-01,82.95
822,PERNAMBUCO,2017-10-01,81.4
823,ALAGOAS,2017-10-01,81.63
824,SERGIPE,2017-10-01,81.62
825,BAHIA,2017-10-01,82.09
826,MINAS GERAIS,2017-10-01,78.55
827,ESPÍRITO SANTO,2017-10-01,73.47
828,RIO DE JANEIRO,2017-10-01,75.69
829,SÃO PAULO,2017-10-01,77.93
830,PARANÁ,2017-10-01,78.36
831,SANTA CATARINA,2017-10-01,74.86
832,RIO GRANDE DO SUL,2017-10-01,73.7
833,MATO GROSSO DO SUL,2017-10-01,74.01
834,MATO GROSSO,2017-10-01,76.55
835,GOIÁS,2017-10-01,78.78
836,DISTRITO FEDERAL,2017-10-01,69.7
837,RONDÔNIA,2017-11-01,72.14
838,ACRE,2017-11-01,83.54
839,AMAZONAS,2017-11-01,80.73
840,RORAIMA,2017-11-01,70.81
841,PARÁ,2017-11-01,80.83
842,AMAPÁ,2017-11-01,82.89
843,TOCANTINS,2017-11-01,82.36
844,MARANHÃO,2017-11-01,81.54
845,PIAUÍ,2017-11-01,80.57
846,CEARÁ,2017-11-01,80.92
847,RIO GRANDE DO NORTE,2017-11-01,80.82
848,PARAÍBA,2017-11-01,82.98
849,PERNAMBUCO,2017-11-01,81.5
850,ALAGOAS,2017-11-01,81.54
851,SERGIPE,2017-11-01,81.71
852,BAHIA,2017-11-01,82.22
853,MINAS GERAIS,2017-11-01,78.71
854,ESPÍRITO SANTO,2017-11-01,73.65
855,RIO DE JANEIRO,2017-11-01,75.88
856,SÃO PAULO,2017-11-01,77.76
857,PARANÁ,2017-11-01,78.47
858,SANTA CATARINA,2017-11-01,74.9
859,RIO GRANDE DO SUL,2017-11-01,74.06
860,MATO GROSSO DO SUL,2017-11-01,74.17
861,MATO GROSSO,2017-11-01,76.6
862,GOIÁS,2017-11-01,78.77
863,DISTRITO FEDERAL,2017-11-01,70.53
864,RONDÔNIA,2017-12-01,72.19
865,ACRE,2017-12-01,83.75
866,AMAZONAS,2017-12-01,81.06
867,RORAIMA,2017-12-01,71.32
868,PARÁ,2017-12-01,80.86
869,AMAPÁ,2017-12-01,83.67
870,TOCANTINS,2017-12-01,82.5
871,MARANHÃO,2017-12-01,81.17
872,PIAUÍ,2017-12-01,80.93
873,CEARÁ,2017-12-01,81.35
874,RIO GRANDE DO NORTE,2017-12-01,81.12
875,PARAÍBA,2017-12-01,83.04
876,PERNAMBUCO,2017-12-01,81.65
877,ALAGOAS,2017-12-01,81.77
878,SERGIPE,2017-12-01,81.89
879,BAHIA,2017-12-01,82.56
880,MINAS GERAIS,2017-12-01,78.94
881,ESPÍRITO SANTO,2017-12-01,74.31
882,RIO DE JANEIRO,2017-12-01,75.9
883,SÃO PAULO,2017-12-01,77.66
884,PARANÁ,2017-12-01,78.65
885,SANTA CATARINA,2017-12-01,74.87
886,RIO GRANDE DO SUL,2017-12-01,74.42
887,MATO GROSSO DO SUL,2017-12-01,74.59
888,MATO GROSSO,2017-12-01,76.79
889,GOIÁS,2017-12-01,78.94
890,DISTRITO FEDERAL,2017-12-01,70.44
891,RONDÔNIA,2018-01-01,72.12
892,ACRE,2018-01-01,83.8
893,AMAZONAS,2018-01-01,81.16
894,RORAIMA,2018-01-01,71.11
895,PARÁ,2018-01-01,80.83
896,AMAPÁ,2018-01-01,83.87
897,TOCANTINS,2018-01-01,82.5
898,MARANHÃO,2018-01-01,81.06
899,PIAUÍ,2018-01-01,80.95
900,CEARÁ,2018-01-01,81.52
901,RIO GRANDE DO NORTE,2018-01-01,81.34
902,PARAÍBA,2018-01-01,83.03
903,PERNAMBUCO,2018-01-01,81.96
904,ALAGOAS,2018-01-01,81.86
905,SERGIPE,2018-01-01,82.12
906,BAHIA,2018-01-01,82.68
907,MINAS GERAIS,2018-01-01,78.98
908,ESPÍRITO SANTO,2018-01-01,74.75
909,RIO DE JANEIRO,2018-01-01,75.82
910,SÃO PAULO,2018-01-01,77.43
911,PARANÁ,2018-01-01,78.59
912,SANTA CATARINA,2018-01-01,74.61
913,RIO GRANDE DO SUL,2018-01-01,74.43
914,MATO GROSSO DO SUL,2018-01-01,74.64
915,MATO GROSSO,2018-01-01,76.63
916,GOIÁS,2018-01-01,78.99
917,DISTRITO FEDERAL,2018-01-01,69.66
918,RONDÔNIA,2018-02-01,72.06
919,ACRE,2018-02-01,83.53
920,AMAZONAS,2018-02-01,81.08
921,RORAIMA,2018-02-01,71.23
922,PARÁ,2018-02-01,80.63
923,AMAPÁ,2018-02-01,84.08
924,TOCANTINS,2018-02-01,82.16
925,MARANHÃO,2018-02-01,80.53
926,PIAUÍ,2018-02-01,80.54
927,CEARÁ,2018-02-01,81.39
928,RIO GRANDE DO NORTE,2018-02-01,81.18
929,PARAÍBA,2018-02-01,82.69
930,PERNAMBUCO,2018-02-01,81.82
931,ALAGOAS,2018-02-01,81.58
932,SERGIPE,2018-02-01,81.8
933,BAHIA,2018-02-01,82.43
934,MINAS GERAIS,2018-02-01,78.82
935,ESPÍRITO SANTO,2018-02-01,74.82
936,RIO DE JANEIRO,2018-02-01,75.71
937,SÃO PAULO,2018-02-01,77.11
938,PARANÁ,2018-02-01,78.34
939,SANTA CATARINA,2018-02-01,74.37
940,RIO GRANDE DO SUL,2018-02-01,74.46
941,MATO GROSSO DO SUL,2018-02-01,74.37
942,MATO GROSSO,2018-02-01,76.34
943,GOIÁS,2018-02-01,78.73
944,DISTRITO FEDERAL,2018-02-01,68.81
945,RONDÔNIA,2018-03-01,76.81
946,ACRE,2018-03-01,86.05
947,AMAZONAS,2018-03-01,83.78
948,RORAIMA,2018-03-01,74.02
949,PARÁ,2018-03-01,82.76
950,AMAPÁ,2018-03-01,86.78
951,TOCANTINS,2018-03-01,84.63
952,MARANHÃO,2018-03-01,82.4
953,PIAUÍ,2018-03-01,82.77
954,CEARÁ,2018-03-01,83.4
955,RIO GRANDE DO NORTE,2018-03-01,83.63
956,PARAÍBA,2018-03-01,84.74
957,PERNAMBUCO,2018-03-01,83.5
958,ALAGOAS,2018-03-01,83.5
959,SERGIPE,2018-03-01,84.14
960,BAHIA,2018-03-01,84.33
961,MINAS GERAIS,2018-03-01,81.96
962,ESPÍRITO SANTO,2018-03-01,79.09
963,RIO DE JANEIRO,2018-03-01,79.2
964,SÃO PAULO,2018-03-01,80.38
965,PARANÁ,2018-03-01,81.79
966,SANTA CATARINA,2018-03-01,78.96
967,RIO GRANDE DO SUL,2018-03-01,79.28
968,MATO GROSSO DO SUL,2018-03-01,78.85
969,MATO GROSSO,2018-03-01,80.63
970,GOIÁS,2018-03-01,82.02
971,DISTRITO FEDERAL,2018-03-01,72.43
972,RONDÔNIA,2018-04-01,76.38
973,ACRE,2018-04-01,85.78
974,AMAZONAS,2018-04-01,83.34
975,RORAIMA,2018-04-01,75.2
976,PARÁ,2018-04-01,82.31
977,AMAPÁ,2018-04-01,86.57
978,TOCANTINS,2018-04-01,84.12
979,MARANHÃO,2018-04-01,81.86
980,PIAUÍ,2018-04-01,82.41
981,CEARÁ,2018-04-01,83.32
982,RIO GRANDE DO NORTE,2018-04-01,83.53
983,PARAÍBA,2018-04-01,84.31
984,PERNAMBUCO,2018-04-01,83.08
985,ALAGOAS,2018-04-01,82.71
986,SERGIPE,2018-04-01,83.85
987,BAHIA,2018-04-01,83.88
988,MINAS GERAIS,2018-04-01,81.54
989,ESPÍRITO SANTO,2018-04-01,79.01
990,RIO DE JANEIRO,2018-04-01,78.8
991,SÃO PAULO,2018-04-01,79.8
992,PARANÁ,2018-04-01,81.26
993,SANTA CATARINA,2018-04-01,78.38
994,RIO GRANDE DO SUL,2018-04-01,78.87
995,MATO GROSSO DO SUL,2018-04-01,78.26
996,MATO GROSSO,2018-04-01,80.12
997,GOIÁS,2018-04-01,81.55
998,DISTRITO FEDERAL,2018-04-01,70.94
999,RONDÔNIA,2018-05-01,75.89
1000,ACRE,2018-05-01,85.0
1001,AMAZONAS,2018-05-01,82.78
1002,RORAIMA,2018-05-01,75.11
1003,PARÁ,2018-05-01,81.75
1004,AMAPÁ,2018-05-01,86.32
1005,TOCANTINS,2018-05-01,83.76
1006,MARANHÃO,2018-05-01,81.07
1007,PIAUÍ,2018-05-01,81.88
1008,CEARÁ,2018-05-01,83.22
1009,RIO GRANDE DO NORTE,2018-05-01,83.2
1010,PARAÍBA,2018-05-01,83.76
1011,PERNAMBUCO,2018-05-01,82.56
1012,ALAGOAS,2018-05-01,81.66
1013,SERGIPE,2018-05-01,83.33
1014,BAHIA,2018-05-01,83.34
1015,MINAS GERAIS,2018-05-01,81.08
1016,ESPÍRITO SANTO,2018-05-01,78.7
1017,RIO DE JANEIRO,2018-05-01,78.3
1018,SÃO PAULO,2018-05-01,79.07
1019,PARANÁ,2018-05-01,80.94
1020,SANTA CATARINA,2018-05-01,77.48
1021,RIO GRANDE DO SUL,2018-05-01,78.43
1022,MATO GROSSO DO SUL,2018-05-01,77.95
1023,MATO GROSSO,2018-05-01,79.69
1024,GOIÁS,2018-05-01,81.04
1025,DISTRITO FEDERAL,2018-05-01,69.16
1026,RONDÔNIA,2018-06-01,75.69
1027,ACRE,2018-06-01,84.58
1028,AMAZONAS,2018-06-01,82.38
1029,RORAIMA,2018-06-01,75.25
1030,PARÁ,2018-06-01,81.67
1031,AMAPÁ,2018-06-01,85.84
1032,TOCANTINS,2018-06-01,83.53
1033,MARANHÃO,2018-06-01,80.57
1034,PIAUÍ,2018-06-01,81.67
1035,CEARÁ,2018-06-01,83.04
1036,RIO GRANDE DO NORTE,2018-06-01,82.95
1037,PARAÍBA,2018-06-01,83.19
1038,PERNAMBUCO,2018-06-01,82.12
1039,ALAGOAS,2018-06-01,81.06
1040,SERGIPE,2018-06-01,82.8
1041,BAHIA,2018-06-01,83.0
1042,MINAS GERAIS,2018-06-01,80.55
1043,ESPÍRITO SANTO,2018-06-01,78.7
1044,RIO DE JANEIRO,2018-06-01,77.86
1045,SÃO PAULO,2018-06-01,78.55
1046,PARANÁ,2018-06-01,80.62
1047,SANTA CATARINA,2018-06-01,76.88
1048,RIO GRANDE DO SUL,2018-06-01,77.99
1049,MATO GROSSO DO SUL,2018-06-01,77.74
1050,MATO GROSSO,2018-06-01,79.29
1051,GOIÁS,2018-06-01,80.42
1052,DISTRITO FEDERAL,2018-06-01,68.13
1053,RONDÔNIA,2018-07-01,74.86
1054,ACRE,2018-07-01,84.15
1055,AMAZONAS,2018-07-01,81.38
1056,RORAIMA,2018-07-01,74.73
1057,PARÁ,2018-07-01,80.97
1058,AMAPÁ,2018-07-01,84.98
1059,TOCANTINS,2018-07-01,82.92
1060,MARANHÃO,2018-07-01,79.37
1061,PIAUÍ,2018-07-01,81.03
1062,CEARÁ,2018-07-01,82.34
1063,RIO GRANDE DO NORTE,2018-07-01,82.31
1064,PARAÍBA,2018-07-01,82.56
1065,PERNAMBUCO,2018-07-01,81.51
1066,ALAGOAS,2018-07-01,80.52
1067,SERGIPE,2018-07-01,82.23
1068,BAHIA,2018-07-01,82.43
1069,MINAS GERAIS,2018-07-01,79.81
1070,ESPÍRITO SANTO,2018-07-01,78.06
1071,RIO DE JANEIRO,2018-07-01,76.8
1072,SÃO PAULO,2018-07-01,77.49
1073,PARANÁ,2018-07-01,79.84
1074,SANTA CATARINA,2018-07-01,75.95
1075,RIO GRANDE DO SUL,2018-07-01,77.2
1076,MATO GROSSO DO SUL,2018-07-01,77.06
1077,MATO GROSSO,2018-07-01,78.57
1078,GOIÁS,2018-07-01,79.6
1079,DISTRITO FEDERAL,2018-07-01,66.93
1080,RONDÔNIA,2018-08-01,79.32
1081,ACRE,2018-08-01,87.13
1082,AMAZONAS,2018-08-01,83.87
1083,RORAIMA,2018-08-01,77.81
1084,PARÁ,2018-08-01,82.97
1085,AMAPÁ,2018-08-01,86.23
1086,TOCANTINS,2018-08-01,85.96
1087,MARANHÃO,2018-08-01,81.22
1088,PIAUÍ,2018-08-01,83.33
1089,CEARÁ,2018-08-01,84.88
1090,RIO GRANDE DO NORTE,2018-08-01,85.31
1091,PARAÍBA,2018-08-01,85.56
1092,PERNAMBUCO,2018-08-01,83.9
1093,ALAGOAS,2018-08-01,83.29
1094,SERGIPE,2018-08-01,84.93
1095,BAHIA,2018-08-01,84.89
1096,MINAS GERAIS,2018-08-01,83.89
1097,ESPÍRITO SANTO,2018-08-01,82.09
1098,RIO DE JANEIRO,2018-08-01,80.53
1099,SÃO PAULO,2018-08-01,81.43
1100,PARANÁ,2018-08-01,84.72
1101,SANTA CATARINA,2018-08-01,81.65
1102,RIO GRANDE DO SUL,2018-08-01,82.11
1103,MATO GROSSO DO SUL,2018-08-01,82.32
1104,MATO GROSSO,2018-08-01,83.47
1105,GOIÁS,2018-08-01,83.76
1106,DISTRITO FEDERAL,2018-08-01,71.15
1107,RONDÔNIA,2018-09-01,79.74
1108,ACRE,2018-09-01,87.96
1109,AMAZONAS,2018-09-01,84.78
1110,RORAIMA,2018-09-01,78.02
1111,PARÁ,2018-09-01,84.08
1112,AMAPÁ,2018-09-01,86.09
1113,TOCANTINS,2018-09-01,86.44
1114,MARANHÃO,2018-09-01,82.45
1115,PIAUÍ,2018-09-01,84.56
1116,CEARÁ,2018-09-01,85.63
1117,RIO GRANDE DO NORTE,2018-09-01,86.15
1118,PARAÍBA,2018-09-01,86.6
1119,PERNAMBUCO,2018-09-01,85.22
1120,ALAGOAS,2018-09-01,83.99
1121,SERGIPE,2018-09-01,86.05
1122,BAHIA,2018-09-01,85.76
1123,MINAS GERAIS,2018-09-01,84.41
1124,ESPÍRITO SANTO,2018-09-01,82.49
1125,RIO DE JANEIRO,2018-09-01,81.5
1126,SÃO PAULO,2018-09-01,81.66
1127,PARANÁ,2018-09-01,84.8
1128,SANTA CATARINA,2018-09-01,81.56
1129,RIO GRANDE DO SUL,2018-09-01,82.52
1130,MATO GROSSO DO SUL,2018-09-01,82.74
1131,MATO GROSSO,2018-09-01,83.62
1132,GOIÁS,2018-09-01,83.94
1133,DISTRITO FEDERAL,2018-09-01,70.61
1134,RONDÔNIA,2018-10-01,79.36
1135,ACRE,2018-10-01,88.19
1136,AMAZONAS,2018-10-01,84.68
1137,RORAIMA,2018-10-01,78.17
1138,PARÁ,2018-10-01,84.35
1139,AMAPÁ,2018-10-01,86.65
1140,TOCANTINS,2018-10-01,86.24
1141,MARANHÃO,2018-10-01,82.47
1142,PIAUÍ,2018-10-01,84.64
1143,CEARÁ,2018-10-01,85.57
1144,RIO GRANDE DO NORTE,2018-10-01,86.06
1145,PARAÍBA,2018-10-01,86.54
1146,PERNAMBUCO,2018-10-01,85.36
1147,ALAGOAS,2018-10-01,83.87
1148,SERGIPE,2018-10-01,85.88
1149,BAHIA,2018-10-01,85.7
1150,MINAS GERAIS,2018-10-01,84.13
1151,ESPÍRITO SANTO,2018-10-01,82.48
1152,RIO DE JANEIRO,2018-10-01,81.44
1153,SÃO PAULO,2018-10-01,81.31
1154,PARANÁ,2018-10-01,84.56
1155,SANTA CATARINA,2018-10-01,81.1
1156,RIO GRANDE DO SUL,2018-10-01,82.42
1157,MATO GROSSO DO SUL,2018-10-01,82.63
1158,MATO GROSSO,2018-10-01,83.36
1159,GOIÁS,2018-10-01,83.54
1160,DISTRITO FEDERAL,2018-10-01,69.85
1161,RONDÔNIA,2018-11-01,79.1
1162,ACRE,2018-11-01,88.21
1163,AMAZONAS,2018-11-01,85.03
1164,RORAIMA,2018-11-01,78.53
1165,PARÁ,2018-11-01,84.37
1166,AMAPÁ,2018-11-01,87.19
1167,TOCANTINS,2018-11-01,86.09
1168,MARANHÃO,2018-11-01,82.74
1169,PIAUÍ,2018-11-01,84.67
1170,CEARÁ,2018-11-01,85.37
1171,RIO GRANDE DO NORTE,2018-11-01,85.99
1172,PARAÍBA,2018-11-01,86.41
1173,PERNAMBUCO,2018-11-01,85.43
1174,ALAGOAS,2018-11-01,83.79
1175,SERGIPE,2018-11-01,85.92
1176,BAHIA,2018-11-01,85.69
1177,MINAS GERAIS,2018-11-01,83.94
1178,ESPÍRITO SANTO,2018-11-01,82.44
1179,RIO DE JANEIRO,2018-11-01,81.59
1180,SÃO PAULO,2018-11-01,81.17
1181,PARANÁ,2018-11-01,84.5
1182,SANTA CATARINA,2018-11-01,80.81
1183,RIO GRANDE DO SUL,2018-11-01,82.37
1184,MATO GROSSO DO SUL,2018-11-01,82.68
1185,MATO GROSSO,2018-11-01,83.37
1186,GOIÁS,2018-11-01,83.3
1187,DISTRITO FEDERAL,2018-11-01,70.37
1188,RONDÔNIA,2018-12-01,82.12
1189,ACRE,2018-12-01,90.33
1190,AMAZONAS,2018-12-01,87.14
1191,RORAIMA,2018-12-01,81.32
1192,PARÁ,2018-12-01,86.05
1193,AMAPÁ,2018-12-01,89.19
1194,TOCANTINS,2018-12-01,87.73
1195,MARANHÃO,2018-12-01,84.1
1196,PIAUÍ,2018-12-01,86.16
1197,CEARÁ,2018-12-01,86.88
1198,RIO GRANDE DO NORTE,2018-12-01,87.73
1199,PARAÍBA,2018-12-01,87.73
1200,PERNAMBUCO,2018-12-01,87.33
1201,ALAGOAS,2018-12-01,85.59
1202,SERGIPE,2018-12-01,87.54
1203,BAHIA,2018-12-01,87.49
1204,MINAS GERAIS,2018-12-01,86.4
1205,ESPÍRITO SANTO,2018-12-01,86.02
1206,RIO DE JANEIRO,2018-12-01,84.5
1207,SÃO PAULO,2018-12-01,84.0
1208,PARANÁ,2018-12-01,87.74
1209,SANTA CATARINA,2018-12-01,84.9
1210,RIO GRANDE DO SUL,2018-12-01,85.7
1211,MATO GROSSO DO SUL,2018-12-01,86.02
1212,MATO GROSSO,2018-12-01,86.73
1213,GOIÁS,2018-12-01,86.06
1214,DISTRITO FEDERAL,2018-12-01,78.31
1215,RONDÔNIA,2019-01-01,82.24
1216,ACRE,2019-01-01,90.16
1217,AMAZONAS,2019-01-01,86.93
1218,RORAIMA,2019-01-01,81.48
1219,PARÁ,2019-01-01,85.77
1220,AMAPÁ,2019-01-01,89.16
1221,TOCANTINS,2019-01-01,87.65
1222,MARANHÃO,2019-01-01,84.29
1223,PIAUÍ,2019-01-01,85.98
1224,CEARÁ,2019-01-01,86.77
1225,RIO GRANDE DO NORTE,2019-01-01,87.65
1226,PARAÍBA,2019-01-01,87.52
1227,PERNAMBUCO,2019-01-01,87.33
1228,ALAGOAS,2019-01-01,85.05
1229,SERGIPE,2019-01-01,87.62
1230,BAHIA,2019-01-01,87.49
1231,MINAS GERAIS,2019-01-01,86.31
1232,ESPÍRITO SANTO,2019-01-01,85.88
1233,RIO DE JANEIRO,2019-01-01,84.31
1234,SÃO PAULO,2019-01-01,83.61
1235,PARANÁ,2019-01-01,87.61
1236,SANTA CATARINA,2019-01-01,84.65
1237,RIO GRANDE DO SUL,2019-01-01,85.37
1238,MATO GROSSO DO SUL,2019-01-01,85.91
1239,MATO GROSSO,2019-01-01,86.56
1240,GOIÁS,2019-01-01,85.84
1241,DISTRITO FEDERAL,2019-01-01,77.59
1242,RONDÔNIA,2019-02-01,82.11
1243,ACRE,2019-02-01,89.76
1244,AMAZONAS,2019-02-01,86.62
1245,RORAIMA,2019-02-01,81.38
1246,PARÁ,2019-02-01,85.47
1247,AMAPÁ,2019-02-01,89.03
1248,TOCANTINS,2019-02-01,87.44
1249,MARANHÃO,2019-02-01,84.21
1250,PIAUÍ,2019-02-01,85.83
1251,CEARÁ,2019-02-01,86.58
1252,RIO GRANDE DO NORTE,2019-02-01,87.23
1253,PARAÍBA,2019-02-01,87.04
1254,PERNAMBUCO,2019-02-01,87.09
1255,ALAGOAS,2019-02-01,84.39
1256,SERGIPE,2019-02-01,87.22
1257,BAHIA,2019-02-01,87.13
1258,MINAS GERAIS,2019-02-01,85.96
1259,ESPÍRITO SANTO,2019-02-01,86.06
1260,RIO DE JANEIRO,2019-02-01,84.1
1261,SÃO PAULO,2019-02-01,82.96
1262,PARANÁ,2019-02-01,87.38
1263,SANTA CATARINA,2019-02-01,84.37
1264,RIO GRANDE DO SUL,2019-02-01,85.02
1265,MATO GROSSO DO SUL,2019-02-01,85.44
1266,MATO GROSSO,2019-02-01,86.21
1267,GOIÁS,2019-02-01,85.34
1268,DISTRITO FEDERAL,2019-02-01,76.93
1269,RONDÔNIA,2019-03-01,81.3
1270,ACRE,2019-03-01,89.51
1271,AMAZONAS,2019-03-01,86.12
1272,RORAIMA,2019-03-01,81.59
1273,PARÁ,2019-03-01,84.86
1274,AMAPÁ,2019-03-01,88.9
1275,TOCANTINS,2019-03-01,87.03
1276,MARANHÃO,2019-03-01,83.73
1277,PIAUÍ,2019-03-01,85.46
1278,CEARÁ,2019-03-01,86.16
1279,RIO GRANDE DO NORTE,2019-03-01,86.65
1280,PARAÍBA,2019-03-01,86.41
1281,PERNAMBUCO,2019-03-01,86.65
1282,ALAGOAS,2019-03-01,83.81
1283,SERGIPE,2019-03-01,86.62
1284,BAHIA,2019-03-01,86.45
1285,MINAS GERAIS,2019-03-01,85.37
1286,ESPÍRITO SANTO,2019-03-01,85.76
1287,RIO DE JANEIRO,2019-03-01,83.7
1288,SÃO PAULO,2019-03-01,82.16
1289,PARANÁ,2019-03-01,86.9
1290,SANTA CATARINA,2019-03-01,83.95
1291,RIO GRANDE DO SUL,2019-03-01,84.6
1292,MATO GROSSO DO SUL,2019-03-01,84.89
1293,MATO GROSSO,2019-03-01,85.75
1294,GOIÁS,2019-03-01,84.39
1295,DISTRITO FEDERAL,2019-03-01,76.11
1296,RONDÔNIA,2019-04-01,81.33
1297,ACRE,2019-04-01,89.44
1298,AMAZONAS,2019-04-01,86.06
1299,RORAIMA,2019-04-01,82.51
1300,PARÁ,2019-04-01,84.71
1301,AMAPÁ,2019-04-01,88.86
1302,TOCANTINS,2019-04-01,86.73
1303,MARANHÃO,2019-04-01,83.38
1304,PIAUÍ,2019-04-01,85.63
1305,CEARÁ,2019-04-01,86.04
1306,RIO GRANDE DO NORTE,2019-04-01,86.21
1307,PARAÍBA,2019-04-01,85.9
1308,PERNAMBUCO,2019-04-01,86.75
1309,ALAGOAS,2019-04-01,83.67
1310,SERGIPE,2019-04-01,86.42
1311,BAHIA,2019-04-01,86.15
1312,MINAS GERAIS,2019-04-01,85.3
1313,ESPÍRITO SANTO,2019-04-01,85.95
1314,RIO DE JANEIRO,2019-04-01,83.8
1315,SÃO PAULO,2019-04-01,82.07
1316,PARANÁ,2019-04-01,87.06
1317,SANTA CATARINA,2019-04-01,84.09
1318,RIO GRANDE DO SUL,2019-04-01,84.78
1319,MATO GROSSO DO SUL,2019-04-01,85.21
1320,MATO GROSSO,2019-04-01,85.57
1321,GOIÁS,2019-04-01,83.8
1322,DISTRITO FEDERAL,2019-04-01,76.27
1323,RONDÔNIA,2019-05-01,80.62
1324,ACRE,2019-05-01,89.06
1325,AMAZONAS,2019-05-01,85.54
1326,RORAIMA,2019-05-01,82.76
1327,PARÁ,2019-05-01,84.09
1328,AMAPÁ,2019-05-01,88.3
1329,TOCANTINS,2019-05-01,85.97
1330,MARANHÃO,2019-05-01,82.66
1331,PIAUÍ,2019-05-01,85.19
1332,CEARÁ,2019-05-01,85.41
1333,RIO GRANDE DO NORTE,2019-05-01,85.41
1334,PARAÍBA,2019-05-01,85.24
1335,PERNAMBUCO,2019-05-01,86.21
1336,ALAGOAS,2019-05-01,82.99
1337,SERGIPE,2019-05-01,85.78
1338,BAHIA,2019-05-01,85.44
1339,MINAS GERAIS,2019-05-01,84.53
1340,ESPÍRITO SANTO,2019-05-01,85.51
1341,RIO DE JANEIRO,2019-05-01,83.27
1342,SÃO PAULO,2019-05-01,81.41
1343,PARANÁ,2019-05-01,86.54
1344,SANTA CATARINA,2019-05-01,83.39
1345,RIO GRANDE DO SUL,2019-05-01,84.08
1346,MATO GROSSO DO SUL,2019-05-01,84.7
1347,MATO GROSSO,2019-05-01,84.96
1348,GOIÁS,2019-05-01,82.74
1349,DISTRITO FEDERAL,2019-05-01,76.17
1350,RONDÔNIA,2019-06-01,79.64
1351,ACRE,2019-06-01,88.1
1352,AMAZONAS,2019-06-01,84.6
1353,RORAIMA,2019-06-01,82.39
1354,PARÁ,2019-06-01,83.08
1355,AMAPÁ,2019-06-01,87.43
1356,TOCANTINS,2019-06-01,84.71
1357,MARANHÃO,2019-06-01,81.47
1358,PIAUÍ,2019-06-01,84.11
1359,CEARÁ,2019-06-01,84.22
1360,RIO GRANDE DO NORTE,2019-06-01,83.92
1361,PARAÍBA,2019-06-01,84.03
1362,PERNAMBUCO,2019-06-01,85.09
1363,ALAGOAS,2019-06-01,82.1
1364,SERGIPE,2019-06-01,84.65
1365,BAHIA,2019-06-01,84.26
1366,MINAS GERAIS,2019-06-01,83.21
1367,ESPÍRITO SANTO,2019-06-01,84.72
1368,RIO DE JANEIRO,2019-06-01,82.24
1369,SÃO PAULO,2019-06-01,80.34
1370,PARANÁ,2019-06-01,85.7
1371,SANTA CATARINA,2019-06-01,82.34
1372,RIO GRANDE DO SUL,2019-06-01,82.94
1373,MATO GROSSO DO SUL,2019-06-01,83.61
1374,MATO GROSSO,2019-06-01,83.87
1375,GOIÁS,2019-06-01,81.16
1376,DISTRITO FEDERAL,2019-06-01,75.1
1377,RONDÔNIA,2019-07-01,79.25
1378,ACRE,2019-07-01,87.63
1379,AMAZONAS,2019-07-01,84.7
1380,RORAIMA,2019-07-01,82.42
1381,PARÁ,2019-07-01,82.85
1382,AMAPÁ,2019-07-01,87.32
1383,TOCANTINS,2019-07-01,84.4
1384,MARANHÃO,2019-07-01,81.38
1385,PIAUÍ,2019-07-01,84.48
1386,CEARÁ,2019-07-01,84.03
1387,RIO GRANDE DO NORTE,2019-07-01,83.7
1388,PARAÍBA,2019-07-01,84.02
1389,PERNAMBUCO,2019-07-01,84.99
1390,ALAGOAS,2019-07-01,82.37
1391,SERGIPE,2019-07-01,84.36
1392,BAHIA,2019-07-01,84.06
1393,MINAS GERAIS,2019-07-01,82.83
1394,ESPÍRITO SANTO,2019-07-01,84.57
1395,RIO DE JANEIRO,2019-07-01,81.95
1396,SÃO PAULO,2019-07-01,79.72
1397,PARANÁ,2019-07-01,85.32
1398,SANTA CATARINA,2019-07-01,81.73
1399,RIO GRANDE DO SUL,2019-07-01,82.26
1400,MATO GROSSO DO SUL,2019-07-01,83.15
1401,MATO GROSSO,2019-07-01,83.42
1402,GOIÁS,2019-07-01,80.81
1403,DISTRITO FEDERAL,2019-07-01,74.7
1404,RONDÔNIA,2019-08-01,78.56
1405,ACRE,2019-08-01,87.31
1406,AMAZONAS,2019-08-01,84.63
1407,RORAIMA,2019-08-01,82.45
1408,PARÁ,2019-08-01,82.4
1409,AMAPÁ,2019-08-01,87.24
1410,TOCANTINS,2019-08-01,83.98
1411,MARANHÃO,2019-08-01,81.2
1412,PIAUÍ,2019-08-01,84.17
1413,CEARÁ,2019-08-01,83.42
1414,RIO GRANDE DO NORTE,2019-08-01,83.4
1415,PARAÍBA,2019-08-01,83.85
1416,PERNAMBUCO,2019-08-01,84.53
1417,ALAGOAS,2019-08-01,82.4
1418,SERGIPE,2019-08-01,84.06
1419,BAHIA,2019-08-01,83.53
1420,MINAS GERAIS,2019-08-01,82.39
1421,ESPÍRITO SANTO,2019-08-01,83.82
1422,RIO DE JANEIRO,2019-08-01,81.68
1423,SÃO PAULO,2019-08-01,79.08
1424,PARANÁ,2019-08-01,84.71
1425,SANTA CATARINA,2019-08-01,80.93
1426,RIO GRANDE DO SUL,2019-08-01,81.48
1427,MATO GROSSO DO SUL,2019-08-01,82.77
1428,MATO GROSSO,2019-08-01,82.62
1429,GOIÁS,2019-08-01,80.2
1430,DISTRITO FEDERAL,2019-08-01,74.49
1431,RONDÔNIA,2019-09-01,81.57
1432,ACRE,2019-09-01,88.59
1433,AMAZONAS,2019-09-01,86.01
1434,RORAIMA,2019-09-01,85.23
1435,PARÁ,2019-09-01,83.52
1436,AMAPÁ,2019-09-01,88.44
1437,TOCANTINS,2019-09-01,86.12
1438,MARANHÃO,2019-09-01,82.3
1439,PIAUÍ,2019-09-01,85.29
1440,CEARÁ,2019-09-01,84.75
1441,RIO GRANDE DO NORTE,2019-09-01,84.91
1442,PARAÍBA,2019-09-01,85.16
1443,PERNAMBUCO,2019-09-01,85.76
1444,ALAGOAS,2019-09-01,83.79
1445,SERGIPE,2019-09-01,85.4
1446,BAHIA,2019-09-01,84.89
1447,MINAS GERAIS,2019-09-01,84.89
1448,ESPÍRITO SANTO,2019-09-01,86.11
1449,RIO DE JANEIRO,2019-09-01,83.61
1450,SÃO PAULO,2019-09-01,81.93
1451,PARANÁ,2019-09-01,87.63
1452,SANTA CATARINA,2019-09-01,84.57
1453,RIO GRANDE DO SUL,2019-09-01,84.19
1454,MATO GROSSO DO SUL,2019-09-01,85.57
1455,MATO GROSSO,2019-09-01,85.15
1456,GOIÁS,2019-09-01,82.64
1457,DISTRITO FEDERAL,2019-09-01,78.15
1458,RONDÔNIA,2019-10-01,81.36
1459,ACRE,2019-10-01,88.45
1460,AMAZONAS,2019-10-01,86.06
1461,RORAIMA,2019-10-01,85.62
1462,PARÁ,2019-10-01,83.7
1463,AMAPÁ,2019-10-01,88.24
1464,TOCANTINS,2019-10-01,86.02
1465,MARANHÃO,2019-10-01,82.72
1466,PIAUÍ,2019-10-01,85.4
1467,CEARÁ,2019-10-01,84.76
1468,RIO GRANDE DO NORTE,2019-10-01,85.11
1469,PARAÍBA,2019-10-01,85.41
1470,PERNAMBUCO,2019-10-01,85.94
1471,ALAGOAS,2019-10-01,83.84
1472,SERGIPE,2019-10-01,85.52
1473,BAHIA,2019-10-01,84.95
1474,MINAS GERAIS,2019-10-01,84.78
1475,ESPÍRITO SANTO,2019-10-01,85.96
1476,RIO DE JANEIRO,2019-10-01,83.47
1477,SÃO PAULO,2019-10-01,81.68
1478,PARANÁ,2019-10-01,87.32
1479,SANTA CATARINA,2019-10-01,84.32
1480,RIO GRANDE DO SUL,2019-10-01,83.9
1481,MATO GROSSO DO SUL,2019-10-01,85.46
1482,MATO GROSSO,2019-10-01,84.84
1483,GOIÁS,2019-10-01,82.44
1484,DISTRITO FEDERAL,2019-10-01,78.03
1485,RONDÔNIA,2019-11-01,81.2
1486,ACRE,2019-11-01,88.07
1487,AMAZONAS,2019-11-01,85.94
1488,RORAIMA,2019-11-01,85.51
1489,PARÁ,2019-11-01,83.66
1490,AMAPÁ,2019-11-01,87.88
1491,TOCANTINS,2019-11-01,85.79
1492,MARANHÃO,2019-11-01,82.84
1493,PIAUÍ,2019-11-01,85.41
1494,CEARÁ,2019-11-01,84.7
1495,RIO GRANDE DO NORTE,2019-11-01,85.12
1496,PARAÍBA,2019-11-01,85.42
1497,PERNAMBUCO,2019-11-01,85.85
1498,ALAGOAS,2019-11-01,83.56
1499,SERGIPE,2019-11-01,85.49
1500,BAHIA,2019-11-01,84.75
1501,MINAS GERAIS,2019-11-01,84.66
1502,ESPÍRITO SANTO,2019-11-01,85.66
1503,RIO DE JANEIRO,2019-11-01,83.2
1504,SÃO PAULO,2019-11-01,81.49
1505,PARANÁ,2019-11-01,87.07
1506,SANTA CATARINA,2019-11-01,84.07
1507,RIO GRANDE DO SUL,2019-11-01,83.43
1508,MATO GROSSO DO SUL,2019-11-01,85.52
1509,MATO GROSSO,2019-11-01,84.67
1510,GOIÁS,2019-11-01,82.52
1511,DISTRITO FEDERAL,2019-11-01,77.51
1512,RONDÔNIA,2019-12-01,80.94
1513,ACRE,2019-12-01,87.74
1514,AMAZONAS,2019-12-01,85.71
1515,RORAIMA,2019-12-01,85.08
1516,PARÁ,2019-12-01,83.55
1517,AMAPÁ,2019-12-01,87.58
1518,TOCANTINS,2019-12-01,85.32
1519,MARANHÃO,2019-12-01,82.95
1520,PIAUÍ,2019-12-01,85.11
1521,CEARÁ,2019-12-01,84.42
1522,RIO GRANDE DO NORTE,2019-12-01,84.99
1523,PARAÍBA,2019-12-01,85.27
1524,PERNAMBUCO,2019-12-01,85.62
1525,ALAGOAS,2019-12-01,83.13
1526,SERGIPE,2019-12-01,85.34
1527,BAHIA,2019-12-01,84.42
1528,MINAS GERAIS,2019-12-01,84.28
1529,ESPÍRITO SANTO,2019-12-01,85.05
1530,RIO DE JANEIRO,2019-12-01,82.81
1531,SÃO PAULO,2019-12-01,81.04
1532,PARANÁ,2019-12-01,86.51
1533,SANTA CATARINA,2019-12-01,83.48
1534,RIO GRANDE DO SUL,2019-12-01,82.68
1535,MATO GROSSO DO SUL,2019-12-01,85.16
1536,MATO GROSSO,2019-12-01,84.39
1537,GOIÁS,2019-12-01,82.06
1538,DISTRITO FEDERAL,2019-12-01,76.8
1539,RONDÔNIA,2020-01-01,80.56
1540,ACRE,2020-01-01,87.32
1541,AMAZONAS,2020-01-01,85.2
1542,RORAIMA,2020-01-01,84.95
1543,PARÁ,2020-01-01,83.21
1544,AMAPÁ,2020-01-01,86.73
1545,TOCANTINS,2020-01-01,84.81
1546,MARANHÃO,2020-01-01,82.62
1547,PIAUÍ,2020-01-01,84.73
1548,CEARÁ,2020-01-01,83.94
1549,RIO GRANDE DO NORTE,2020-01-01,84.59
1550,PARAÍBA,2020-01-01,84.84
1551,PERNAMBUCO,2020-01-01,85.11
1552,ALAGOAS,2020-01-01,82.5
1553,SERGIPE,2020-01-01,84.83
1554,BAHIA,2020-01-01,83.93
1555,MINAS GERAIS,2020-01-01,83.63
1556,ESPÍRITO SANTO,2020-01-01,84.21
1557,RIO DE JANEIRO,2020-01-01,82.19
1558,SÃO PAULO,2020-01-01,80.44
1559,PARANÁ,2020-01-01,85.98
1560,SANTA CATARINA,2020-01-01,82.99
1561,RIO GRANDE DO SUL,2020-01-01,81.84
1562,MATO GROSSO DO SUL,2020-01-01,84.59
1563,MATO GROSSO,2020-01-01,83.93
1564,GOIÁS,2020-01-01,81.37
1565,DISTRITO FEDERAL,2020-01-01,76.17
1566,RONDÔNIA,2020-02-01,82.06
1567,ACRE,2020-02-01,88.02
1568,AMAZONAS,2020-02-01,85.38
1569,RORAIMA,2020-02-01,86.19
1570,PARÁ,2020-02-01,83.85
1571,AMAPÁ,2020-02-01,86.99
1572,TOCANTINS,2020-02-01,85.73
1573,MARANHÃO,2020-02-01,83.1
1574,PIAUÍ,2020-02-01,85.07
1575,CEARÁ,2020-02-01,84.32
1576,RIO GRANDE DO NORTE,2020-02-01,85.3
1577,PARAÍBA,2020-02-01,85.37
1578,PERNAMBUCO,2020-02-01,85.5
1579,ALAGOAS,2020-02-01,83.27
1580,SERGIPE,2020-02-01,85.41
1581,BAHIA,2020-02-01,84.64
1582,MINAS GERAIS,2020-02-01,84.49
1583,ESPÍRITO SANTO,2020-02-01,85.19
1584,RIO DE JANEIRO,2020-02-01,83.02
1585,SÃO PAULO,2020-02-01,81.35
1586,PARANÁ,2020-02-01,87.08
1587,SANTA CATARINA,2020-02-01,84.5
1588,RIO GRANDE DO SUL,2020-02-01,82.68
1589,MATO GROSSO DO SUL,2020-02-01,85.41
1590,MATO GROSSO,2020-02-01,85.04
1591,GOIÁS,2020-02-01,81.76
1592,DISTRITO FEDERAL,2020-02-01,77.91
1593,RONDÔNIA,2020-03-01,81.31
1594,ACRE,2020-03-01,87.38
1595,AMAZONAS,2020-03-01,84.42
1596,RORAIMA,2020-03-01,85.31
1597,PARÁ,2020-03-01,83.12
1598,AMAPÁ,2020-03-01,86.65
1599,TOCANTINS,2020-03-01,85.03
1600,MARANHÃO,2020-03-01,82.3
1601,PIAUÍ,2020-03-01,84.2
1602,CEARÁ,2020-03-01,83.59
1603,RIO GRANDE DO NORTE,2020-03-01,84.5
1604,PARAÍBA,2020-03-01,84.68
1605,PERNAMBUCO,2020-03-01,84.79
1606,ALAGOAS,2020-03-01,82.42
1607,SERGIPE,2020-03-01,84.62
1608,BAHIA,2020-03-01,83.98
1609,MINAS GERAIS,2020-03-01,83.79
1610,ESPÍRITO SANTO,2020-03-01,84.42
1611,RIO DE JANEIRO,2020-03-01,82.15
1612,SÃO PAULO,2020-03-01,80.46
1613,PARANÁ,2020-03-01,86.53
1614,SANTA CATARINA,2020-03-01,83.73
1615,RIO GRANDE DO SUL,2020-03-01,81.87
1616,MATO GROSSO DO SUL,2020-03-01,84.56
1617,MATO GROSSO,2020-03-01,84.4
1618,GOIÁS,2020-03-01,80.78
1619,DISTRITO FEDERAL,2020-03-01,77.61
1620,RONDÔNIA,2020-04-01,79.98
1621,ACRE,2020-04-01,86.03
1622,AMAZONAS,2020-04-01,82.71
1623,RORAIMA,2020-04-01,83.57
1624,PARÁ,2020-04-01,81.69
1625,AMAPÁ,2020-04-01,84.99
1626,TOCANTINS,2020-04-01,83.86
1627,MARANHÃO,2020-04-01,80.98
1628,PIAUÍ,2020-04-01,82.88
1629,CEARÁ,2020-04-01,82.12
1630,RIO GRANDE DO NORTE,2020-04-01,83.15
1631,PARAÍBA,2020-04-01,83.34
1632,PERNAMBUCO,2020-04-01,83.48
1633,ALAGOAS,2020-04-01,80.94
1634,SERGIPE,2020-04-01,83.06
1635,BAHIA,2020-04-01,82.78
1636,MINAS GERAIS,2020-04-01,82.64
1637,ESPÍRITO SANTO,2020-04-01,82.85
1638,RIO DE JANEIRO,2020-04-01,80.63
1639,SÃO PAULO,2020-04-01,79.16
1640,PARANÁ,2020-04-01,85.46
1641,SANTA CATARINA,2020-04-01,82.34
1642,RIO GRANDE DO SUL,2020-04-01,80.64
1643,MATO GROSSO DO SUL,2020-04-01,83.24
1644,MATO GROSSO,2020-04-01,83.46
1645,GOIÁS,2020-04-01,79.44
1646,DISTRITO FEDERAL,2020-04-01,77.07
1647,RONDÔNIA,2020-05-01,78.15
1648,ACRE,2020-05-01,83.96
1649,AMAZONAS,2020-05-01,80.38
1650,RORAIMA,2020-05-01,81.65
1651,PARÁ,2020-05-01,79.47
1652,AMAPÁ,2020-05-01,82.49
1653,TOCANTINS,2020-05-01,82.32
1654,MARANHÃO,2020-05-01,78.92
1655,PIAUÍ,2020-05-01,81.06
1656,CEARÁ,2020-05-01,79.89
1657,RIO GRANDE DO NORTE,2020-05-01,81.5
1658,PARAÍBA,2020-05-01,81.76
1659,PERNAMBUCO,2020-05-01,81.7
1660,ALAGOAS,2020-05-01,78.58
1661,SERGIPE,2020-05-01,81.15
1662,BAHIA,2020-05-01,80.97
1663,MINAS GERAIS,2020-05-01,81.32
1664,ESPÍRITO SANTO,2020-05-01,81.11
1665,RIO DE JANEIRO,2020-05-01,78.7
1666,SÃO PAULO,2020-05-01,77.46
1667,PARANÁ,2020-05-01,83.98
1668,SANTA CATARINA,2020-05-01,81.08
1669,RIO GRANDE DO SUL,2020-05-01,79.14
1670,MATO GROSSO DO SUL,2020-05-01,81.73
1671,MATO GROSSO,2020-05-01,82.2
1672,GOIÁS,2020-05-01,77.73
1673,DISTRITO FEDERAL,2020-05-01,76.35
1674,RONDÔNIA,2020-06-01,76.79
1675,ACRE,2020-06-01,82.05
1676,AMAZONAS,2020-06-01,78.62
1677,RORAIMA,2020-06-01,80.01
1678,PARÁ,2020-06-01,77.51
1679,AMAPÁ,2020-06-01,80.49
1680,TOCANTINS,2020-06-01,80.92
1681,MARANHÃO,2020-06-01,77.09
1682,PIAUÍ,2020-06-01,79.32
1683,CEARÁ,2020-06-01,78.03
1684,RIO GRANDE DO NORTE,2020-06-01,79.81
1685,PARAÍBA,2020-06-01,80.28
1686,PERNAMBUCO,2020-06-01,80.18
1687,ALAGOAS,2020-06-01,76.44
1688,SERGIPE,2020-06-01,79.49
1689,BAHIA,2020-06-01,79.32
1690,MINAS GERAIS,2020-06-01,80.26
1691,ESPÍRITO SANTO,2020-06-01,79.92
1692,RIO DE JANEIRO,2020-06-01,77.05
1693,SÃO PAULO,2020-06-01,76.13
1694,PARANÁ,2020-06-01,83.04
1695,SANTA CATARINA,2020-06-01,79.99
1696,RIO GRANDE DO SUL,2020-06-01,78.11
1697,MATO GROSSO DO SUL,2020-06-01,80.41
1698,MATO GROSSO,2020-06-01,80.93
1699,GOIÁS,2020-06-01,76.43
1700,DISTRITO FEDERAL,2020-06-01,74.84
1701,RONDÔNIA,2020-07-01,75.42
1702,ACRE,2020-07-01,80.19
1703,AMAZONAS,2020-07-01,77.36
1704,RORAIMA,2020-07-01,78.6
1705,PARÁ,2020-07-01,75.95
1706,AMAPÁ,2020-07-01,79.09
1707,TOCANTINS,2020-07-01,79.9
1708,MARANHÃO,2020-07-01,75.81
1709,PIAUÍ,2020-07-01,78.05
1710,CEARÁ,2020-07-01,76.57
1711,RIO GRANDE DO NORTE,2020-07-01,78.47
1712,PARAÍBA,2020-07-01,79.11
1713,PERNAMBUCO,2020-07-01,78.68
1714,ALAGOAS,2020-07-01,74.62
1715,SERGIPE,2020-07-01,78.2
1716,BAHIA,2020-07-01,78.09
1717,MINAS GERAIS,2020-07-01,79.06
1718,ESPÍRITO SANTO,2020-07-01,78.97
1719,RIO DE JANEIRO,2020-07-01,75.64
1720,SÃO PAULO,2020-07-01,74.8
1721,PARANÁ,2020-07-01,82.01
1722,SANTA CATARINA,2020-07-01,78.62
1723,RIO GRANDE DO SUL,2020-07-01,76.99
1724,MATO GROSSO DO SUL,2020-07-01,79.14
1725,MATO GROSSO,2020-07-01,79.53
1726,GOIÁS,2020-07-01,75.0
1727,DISTRITO FEDERAL,2020-07-01,72.69
1728,RONDÔNIA,2020-08-01,73.7
1729,ACRE,2020-08-01,78.23
1730,AMAZONAS,2020-08-01,75.96
1731,RORAIMA,2020-08-01,77.28
1732,PARÁ,2020-08-01,74.71
1733,AMAPÁ,2020-08-01,78.5
1734,TOCANTINS,2020-08-01,79.19
1735,MARANHÃO,2020-08-01,74.57
1736,PIAUÍ,2020-08-01,76.99
1737,CEARÁ,2020-08-01,74.79
1738,RIO GRANDE DO NORTE,2020-08-01,76.19
1739,PARAÍBA,2020-08-01,76.8
1740,PERNAMBUCO,2020-08-01,76.98
1741,ALAGOAS,2020-08-01,72.38
1742,SERGIPE,2020-08-01,75.72
1743,BAHIA,2020-08-01,75.92
1744,MINAS GERAIS,2020-08-01,77.5
1745,ESPÍRITO SANTO,2020-08-01,78.07
1746,RIO DE JANEIRO,2020-08-01,73.71
1747,SÃO PAULO,2020-08-01,72.97
1748,PARANÁ,2020-08-01,80.58
1749,SANTA CATARINA,2020-08-01,76.81
1750,RIO GRANDE DO SUL,2020-08-01,75.33
1751,MATO GROSSO DO SUL,2020-08-01,77.6
1752,MATO GROSSO,2020-08-01,77.76
1753,GOIÁS,2020-08-01,73.48
1754,DISTRITO FEDERAL,2020-08-01,70.34
1755,RONDÔNIA,2020-09-01,72.14
1756,ACRE,2020-09-01,76.3
1757,AMAZONAS,2020-09-01,74.5
1758,RORAIMA,2020-09-01,76.1
1759,PARÁ,2020-09-01,72.9
1760,AMAPÁ,2020-09-01,77.67
1761,TOCANTINS,2020-09-01,77.46
1762,MARANHÃO,2020-09-01,72.67
1763,PIAUÍ,2020-09-01,75.55
1764,CEARÁ,2020-09-01,73.2
1765,RIO GRANDE DO NORTE,2020-09-01,74.12
1766,PARAÍBA,2020-09-01,74.85
1767,PERNAMBUCO,2020-09-01,74.88
1768,ALAGOAS,2020-09-01,70.36
1769,SERGIPE,2020-09-01,73.55
1770,BAHIA,2020-09-01,73.77
1771,MINAS GERAIS,2020-09-01,75.82
1772,ESPÍRITO SANTO,2020-09-01,76.54
1773,RIO DE JANEIRO,2020-09-01,71.49
1774,SÃO PAULO,2020-09-01,71.04
1775,PARANÁ,2020-09-01,79.15
1776,SANTA CATARINA,2020-09-01,75.09
1777,RIO GRANDE DO SUL,2020-09-01,73.64
1778,MATO GROSSO DO SUL,2020-09-01,75.97
1779,MATO GROSSO,2020-09-01,76.36
1780,GOIÁS,2020-09-01,71.58
1781,DISTRITO FEDERAL,2020-09-01,68.08
1782,RONDÔNIA,2020-10-01,70.47
1783,ACRE,2020-10-01,74.63
1784,AMAZONAS,2020-10-01,72.38
1785,RORAIMA,2020-10-01,74.44
1786,PARÁ,2020-10-01,71.24
1787,AMAPÁ,2020-10-01,76.53
1788,TOCANTINS,2020-10-01,75.9
1789,MARANHÃO,2020-10-01,71.56
1790,PIAUÍ,2020-10-01,74.21
1791,CEARÁ,2020-10-01,71.75
1792,RIO GRANDE DO NORTE,2020-10-01,72.14
1793,PARAÍBA,2020-10-01,73.05
1794,PERNAMBUCO,2020-10-01,72.77
1795,ALAGOAS,2020-10-01,68.46
1796,SERGIPE,2020-10-01,71.97
1797,BAHIA,2020-10-01,71.68
1798,MINAS GERAIS,2020-10-01,74.12
1799,ESPÍRITO SANTO,2020-10-01,74.81
1800,RIO DE JANEIRO,2020-10-01,68.86
1801,SÃO PAULO,2020-10-01,68.87
1802,PARANÁ,2020-10-01,77.66
1803,SANTA CATARINA,2020-10-01,73.18
1804,RIO GRANDE DO SUL,2020-10-01,71.87
1805,MATO GROSSO DO SUL,2020-10-01,74.5
1806,MATO GROSSO,2020-10-01,74.9
1807,GOIÁS,2020-10-01,69.99
1808,DISTRITO FEDERAL,2020-10-01,65.83
1809,RONDÔNIA,2020-11-01,71.99
1810,ACRE,2020-11-01,74.83
1811,AMAZONAS,2020-11-01,72.23
1812,RORAIMA,2020-11-01,74.94
1813,PARÁ,2020-11-01,71.38
1814,AMAPÁ,2020-11-01,76.1
1815,TOCANTINS,2020-11-01,76.5
1816,MARANHÃO,2020-11-01,71.48
1817,PIAUÍ,2020-11-01,74.24
1818,CEARÁ,2020-11-01,72.0
1819,RIO GRANDE DO NORTE,2020-11-01,71.82
1820,PARAÍBA,2020-11-01,72.6
1821,PERNAMBUCO,2020-11-01,72.47
1822,ALAGOAS,2020-11-01,68.26
1823,SERGIPE,2020-11-01,72.01
1824,BAHIA,2020-11-01,71.48
1825,MINAS GERAIS,2020-11-01,74.91
1826,ESPÍRITO SANTO,2020-11-01,76.09
1827,RIO DE JANEIRO,2020-11-01,68.96
1828,SÃO PAULO,2020-11-01,70.21
1829,PARANÁ,2020-11-01,79.19
1830,SANTA CATARINA,2020-11-01,75.03
1831,RIO GRANDE DO SUL,2020-11-01,72.87
1832,MATO GROSSO DO SUL,2020-11-01,75.63
1833,MATO GROSSO,2020-11-01,76.15
1834,GOIÁS,2020-11-01,71.17
1835,DISTRITO FEDERAL,2020-11-01,67.35
1836,RONDÔNIA,2020-12-01,71.03
1837,ACRE,2020-12-01,73.66
1838,AMAZONAS,2020-12-01,70.84
1839,RORAIMA,2020-12-01,73.35
1840,PARÁ,2020-12-01,70.28
1841,AMAPÁ,2020-12-01,74.57
1842,TOCANTINS,2020-12-01,75.53
1843,MARANHÃO,2020-12-01,69.89
1844,PIAUÍ,2020-12-01,73.45
1845,CEARÁ,2020-12-01,71.29
1846,RIO GRANDE DO NORTE,2020-12-01,70.65
1847,PARAÍBA,2020-12-01,71.23
1848,PERNAMBUCO,2020-12-01,71.04
1849,ALAGOAS,2020-12-01,66.94
1850,SERGIPE,2020-12-01,70.8
1851,BAHIA,2020-12-01,70.18
1852,MINAS GERAIS,2020-12-01,74.09
1853,ESPÍRITO SANTO,2020-12-01,75.34
1854,RIO DE JANEIRO,2020-12-01,67.63
1855,SÃO PAULO,2020-12-01,69.21
1856,PARANÁ,2020-12-01,78.06
1857,SANTA CATARINA,2020-12-01,73.98
1858,RIO GRANDE DO SUL,2020-12-01,71.78
1859,MATO GROSSO DO SUL,2020-12-01,74.67
1860,MATO GROSSO,2020-12-01,75.63
1861,GOIÁS,2020-12-01,70.14
1862,DISTRITO FEDERAL,2020-12-01,65.0
1863,RONDÔNIA,2021-01-01,70.26
1864,ACRE,2021-01-01,72.36
1865,AMAZONAS,2021-01-01,69.47
1866,RORAIMA,2021-01-01,71.51
1867,PARÁ,2021-01-01,69.13
1868,AMAPÁ,2021-01-01,73.18
1869,TOCANTINS,2021-01-01,74.35
1870,MARANHÃO,2021-01-01,68.13
1871,PIAUÍ,2021-01-01,72.6
1872,CEARÁ,2021-01-01,70.69
1873,RIO GRANDE DO NORTE,2021-01-01,69.79
1874,PARAÍBA,2021-01-01,70.18
1875,PERNAMBUCO,2021-01-01,69.74
1876,ALAGOAS,2021-01-01,66.08
1877,SERGIPE,2021-01-01,69.71
1878,BAHIA,2021-01-01,68.69
1879,MINAS GERAIS,2021-01-01,72.99
1880,ESPÍRITO SANTO,2021-01-01,74.49
1881,RIO DE JANEIRO,2021-01-01,66.51
1882,SÃO PAULO,2021-01-01,68.12
1883,PARANÁ,2021-01-01,77.17
1884,SANTA CATARINA,2021-01-01,73.22
1885,RIO GRANDE DO SUL,2021-01-01,70.68
1886,MATO GROSSO DO SUL,2021-01-01,73.85
1887,MATO GROSSO,2021-01-01,75.25
1888,GOIÁS,2021-01-01,69.06
1889,DISTRITO FEDERAL,2021-01-01,63.46
1890,RONDÔNIA,2021-02-01,68.51
1891,ACRE,2021-02-01,71.09
1892,AMAZONAS,2021-02-01,67.55
1893,RORAIMA,2021-02-01,69.0
1894,PARÁ,2021-02-01,68.28
1895,AMAPÁ,2021-02-01,72.24
1896,TOCANTINS,2021-02-01,73.16
1897,MARANHÃO,2021-02-01,67.2
1898,PIAUÍ,2021-02-01,71.88
1899,CEARÁ,2021-02-01,70.41
1900,RIO GRANDE DO NORTE,2021-02-01,69.33
1901,PARAÍBA,2021-02-01,69.97
1902,PERNAMBUCO,2021-02-01,69.15
1903,ALAGOAS,2021-02-01,66.41
1904,SERGIPE,2021-02-01,69.63
1905,BAHIA,2021-02-01,67.8
1906,MINAS GERAIS,2021-02-01,72.27
1907,ESPÍRITO SANTO,2021-02-01,73.69
1908,RIO DE JANEIRO,2021-02-01,65.77
1909,SÃO PAULO,2021-02-01,67.15
1910,PARANÁ,2021-02-01,76.45
1911,SANTA CATARINA,2021-02-01,72.5
1912,RIO GRANDE DO SUL,2021-02-01,70.08
1913,MATO GROSSO DO SUL,2021-02-01,72.96
1914,MATO GROSSO,2021-02-01,74.63
1915,GOIÁS,2021-02-01,67.78
1916,DISTRITO FEDERAL,2021-02-01,63.08
1917,RONDÔNIA,2021-03-01,67.73
1918,ACRE,2021-03-01,70.17
1919,AMAZONAS,2021-03-01,65.57
1920,RORAIMA,2021-03-01,67.01
1921,PARÁ,2021-03-01,67.94
1922,AMAPÁ,2021-03-01,71.04
1923,TOCANTINS,2021-03-01,71.85
1924,MARANHÃO,2021-03-01,67.01
1925,PIAUÍ,2021-03-01,71.47
1926,CEARÁ,2021-03-01,69.39
1927,RIO GRANDE DO NORTE,2021-03-01,68.91
1928,PARAÍBA,2021-03-01,69.74
1929,PERNAMBUCO,2021-03-01,69.0
1930,ALAGOAS,2021-03-01,66.98
1931,SERGIPE,2021-03-01,69.94
1932,BAHIA,2021-03-01,66.92
1933,MINAS GERAIS,2021-03-01,71.65
1934,ESPÍRITO SANTO,2021-03-01,72.96
1935,RIO DE JANEIRO,2021-03-01,65.52
1936,SÃO PAULO,2021-03-01,66.39
1937,PARANÁ,2021-03-01,75.39
1938,SANTA CATARINA,2021-03-01,71.5
1939,RIO GRANDE DO SUL,2021-03-01,69.34
1940,MATO GROSSO DO SUL,2021-03-01,72.24
1941,MATO GROSSO,2021-03-01,73.47
1942,GOIÁS,2021-03-01,66.74
1943,DISTRITO FEDERAL,2021-03-01,62.68
1944,RONDÔNIA,2021-04-01,65.39
1945,ACRE,2021-04-01,68.21
1946,AMAZONAS,2021-04-01,62.49
1947,RORAIMA,2021-04-01,63.53
1948,PARÁ,2021-04-01,65.75
1949,AMAPÁ,2021-04-01,66.68
1950,TOCANTINS,2021-04-01,69.96
1951,MARANHÃO,2021-04-01,65.35
1952,PIAUÍ,2021-04-01,69.57
1953,CEARÁ,2021-04-01,66.83
1954,RIO GRANDE DO NORTE,2021-04-01,66.64
1955,PARAÍBA,2021-04-01,67.43
1956,PERNAMBUCO,2021-04-01,67.01
1957,ALAGOAS,2021-04-01,66.14
1958,SERGIPE,2021-04-01,68.3
1959,BAHIA,2021-04-01,64.66
1960,MINAS GERAIS,2021-04-01,69.54
1961,ESPÍRITO SANTO,2021-04-01,71.24
1962,RIO DE JANEIRO,2021-04-01,63.9
1963,SÃO PAULO,2021-04-01,64.27
1964,PARANÁ,2021-04-01,73.7
1965,SANTA CATARINA,2021-04-01,69.95
1966,RIO GRANDE DO SUL,2021-04-01,67.96
1967,MATO GROSSO DO SUL,2021-04-01,69.99
1968,MATO GROSSO,2021-04-01,71.53
1969,GOIÁS,2021-04-01,64.89
1970,DISTRITO FEDERAL,2021-04-01,61.58
1971,RONDÔNIA,2021-05-01,63.86
1972,ACRE,2021-05-01,66.86
1973,AMAZONAS,2021-05-01,61.17
1974,RORAIMA,2021-05-01,61.04
1975,PARÁ,2021-05-01,64.46
1976,AMAPÁ,2021-05-01,64.43
1977,TOCANTINS,2021-05-01,68.84
1978,MARANHÃO,2021-05-01,65.14
1979,PIAUÍ,2021-05-01,68.68
1980,CEARÁ,2021-05-01,66.01
1981,RIO GRANDE DO NORTE,2021-05-01,65.41
1982,PARAÍBA,2021-05-01,66.31
1983,PERNAMBUCO,2021-05-01,66.21
1984,ALAGOAS,2021-05-01,65.99
1985,SERGIPE,2021-05-01,67.08
1986,BAHIA,2021-05-01,63.95
1987,MINAS GERAIS,2021-05-01,68.73
1988,ESPÍRITO SANTO,2021-05-01,70.8
1989,RIO DE JANEIRO,2021-05-01,62.97
1990,SÃO PAULO,2021-05-01,63.09
1991,PARANÁ,2021-05-01,73.03
1992,SANTA CATARINA,2021-05-01,69.07
1993,RIO GRANDE DO SUL,2021-05-01,67.27
1994,MATO GROSSO DO SUL,2021-05-01,68.98
1995,MATO GROSSO,2021-05-01,70.59
1996,GOIÁS,2021-05-01,64.21
1997,DISTRITO FEDERAL,2021-05-01,60.15
1998,RONDÔNIA,2021-06-01,62.2
1999,ACRE,2021-06-01,65.04
2000,AMAZONAS,2021-06-01,59.38
2001,RORAIMA,2021-06-01,58.2
2002,PARÁ,2021-06-01,62.74
2003,AMAPÁ,2021-06-01,61.33
2004,TOCANTINS,2021-06-01,67.58
2005,MARANHÃO,2021-06-01,64.43
2006,PIAUÍ,2021-06-01,67.51
2007,CEARÁ,2021-06-01,64.86
2008,RIO GRANDE DO NORTE,2021-06-01,63.67
2009,PARAÍBA,2021-06-01,64.75
2010,PERNAMBUCO,2021-06-01,64.86
2011,ALAGOAS,2021-06-01,64.96
2012,SERGIPE,2021-06-01,65.69
2013,BAHIA,2021-06-01,62.65
2014,MINAS GERAIS,2021-06-01,67.63
2015,ESPÍRITO SANTO,2021-06-01,70.0
2016,RIO DE JANEIRO,2021-06-01,61.45
2017,SÃO PAULO,2021-06-01,61.59
2018,PARANÁ,2021-06-01,71.98
2019,SANTA CATARINA,2021-06-01,67.78
2020,RIO GRANDE DO SUL,2021-06-01,66.21
2021,MATO GROSSO DO SUL,2021-06-01,67.53
2022,MATO GROSSO,2021-06-01,69.21
2023,GOIÁS,2021-06-01,63.15
2024,DISTRITO FEDERAL,2021-06-01,57.96
2025,RONDÔNIA,2021-07-01,60.94
2026,ACRE,2021-07-01,64.46
2027,AMAZONAS,2021-07-01,57.32
2028,RORAIMA,2021-07-01,55.9
2029,PARÁ,2021-07-01,61.33
2030,AMAPÁ,2021-07-01,59.04
2031,TOCANTINS,2021-07-01,66.76
2032,MARANHÃO,2021-07-01,63.82
2033,PIAUÍ,2021-07-01,66.13
2034,CEARÁ,2021-07-01,64.03
2035,RIO GRANDE DO NORTE,2021-07-01,61.91
2036,PARAÍBA,2021-07-01,63.39
2037,PERNAMBUCO,2021-07-01,63.63
2038,ALAGOAS,2021-07-01,63.59
2039,SERGIPE,2021-07-01,64.54
2040,BAHIA,2021-07-01,61.61
2041,MINAS GERAIS,2021-07-01,66.51
2042,ESPÍRITO SANTO,2021-07-01,69.29
2043,RIO DE JANEIRO,2021-07-01,60.44
2044,SÃO PAULO,2021-07-01,60.53
2045,PARANÁ,2021-07-01,71.11
2046,SANTA CATARINA,2021-07-01,66.5
2047,RIO GRANDE DO SUL,2021-07-01,65.2
2048,MATO GROSSO DO SUL,2021-07-01,66.67
2049,MATO GROSSO,2021-07-01,68.4
2050,GOIÁS,2021-07-01,62.5
2051,DISTRITO FEDERAL,2021-07-01,56.31
2052,RONDÔNIA,2021-08-01,59.97
2053,ACRE,2021-08-01,64.18
2054,AMAZONAS,2021-08-01,55.14
2055,RORAIMA,2021-08-01,53.34
2056,PARÁ,2021-08-01,60.44
2057,AMAPÁ,2021-08-01,57.55
2058,TOCANTINS,2021-08-01,66.08
2059,MARANHÃO,2021-08-01,63.08
2060,PIAUÍ,2021-08-01,65.24
2061,CEARÁ,2021-08-01,63.34
2062,RIO GRANDE DO NORTE,2021-08-01,60.29
2063,PARAÍBA,2021-08-01,61.6
2064,PERNAMBUCO,2021-08-01,62.44
2065,ALAGOAS,2021-08-01,62.19
2066,SERGIPE,2021-08-01,62.81
2067,BAHIA,2021-08-01,60.16
2068,MINAS GERAIS,2021-08-01,65.19
2069,ESPÍRITO SANTO,2021-08-01,69.06
2070,RIO DE JANEIRO,2021-08-01,59.18
2071,SÃO PAULO,2021-08-01,59.04
2072,PARANÁ,2021-08-01,70.11
2073,SANTA CATARINA,2021-08-01,65.19
2074,RIO GRANDE DO SUL,2021-08-01,64.33
2075,MATO GROSSO DO SUL,2021-08-01,65.6
2076,MATO GROSSO,2021-08-01,67.57
2077,GOIÁS,2021-08-01,61.58
2078,DISTRITO FEDERAL,2021-08-01,55.5
2079,RONDÔNIA,2021-09-01,58.95
2080,ACRE,2021-09-01,63.86
2081,AMAZONAS,2021-09-01,54.1
2082,RORAIMA,2021-09-01,50.57
2083,PARÁ,2021-09-01,59.62
2084,AMAPÁ,2021-09-01,56.79
2085,TOCANTINS,2021-09-01,64.85
2086,MARANHÃO,2021-09-01,62.98
2087,PIAUÍ,2021-09-01,64.63
2088,CEARÁ,2021-09-01,62.72
2089,RIO GRANDE DO NORTE,2021-09-01,59.21
2090,PARAÍBA,2021-09-01,60.37
2091,PERNAMBUCO,2021-09-01,61.59
2092,ALAGOAS,2021-09-01,61.76
2093,SERGIPE,2021-09-01,61.54
2094,BAHIA,2021-09-01,59.18
2095,MINAS GERAIS,2021-09-01,64.08
2096,ESPÍRITO SANTO,2021-09-01,68.56
2097,RIO DE JANEIRO,2021-09-01,57.83
2098,SÃO PAULO,2021-09-01,57.92
2099,PARANÁ,2021-09-01,69.08
2100,SANTA CATARINA,2021-09-01,63.86
2101,RIO GRANDE DO SUL,2021-09-01,63.35
2102,MATO GROSSO DO SUL,2021-09-01,64.97
2103,MATO GROSSO,2021-09-01,66.77
2104,GOIÁS,2021-09-01,60.98
2105,DISTRITO FEDERAL,2021-09-01,54.65
2106,RONDÔNIA,2021-10-01,58.01
2107,ACRE,2021-10-01,63.03
2108,AMAZONAS,2021-10-01,53.29
2109,RORAIMA,2021-10-01,47.06
2110,PARÁ,2021-10-01,59.36
2111,AMAPÁ,2021-10-01,56.79
2112,TOCANTINS,2021-10-01,64.23
2113,MARANHÃO,2021-10-01,63.24
2114,PIAUÍ,2021-10-01,64.26
2115,CEARÁ,2021-10-01,63.1
2116,RIO GRANDE DO NORTE,2021-10-01,59.16
2117,PARAÍBA,2021-10-01,59.73
2118,PERNAMBUCO,2021-10-01,61.11
2119,ALAGOAS,2021-10-01,61.52
2120,SERGIPE,2021-10-01,61.09
2121,BAHIA,2021-10-01,58.58
2122,MINAS GERAIS,2021-10-01,63.31
2123,ESPÍRITO SANTO,2021-10-01,68.19
2124,RIO DE JANEIRO,2021-10-01,56.76
2125,SÃO PAULO,2021-10-01,57.25
2126,PARANÁ,2021-10-01,68.4
2127,SANTA CATARINA,2021-10-01,62.98
2128,RIO GRANDE DO SUL,2021-10-01,62.89
2129,MATO GROSSO DO SUL,2021-10-01,64.68
2130,MATO GROSSO,2021-10-01,66.25
2131,GOIÁS,2021-10-01,61.16
2132,DISTRITO FEDERAL,2021-10-01,53.83
2133,RONDÔNIA,2021-11-01,58.77
2134,ACRE,2021-11-01,65.5
2135,AMAZONAS,2021-11-01,55.7
2136,RORAIMA,2021-11-01,43.54
2137,PARÁ,2021-11-01,61.42
2138,AMAPÁ,2021-11-01,59.0
2139,TOCANTINS,2021-11-01,65.22
2140,MARANHÃO,2021-11-01,67.72
2141,PIAUÍ,2021-11-01,66.45
2142,CEARÁ,2021-11-01,65.91
2143,RIO GRANDE DO NORTE,2021-11-01,61.92
2144,PARAÍBA,2021-11-01,61.9
2145,PERNAMBUCO,2021-11-01,63.18
2146,ALAGOAS,2021-11-01,63.33
2147,SERGIPE,2021-11-01,63.07
2148,BAHIA,2021-11-01,61.54
2149,MINAS GERAIS,2021-11-01,64.73
2150,ESPÍRITO SANTO,2021-11-01,68.96
2151,RIO DE JANEIRO,2021-11-01,58.02
2152,SÃO PAULO,2021-11-01,57.29
2153,PARANÁ,2021-11-01,68.52
2154,SANTA CATARINA,2021-11-01,62.76
2155,RIO GRANDE DO SUL,2021-11-01,63.91
2156,MATO GROSSO DO SUL,2021-11-01,66.19
2157,MATO GROSSO,2021-11-01,67.47
2158,GOIÁS,2021-11-01,63.16
2159,DISTRITO FEDERAL,2021-11-01,53.79
2160,RONDÔNIA,2021-12-01,59.75
2161,ACRE,2021-12-01,67.49
2162,AMAZONAS,2021-12-01,57.28
2163,RORAIMA,2021-12-01,43.47
2164,PARÁ,2021-12-01,62.64
2165,AMAPÁ,2021-12-01,61.27
2166,TOCANTINS,2021-12-01,66.09
2167,MARANHÃO,2021-12-01,69.46
2168,PIAUÍ,2021-12-01,68.04
2169,CEARÁ,2021-12-01,67.32
2170,RIO GRANDE DO NORTE,2021-12-01,63.8
2171,PARAÍBA,2021-12-01,63.55
2172,PERNAMBUCO,2021-12-01,64.55
2173,ALAGOAS,2021-12-01,64.26
2174,SERGIPE,2021-12-01,64.38
2175,BAHIA,2021-12-01,63.13
2176,MINAS GERAIS,2021-12-01,65.59
2177,ESPÍRITO SANTO,2021-12-01,69.94
2178,RIO DE JANEIRO,2021-12-01,59.09
2179,SÃO PAULO,2021-12-01,57.77
2180,PARANÁ,2021-12-01,69.16
2181,SANTA CATARINA,2021-12-01,63.25
2182,RIO GRANDE DO SUL,2021-12-01,64.78
2183,MATO GROSSO DO SUL,2021-12-01,67.31
2184,MATO GROSSO,2021-12-01,68.27
2185,GOIÁS,2021-12-01,64.44
2186,DISTRITO FEDERAL,2021-12-01,54.02
2187,RONDÔNIA,2022-01-01,60.04
2188,ACRE,2022-01-01,68.62
2189,AMAZONAS,2022-01-01,58.13
2190,RORAIMA,2022-01-01,43.2
2191,PARÁ,2022-01-01,63.19
2192,AMAPÁ,2022-01-01,62.65
2193,TOCANTINS,2022-01-01,66.15
2194,MARANHÃO,2022-01-01,70.17
2195,PIAUÍ,2022-01-01,68.86
2196,CEARÁ,2022-01-01,67.9
2197,RIO GRANDE DO NORTE,2022-01-01,64.9
2198,PARAÍBA,2022-01-01,64.47
2199,PERNAMBUCO,2022-01-01,65.55
2200,ALAGOAS,2022-01-01,64.84
2201,SERGIPE,2022-01-01,65.37
2202,BAHIA,2022-01-01,63.95
2203,MINAS GERAIS,2022-01-01,65.8
2204,ESPÍRITO SANTO,2022-01-01,70.6
2205,RIO DE JANEIRO,2022-01-01,60.05
2206,SÃO PAULO,2022-01-01,57.84
2207,PARANÁ,2022-01-01,68.98
2208,SANTA CATARINA,2022-01-01,63.13
2209,RIO GRANDE DO SUL,2022-01-01,65.14
2210,MATO GROSSO DO SUL,2022-01-01,67.27
2211,MATO GROSSO,2022-01-01,68.12
2212,GOIÁS,2022-01-01,65.03
2213,DISTRITO FEDERAL,2022-01-01,54.82
2214,RONDÔNIA,2022-02-01,60.47
2215,ACRE,2022-02-01,69.57
2216,AMAZONAS,2022-02-01,58.6
2217,RORAIMA,2022-02-01,42.01
2218,PARÁ,2022-02-01,64.38
2219,AMAPÁ,2022-02-01,64.46
2220,TOCANTINS,2022-02-01,66.4
2221,MARANHÃO,2022-02-01,71.16
2222,PIAUÍ,2022-02-01,70.63
2223,CEARÁ,2022-02-01,68.69
2224,RIO GRANDE DO NORTE,2022-02-01,66.5
2225,PARAÍBA,2022-02-01,65.6
2226,PERNAMBUCO,2022-02-01,66.73
2227,ALAGOAS,2022-02-01,66.09
2228,SERGIPE,2022-02-01,67.07
2229,BAHIA,2022-02-01,65.33
2230,MINAS GERAIS,2022-02-01,66.11
2231,ESPÍRITO SANTO,2022-02-01,70.71
2232,RIO DE JANEIRO,2022-02-01,61.74
2233,SÃO PAULO,2022-02-01,57.9
2234,PARANÁ,2022-02-01,68.8
2235,SANTA CATARINA,2022-02-01,63.05
2236,RIO GRANDE DO SUL,2022-02-01,65.4
2237,MATO GROSSO DO SUL,2022-02-01,67.88
2238,MATO GROSSO,2022-02-01,68.49
2239,GOIÁS,2022-02-01,66.29
2240,DISTRITO FEDERAL,2022-02-01,56.08
2241,RONDÔNIA,2022-03-01,60.48
2242,ACRE,2022-03-01,69.85
2243,AMAZONAS,2022-03-01,58.7
2244,RORAIMA,2022-03-01,42.55
2245,PARÁ,2022-03-01,64.89
2246,AMAPÁ,2022-03-01,65.09
2247,TOCANTINS,2022-03-01,66.44
2248,MARANHÃO,2022-03-01,71.45
2249,PIAUÍ,2022-03-01,71.06
2250,CEARÁ,2022-03-01,68.95
2251,RIO GRANDE DO NORTE,2022-03-01,66.89
2252,PARAÍBA,2022-03-01,65.82
2253,PERNAMBUCO,2022-03-01,67.21
2254,ALAGOAS,2022-03-01,66.26
2255,SERGIPE,2022-03-01,67.37
2256,BAHIA,2022-03-01,65.86
2257,MINAS GERAIS,2022-03-01,66.16
2258,ESPÍRITO SANTO,2022-03-01,70.75
2259,RIO DE JANEIRO,2022-03-01,62.36
2260,SÃO PAULO,2022-03-01,57.9
2261,PARANÁ,2022-03-01,68.64
2262,SANTA CATARINA,2022-03-01,62.85
2263,RIO GRANDE DO SUL,2022-03-01,65.42
2264,MATO GROSSO DO SUL,2022-03-01,67.95
2265,MATO GROSSO,2022-03-01,68.44
2266,GOIÁS,2022-03-01,66.79
2267,DISTRITO FEDERAL,2022-03-01,56.9
2268,RONDÔNIA,2022-04-01,63.07
2269,ACRE,2022-04-01,72.79
2270,AMAZONAS,2022-04-01,62.26
2271,RORAIMA,2022-04-01,44.97
2272,PARÁ,2022-04-01,67.94
2273,AMAPÁ,2022-04-01,68.81
2274,TOCANTINS,2022-04-01,68.94
2275,MARANHÃO,2022-04-01,73.9
2276,PIAUÍ,2022-04-01,74.46
2277,CEARÁ,2022-04-01,71.82
2278,RIO GRANDE DO NORTE,2022-04-01,69.95
2279,PARAÍBA,2022-04-01,68.82
2280,PERNAMBUCO,2022-04-01,69.85
2281,ALAGOAS,2022-04-01,68.74
2282,SERGIPE,2022-04-01,70.26
2283,BAHIA,2022-04-01,68.95
2284,MINAS GERAIS,2022-04-01,68.16
2285,ESPÍRITO SANTO,2022-04-01,72.82
2286,RIO DE JANEIRO,2022-04-01,65.7
2287,SÃO PAULO,2022-04-01,59.77
2288,PARANÁ,2022-04-01,70.13
2289,SANTA CATARINA,2022-04-01,64.93
2290,RIO GRANDE DO SUL,2022-04-01,67.2
2291,MATO GROSSO DO SUL,2022-04-01,70.09
2292,MATO GROSSO,2022-04-01,69.78
2293,GOIÁS,2022-04-01,69.91
2294,DISTRITO FEDERAL,2022-04-01,61.94
2295,RONDÔNIA,2022-05-01,64.94
2296,ACRE,2022-05-01,75.09
2297,AMAZONAS,2022-05-01,66.17
2298,RORAIMA,2022-05-01,47.44
2299,PARÁ,2022-05-01,70.57
2300,AMAPÁ,2022-05-01,71.08
2301,TOCANTINS,2022-05-01,70.58
2302,MARANHÃO,2022-05-01,75.95
2303,PIAUÍ,2022-05-01,76.59
2304,CEARÁ,2022-05-01,74.24
2305,RIO GRANDE DO NORTE,2022-05-01,72.05
2306,PARAÍBA,2022-05-01,71.3
2307,PERNAMBUCO,2022-05-01,72.12
2308,ALAGOAS,2022-05-01,70.99
2309,SERGIPE,2022-05-01,72.57
2310,BAHIA,2022-05-01,71.46
2311,MINAS GERAIS,2022-05-01,69.61
2312,ESPÍRITO SANTO,2022-05-01,73.92
2313,RIO DE JANEIRO,2022-05-01,68.13
2314,SÃO PAULO,2022-05-01,61.33
2315,PARANÁ,2022-05-01,71.05
2316,SANTA CATARINA,2022-05-01,66.38
2317,RIO GRANDE DO SUL,2022-05-01,68.55
2318,MATO GROSSO DO SUL,2022-05-01,71.36
2319,MATO GROSSO,2022-05-01,70.85
2320,GOIÁS,2022-05-01,71.86
2321,DISTRITO FEDERAL,2022-05-01,65.27
2322,RONDÔNIA,2022-06-01,66.31
2323,ACRE,2022-06-01,77.13
2324,AMAZONAS,2022-06-01,69.59
2325,RORAIMA,2022-06-01,50.19
2326,PARÁ,2022-06-01,72.85
2327,AMAPÁ,2022-06-01,73.27
2328,TOCANTINS,2022-06-01,71.95
2329,MARANHÃO,2022-06-01,77.5
2330,PIAUÍ,2022-06-01,78.33
2331,CEARÁ,2022-06-01,76.32
2332,RIO GRANDE DO NORTE,2022-06-01,73.74
2333,PARAÍBA,2022-06-01,73.42
2334,PERNAMBUCO,2022-06-01,74.02
2335,ALAGOAS,2022-06-01,72.42
2336,SERGIPE,2022-06-01,74.25
2337,BAHIA,2022-06-01,73.54
2338,MINAS GERAIS,2022-06-01,70.48
2339,ESPÍRITO SANTO,2022-06-01,74.71
2340,RIO DE JANEIRO,2022-06-01,70.09
2341,SÃO PAULO,2022-06-01,62.44
2342,PARANÁ,2022-06-01,71.3
2343,SANTA CATARINA,2022-06-01,67.1
2344,RIO GRANDE DO SUL,2022-06-01,69.42
2345,MATO GROSSO DO SUL,2022-06-01,72.07
2346,MATO GROSSO,2022-06-01,71.86
2347,GOIÁS,2022-06-01,73.17
2348,DISTRITO FEDERAL,2022-06-01,68.34
2349,RONDÔNIA,2022-07-01,68.89
2350,ACRE,2022-07-01,79.78
2351,AMAZONAS,2022-07-01,74.17
2352,RORAIMA,2022-07-01,53.55
2353,PARÁ,2022-07-01,75.92
2354,AMAPÁ,2022-07-01,76.58
2355,TOCANTINS,2022-07-01,73.65
2356,MARANHÃO,2022-07-01,79.45
2357,PIAUÍ,2022-07-01,80.62
2358,CEARÁ,2022-07-01,78.85
2359,RIO GRANDE DO NORTE,2022-07-01,76.28
2360,PARAÍBA,2022-07-01,76.12
2361,PERNAMBUCO,2022-07-01,76.63
2362,ALAGOAS,2022-07-01,74.78
2363,SERGIPE,2022-07-01,76.84
2364,BAHIA,2022-07-01,76.28
2365,MINAS GERAIS,2022-07-01,72.45
2366,ESPÍRITO SANTO,2022-07-01,75.93
2367,RIO DE JANEIRO,2022-07-01,73.58
2368,SÃO PAULO,2022-07-01,64.42
2369,PARANÁ,2022-07-01,72.59
2370,SANTA CATARINA,2022-07-01,68.83
2371,RIO GRANDE DO SUL,2022-07-01,71.73
2372,MATO GROSSO DO SUL,2022-07-01,73.7
2373,MATO GROSSO,2022-07-01,73.85
2374,GOIÁS,2022-07-01,75.44
2375,DISTRITO FEDERAL,2022-07-01,73.25
2376,RONDÔNIA,2022-08-01,71.35
2377,ACRE,2022-08-01,82.08
2378,AMAZONAS,2022-08-01,77.73
2379,RORAIMA,2022-08-01,56.09
2380,PARÁ,2022-08-01,78.5
2381,AMAPÁ,2022-08-01,79.49
2382,TOCANTINS,2022-08-01,75.3
2383,MARANHÃO,2022-08-01,81.07
2384,PIAUÍ,2022-08-01,82.45
2385,CEARÁ,2022-08-01,80.85
2386,RIO GRANDE DO NORTE,2022-08-01,78.93
2387,PARAÍBA,2022-08-01,78.67
2388,PERNAMBUCO,2022-08-01,78.9
2389,ALAGOAS,2022-08-01,77.27
2390,SERGIPE,2022-08-01,79.85
2391,BAHIA,2022-08-01,79.15
2392,MINAS GERAIS,2022-08-01,74.47
2393,ESPÍRITO SANTO,2022-08-01,77.34
2394,RIO DE JANEIRO,2022-08-01,76.75
2395,SÃO PAULO,2022-08-01,66.88
2396,PARANÁ,2022-08-01,74.07
2397,SANTA CATARINA,2022-08-01,70.58
2398,RIO GRANDE DO SUL,2022-08-01,74.71
2399,MATO GROSSO DO SUL,2022-08-01,75.7
2400,MATO GROSSO,2022-08-01,75.4
2401,GOIÁS,2022-08-01,77.61
2402,DISTRITO FEDERAL,2022-08-01,76.96
2403,RONDÔNIA,2022-09-01,72.71
2404,ACRE,2022-09-01,83.12
2405,AMAZONAS,2022-09-01,79.68
2406,RORAIMA,2022-09-01,58.85
2407,PARÁ,2022-09-01,80.15
2408,AMAPÁ,2022-09-01,81.46
2409,TOCANTINS,2022-09-01,76.31
2410,MARANHÃO,2022-09-01,82.06
2411,PIAUÍ,2022-09-01,83.35
2412,CEARÁ,2022-09-01,81.83
2413,RIO GRANDE DO NORTE,2022-09-01,80.46
2414,PARAÍBA,2022-09-01,80.12
2415,PERNAMBUCO,2022-09-01,80.45
2416,ALAGOAS,2022-09-01,79.29
2417,SERGIPE,2022-09-01,81.22
2418,BAHIA,2022-09-01,80.71
2419,MINAS GERAIS,2022-09-01,75.65
2420,ESPÍRITO SANTO,2022-09-01,78.3
2421,RIO DE JANEIRO,2022-09-01,78.23
2422,SÃO PAULO,2022-09-01,68.79
2423,PARANÁ,2022-09-01,75.17
2424,SANTA CATARINA,2022-09-01,71.92
2425,RIO GRANDE DO SUL,2022-09-01,76.46
2426,MATO GROSSO DO SUL,2022-09-01,77.13
2427,MATO GROSSO,2022-09-01,76.44
2428,GOIÁS,2022-09-01,79.02
2429,DISTRITO FEDERAL,2022-09-01,79.89
2430,RONDÔNIA,2022-10-01,74.14
2431,ACRE,2022-10-01,83.98
2432,AMAZONAS,2022-10-01,82.13
2433,RORAIMA,2022-10-01,61.47
2434,PARÁ,2022-10-01,81.52
2435,AMAPÁ,2022-10-01,82.5
2436,TOCANTINS,2022-10-01,77.35
2437,MARANHÃO,2022-10-01,82.68
2438,PIAUÍ,2022-10-01,84.59
2439,CEARÁ,2022-10-01,82.95
2440,RIO GRANDE DO NORTE,2022-10-01,82.04
2441,PARAÍBA,2022-10-01,81.53
2442,PERNAMBUCO,2022-10-01,81.84
2443,ALAGOAS,2022-10-01,81.28
2444,SERGIPE,2022-10-01,82.5
2445,BAHIA,2022-10-01,82.08
2446,MINAS GERAIS,2022-10-01,76.79
2447,ESPÍRITO SANTO,2022-10-01,79.12
2448,RIO DE JANEIRO,2022-10-01,80.54
2449,SÃO PAULO,2022-10-01,70.84
2450,PARANÁ,2022-10-01,76.24
2451,SANTA CATARINA,2022-10-01,73.42
2452,RIO GRANDE DO SUL,2022-10-01,78.07
2453,MATO GROSSO DO SUL,2022-10-01,78.16
2454,MATO GROSSO,2022-10-01,77.47
2455,GOIÁS,2022-10-01,80.2
2456,DISTRITO FEDERAL,2022-10-01,83.3
2457,RONDÔNIA,2022-11-01,75.72
2458,ACRE,2022-11-01,85.3
2459,AMAZONAS,2022-11-01,84.19
2460,RORAIMA,2022-11-01,63.93
2461,PARÁ,2022-11-01,83.0
2462,AMAPÁ,2022-11-01,84.45
2463,TOCANTINS,2022-11-01,78.5
2464,MARANHÃO,2022-11-01,83.76
2465,PIAUÍ,2022-11-01,86.0
2466,CEARÁ,2022-11-01,84.02
2467,RIO GRANDE DO NORTE,2022-11-01,83.42
2468,PARAÍBA,2022-11-01,82.91
2469,PERNAMBUCO,2022-11-01,83.02
2470,ALAGOAS,2022-11-01,83.08
2471,SERGIPE,2022-11-01,83.67
2472,BAHIA,2022-11-01,83.13
2473,MINAS GERAIS,2022-11-01,78.17
2474,ESPÍRITO SANTO,2022-11-01,79.87
2475,RIO DE JANEIRO,2022-11-01,82.24
2476,SÃO PAULO,2022-11-01,72.3
2477,PARANÁ,2022-11-01,77.23
2478,SANTA CATARINA,2022-11-01,74.7
2479,RIO GRANDE DO SUL,2022-11-01,79.45
2480,MATO GROSSO DO SUL,2022-11-01,79.44
2481,MATO GROSSO,2022-11-01,78.33
2482,GOIÁS,2022-11-01,81.27
2483,DISTRITO FEDERAL,2022-11-01,85.48
2484,RONDÔNIA,2022-12-01,76.66
2485,ACRE,2022-12-01,85.86
2486,AMAZONAS,2022-12-01,85.26
2487,RORAIMA,2022-12-01,66.27
2488,PARÁ,2022-12-01,83.51
2489,AMAPÁ,2022-12-01,85.52
2490,TOCANTINS,2022-12-01,78.85
2491,MARANHÃO,2022-12-01,84.53
2492,PIAUÍ,2022-12-01,86.7
2493,CEARÁ,2022-12-01,84.59
2494,RIO GRANDE DO NORTE,2022-12-01,84.06
2495,PARAÍBA,2022-12-01,83.84
2496,PERNAMBUCO,2022-12-01,83.84
2497,ALAGOAS,2022-12-01,83.8
2498,SERGIPE,2022-12-01,84.23
2499,BAHIA,2022-12-01,83.87
2500,MINAS GERAIS,2022-12-01,78.63
2501,ESPÍRITO SANTO,2022-12-01,80.14
2502,RIO DE JANEIRO,2022-12-01,82.98
2503,SÃO PAULO,2022-12-01,73.15
2504,PARANÁ,2022-12-01,77.56
2505,SANTA CATARINA,2022-12-01,75.69
2506,RIO GRANDE DO SUL,2022-12-01,80.14
2507,MATO GROSSO DO SUL,2022-12-01,79.97
2508,MATO GROSSO,2022-12-01,78.48
2509,GOIÁS,2022-12-01,81.72
2510,DISTRITO FEDERAL,2022-12-01,87.33
2511,RONDÔNIA,2023-01-01,76.78
2512,ACRE,2023-01-01,86.03
2513,AMAZONAS,2023-01-01,85.59
2514,RORAIMA,2023-01-01,66.83
2515,PARÁ,2023-01-01,83.63
2516,AMAPÁ,2023-01-01,85.63
2517,TOCANTINS,2023-01-01,78.92
2518,MARANHÃO,2023-01-01,84.76
2519,PIAUÍ,2023-01-01,86.86
2520,CEARÁ,2023-01-01,84.7
2521,RIO GRANDE DO NORTE,2023-01-01,84.12
2522,PARAÍBA,2023-01-01,84.01
2523,PERNAMBUCO,2023-01-01,83.97
2524,ALAGOAS,2023-01-01,83.96
2525,SERGIPE,2023-01-01,84.27
2526,BAHIA,2023-01-01,84.1
2527,MINAS GERAIS,2023-01-01,78.72
2528,ESPÍRITO SANTO,2023-01-01,80.28
2529,RIO DE JANEIRO,2023-01-01,83.2
2530,SÃO PAULO,2023-01-01,73.35
2531,PARANÁ,2023-01-01,77.43
2532,SANTA CATARINA,2023-01-01,75.9
2533,RIO GRANDE DO SUL,2023-01-01,80.29
2534,MATO GROSSO DO SUL,2023-01-01,79.94
2535,MATO GROSSO,2023-01-01,78.34
2536,GOIÁS,2023-01-01,81.88
2537,DISTRITO FEDERAL,2023-01-01,88.11
2538,RONDÔNIA,2023-02-01,77.23
2539,ACRE,2023-02-01,86.15
2540,AMAZONAS,2023-02-01,86.26
2541,RORAIMA,2023-02-01,67.98
2542,PARÁ,2023-02-01,83.56
2543,AMAPÁ,2023-02-01,85.49
2544,TOCANTINS,2023-02-01,78.76
2545,MARANHÃO,2023-02-01,84.81
2546,PIAUÍ,2023-02-01,86.74
2547,CEARÁ,2023-02-01,84.21
2548,RIO GRANDE DO NORTE,2023-02-01,83.98
2549,PARAÍBA,2023-02-01,83.74
2550,PERNAMBUCO,2023-02-01,83.76
2551,ALAGOAS,2023-02-01,83.66
2552,SERGIPE,2023-02-01,83.86
2553,BAHIA,2023-02-01,83.88
2554,MINAS GERAIS,2023-02-01,78.66
2555,ESPÍRITO SANTO,2023-02-01,80.11
2556,RIO DE JANEIRO,2023-02-01,83.24
2557,SÃO PAULO,2023-02-01,73.51
2558,PARANÁ,2023-02-01,77.34
2559,SANTA CATARINA,2023-02-01,76.11
2560,RIO GRANDE DO SUL,2023-02-01,80.2
2561,MATO GROSSO DO SUL,2023-02-01,79.9
2562,MATO GROSSO,2023-02-01,78.01
2563,GOIÁS,2023-02-01,81.87
2564,DISTRITO FEDERAL,2023-02-01,88.77
2565,RONDÔNIA,2023-03-01,77.2
2566,ACRE,2023-03-01,86.16
2567,AMAZONAS,2023-03-01,86.76
2568,RORAIMA,2023-03-01,69.67
2569,PARÁ,2023-03-01,83.33
2570,AMAPÁ,2023-03-01,85.71
2571,TOCANTINS,2023-03-01,78.75
2572,MARANHÃO,2023-03-01,84.33
2573,PIAUÍ,2023-03-01,86.57
2574,CEARÁ,2023-03-01,84.26
2575,RIO GRANDE DO NORTE,2023-03-01,83.91
2576,PARAÍBA,2023-03-01,83.43
2577,PERNAMBUCO,2023-03-01,83.32
2578,ALAGOAS,2023-03-01,83.2
2579,SERGIPE,2023-03-01,83.32
2580,BAHIA,2023-03-01,83.72
2581,MINAS GERAIS,2023-03-01,78.5
2582,ESPÍRITO SANTO,2023-03-01,79.84
2583,RIO DE JANEIRO,2023-03-01,83.17
2584,SÃO PAULO,2023-03-01,73.6
2585,PARANÁ,2023-03-01,77.38
2586,SANTA CATARINA,2023-03-01,76.21
2587,RIO GRANDE DO SUL,2023-03-01,80.24
2588,MATO GROSSO DO SUL,2023-03-01,79.74
2589,MATO GROSSO,2023-03-01,77.96
2590,GOIÁS,2023-03-01,81.98
2591,DISTRITO FEDERAL,2023-03-01,89.09
2592,RONDÔNIA,2023-04-01,79.47
2593,ACRE,2023-04-01,87.2
2594,AMAZONAS,2023-04-01,88.45
2595,RORAIMA,2023-04-01,74.25
2596,PARÁ,2023-04-01,85.03
2597,AMAPÁ,2023-04-01,87.17
2598,TOCANTINS,2023-04-01,80.75
2599,MARANHÃO,2023-04-01,85.82
2600,PIAUÍ,2023-04-01,87.8
2601,CEARÁ,2023-04-01,86.07
2602,RIO GRANDE DO NORTE,2023-04-01,85.33
2603,PARAÍBA,2023-04-01,84.91
2604,PERNAMBUCO,2023-04-01,84.67
2605,ALAGOAS,2023-04-01,84.62
2606,SERGIPE,2023-04-01,84.59
2607,BAHIA,2023-04-01,85.15
2608,MINAS GERAIS,2023-04-01,80.4
2609,ESPÍRITO SANTO,2023-04-01,81.49
2610,RIO DE JANEIRO,2023-04-01,84.66
2611,SÃO PAULO,2023-04-01,76.2
2612,PARANÁ,2023-04-01,78.7
2613,SANTA CATARINA,2023-04-01,77.8
2614,RIO GRANDE DO SUL,2023-04-01,81.92
2615,MATO GROSSO DO SUL,2023-04-01,81.82
2616,MATO GROSSO,2023-04-01,80.07
2617,GOIÁS,2023-04-01,83.91
2618,DISTRITO FEDERAL,2023-04-01,90.68
2619,RONDÔNIA,2023-05-01,79.72
2620,ACRE,2023-05-01,87.15
2621,AMAZONAS,2023-05-01,88.66
2622,RORAIMA,2023-05-01,76.04
2623,PARÁ,2023-05-01,85.22
2624,AMAPÁ,2023-05-01,87.28
2625,TOCANTINS,2023-05-01,80.73
2626,MARANHÃO,2023-05-01,85.75
2627,PIAUÍ,2023-05-01,87.84
2628,CEARÁ,2023-05-01,86.06
2629,RIO GRANDE DO NORTE,2023-05-01,85.44
2630,PARAÍBA,2023-05-01,84.94
2631,PERNAMBUCO,2023-05-01,84.83
2632,ALAGOAS,2023-05-01,84.51
2633,SERGIPE,2023-05-01,84.8
2634,BAHIA,2023-05-01,85.05
2635,MINAS GERAIS,2023-05-01,80.26
2636,ESPÍRITO SANTO,2023-05-01,81.02
2637,RIO DE JANEIRO,2023-05-01,85.01
2638,SÃO PAULO,2023-05-01,76.51
2639,PARANÁ,2023-05-01,78.45
2640,SANTA CATARINA,2023-05-01,77.62
2641,RIO GRANDE DO SUL,2023-05-01,81.9
2642,MATO GROSSO DO SUL,2023-05-01,82.01
2643,MATO GROSSO,2023-05-01,80.09
2644,GOIÁS,2023-05-01,83.79
2645,DISTRITO FEDERAL,2023-05-01,90.84
2646,RONDÔNIA,2023-06-01,83.55
2647,ACRE,2023-06-01,88.82
2648,AMAZONAS,2023-06-01,90.62
2649,RORAIMA,2023-06-01,79.63
2650,PARÁ,2023-06-01,87.71
2651,AMAPÁ,2023-06-01,89.37
2652,TOCANTINS,2023-06-01,84.78
2653,MARANHÃO,2023-06-01,87.7
2654,PIAUÍ,2023-06-01,90.23
2655,CEARÁ,2023-06-01,89.02
2656,RIO GRANDE DO NORTE,2023-06-01,88.58
2657,PARAÍBA,2023-06-01,87.96
2658,PERNAMBUCO,2023-06-01,87.86
2659,ALAGOAS,2023-06-01,87.07
2660,SERGIPE,2023-06-01,88.11
2661,BAHIA,2023-06-01,87.93
2662,MINAS GERAIS,2023-06-01,84.64
2663,ESPÍRITO SANTO,2023-06-01,85.05
2664,RIO DE JANEIRO,2023-06-01,87.83
2665,SÃO PAULO,2023-06-01,82.11
2666,PARANÁ,2023-06-01,84.4
2667,SANTA CATARINA,2023-06-01,82.82
2668,RIO GRANDE DO SUL,2023-06-01,86.43
2669,MATO GROSSO DO SUL,2023-06-01,86.14
2670,MATO GROSSO,2023-06-01,84.33
2671,GOIÁS,2023-06-01,87.03
2672,DISTRITO FEDERAL,2023-06-01,93.09
2673,RONDÔNIA,2023-07-01,83.59
2674,ACRE,2023-07-01,88.57
2675,AMAZONAS,2023-07-01,90.75
2676,RORAIMA,2023-07-01,80.04
2677,PARÁ,2023-07-01,87.72
2678,AMAPÁ,2023-07-01,89.37
2679,TOCANTINS,2023-07-01,84.83
2680,MARANHÃO,2023-07-01,87.55
2681,PIAUÍ,2023-07-01,90.19
2682,CEARÁ,2023-07-01,88.84
2683,RIO GRANDE DO NORTE,2023-07-01,88.53
2684,PARAÍBA,2023-07-01,87.94
2685,PERNAMBUCO,2023-07-01,87.92
2686,ALAGOAS,2023-07-01,86.98
2687,SERGIPE,2023-07-01,88.12
2688,BAHIA,2023-07-01,87.91
2689,MINAS GERAIS,2023-07-01,84.57
2690,ESPÍRITO SANTO,2023-07-01,84.98
2691,RIO DE JANEIRO,2023-07-01,87.73
2692,SÃO PAULO,2023-07-01,82.21
2693,PARANÁ,2023-07-01,84.41
2694,SANTA CATARINA,2023-07-01,82.86
2695,RIO GRANDE DO SUL,2023-07-01,86.4
2696,MATO GROSSO DO SUL,2023-07-01,86.35
2697,MATO GROSSO,2023-07-01,84.28
2698,GOIÁS,2023-07-01,86.94
2699,DISTRITO FEDERAL,2023-07-01,93.13
2700,RONDÔNIA,2023-08-01,83.58
2701,ACRE,2023-08-01,88.35
2702,AMAZONAS,2023-08-01,90.85
2703,RORAIMA,2023-08-01,80.63
2704,PARÁ,2023-08-01,87.66
2705,AMAPÁ,2023-08-01,89.37
2706,TOCANTINS,2023-08-01,84.95
2707,MARANHÃO,2023-08-01,87.39
2708,PIAUÍ,2023-08-01,90.16
2709,CEARÁ,2023-08-01,88.75
2710,RIO GRANDE DO NORTE,2023-08-01,88.5
2711,PARAÍBA,2023-08-01,88.08
2712,PERNAMBUCO,2023-08-01,87.96
2713,ALAGOAS,2023-08-01,86.94
2714,SERGIPE,2023-08-01,88.16
2715,BAHIA,2023-08-01,87.98
2716,MINAS GERAIS,2023-08-01,84.58
2717,ESPÍRITO SANTO,2023-08-01,84.78
2718,RIO DE JANEIRO,2023-08-01,87.65
2719,SÃO PAULO,2023-08-01,82.3
2720,PARANÁ,2023-08-01,84.51
2721,SANTA CATARINA,2023-08-01,82.93
2722,RIO GRANDE DO SUL,2023-08-01,86.41
2723,MATO GROSSO DO SUL,2023-08-01,86.35
2724,MATO GROSSO,2023-08-01,84.35
2725,GOIÁS,2023-08-01,86.9
2726,DISTRITO FEDERAL,2023-08-01,93.0
2727,RONDÔNIA,2023-09-01,83.57
2728,ACRE,2023-09-01,88.13
2729,AMAZONAS,2023-09-01,90.8
2730,RORAIMA,2023-09-01,81.39
2731,PARÁ,2023-09-01,87.6
2732,AMAPÁ,2023-09-01,89.28
2733,TOCANTINS,2023-09-01,85.09
2734,MARANHÃO,2023-09-01,87.09
2735,PIAUÍ,2023-09-01,90.18
2736,CEARÁ,2023-09-01,88.48
2737,RIO GRANDE DO NORTE,2023-09-01,88.46
2738,PARAÍBA,2023-09-01,88.22
2739,PERNAMBUCO,2023-09-01,88.05
2740,ALAGOAS,2023-09-01,86.82
2741,SERGIPE,2023-09-01,88.32
2742,BAHIA,2023-09-01,88.08
2743,MINAS GERAIS,2023-09-01,84.5
2744,ESPÍRITO SANTO,2023-09-01,84.58
2745,RIO DE JANEIRO,2023-09-01,87.6
2746,SÃO PAULO,2023-09-01,82.33
2747,PARANÁ,2023-09-01,84.61
2748,SANTA CATARINA,2023-09-01,83.12
2749,RIO GRANDE DO SUL,2023-09-01,86.41
2750,MATO GROSSO DO SUL,2023-09-01,86.27
2751,MATO GROSSO,2023-09-01,84.34
2752,GOIÁS,2023-09-01,86.73
2753,DISTRITO FEDERAL,2023-09-01,92.79
2754,RONDÔNIA,2023-10-01,83.86
2755,ACRE,2023-10-01,88.17
2756,AMAZONAS,2023-10-01,90.89
2757,RORAIMA,2023-10-01,81.82
2758,PARÁ,2023-10-01,87.41
2759,AMAPÁ,2023-10-01,89.18
2760,TOCANTINS,2023-10-01,85.4
2761,MARANHÃO,2023-10-01,87.02
2762,PIAUÍ,2023-10-01,90.39
2763,CEARÁ,2023-10-01,88.33
2764,RIO GRANDE DO NORTE,2023-10-01,88.52
2765,PARAÍBA,2023-10-01,88.52
2766,PERNAMBUCO,2023-10-01,88.3
2767,ALAGOAS,2023-10-01,87.08
2768,SERGIPE,2023-10-01,88.64
2769,BAHIA,2023-10-01,88.3
2770,MINAS GERAIS,2023-10-01,84.69
2771,ESPÍRITO SANTO,2023-10-01,84.73
2772,RIO DE JANEIRO,2023-10-01,87.64
2773,SÃO PAULO,2023-10-01,82.54
2774,PARANÁ,2023-10-01,85.03
2775,SANTA CATARINA,2023-10-01,83.45
2776,RIO GRANDE DO SUL,2023-10-01,86.64
2777,MATO GROSSO DO SUL,2023-10-01,86.4
2778,MATO GROSSO,2023-10-01,84.57
2779,GOIÁS,2023-10-01,86.71
2780,DISTRITO FEDERAL,2023-10-01,92.83
2781,RONDÔNIA,2023-11-01,83.78
2782,ACRE,2023-11-01,88.35
2783,AMAZONAS,2023-11-01,91.19
2784,RORAIMA,2023-11-01,82.89
2785,PARÁ,2023-11-01,87.53
2786,AMAPÁ,2023-11-01,89.27
2787,TOCANTINS,2023-11-01,85.68
2788,MARANHÃO,2023-11-01,86.77
2789,PIAUÍ,2023-11-01,90.88
2790,CEARÁ,2023-11-01,88.4
2791,RIO GRANDE DO NORTE,2023-11-01,88.82
2792,PARAÍBA,2023-11-01,88.98
2793,PERNAMBUCO,2023-11-01,88.96
2794,ALAGOAS,2023-11-01,87.67
2795,SERGIPE,2023-11-01,89.27
2796,BAHIA,2023-11-01,88.79
2797,MINAS GERAIS,2023-11-01,84.89
2798,ESPÍRITO SANTO,2023-11-01,84.85
2799,RIO DE JANEIRO,2023-11-01,88.44
2800,SÃO PAULO,2023-11-01,83.14
2801,PARANÁ,2023-11-01,85.3
2802,SANTA CATARINA,2023-11-01,83.86
2803,RIO GRANDE DO SUL,2023-11-01,87.0
2804,MATO GROSSO DO SUL,2023-11-01,86.59
2805,MATO GROSSO,2023-11-01,84.7
2806,GOIÁS,2023-11-01,86.75
2807,DISTRITO FEDERAL,2023-11-01,93.03
2808,RONDÔNIA,2023-12-01,83.1
2809,ACRE,2023-12-01,87.27
2810,AMAZONAS,2023-12-01,90.56
2811,RORAIMA,2023-12-01,83.11
2812,PARÁ,2023-12-01,87.02
2813,AMAPÁ,2023-12-01,88.42
2814,TOCANTINS,2023-12-01,85.35
2815,MARANHÃO,2023-12-01,85.66
2816,PIAUÍ,2023-12-01,90.24
2817,CEARÁ,2023-12-01,88.11
2818,RIO GRANDE DO NORTE,2023-12-01,88.15
2819,PARAÍBA,2023-12-01,88.61
2820,PERNAMBUCO,2023-12-01,88.72
2821,ALAGOAS,2023-12-01,87.65
2822,SERGIPE,2023-12-01,88.82
2823,BAHIA,2023-12-01,88.21
2824,MINAS GERAIS,2023-12-01,84.34
2825,ESPÍRITO SANTO,2023-12-01,84.39
2826,RIO DE JANEIRO,2023-12-01,88.25
2827,SÃO PAULO,2023-12-01,83.21
2828,PARANÁ,2023-12-01,84.98
2829,SANTA CATARINA,2023-12-01,83.62
2830,RIO GRANDE DO SUL,2023-12-01,86.63
2831,MATO GROSSO DO SUL,2023-12-01,86.02
2832,MATO GROSSO,2023-12-01,84.33
2833,GOIÁS,2023-12-01,85.98
2834,DISTRITO FEDERAL,2023-12-01,93.04
2835,RONDÔNIA,2024-01-01,83.91
2836,ACRE,2024-01-01,87.02
2837,AMAZONAS,2024-01-01,90.63
2838,RORAIMA,2024-01-01,83.96
2839,PARÁ,2024-01-01,87.59
2840,AMAPÁ,2024-01-01,88.67
2841,TOCANTINS,2024-01-01,86.24
2842,MARANHÃO,2024-01-01,85.85
2843,PIAUÍ,2024-01-01,89.97
2844,CEARÁ,2024-01-01,87.97
2845,RIO GRANDE DO NORTE,2024-01-01,87.92
2846,PARAÍBA,2024-01-01,88.46
2847,PERNAMBUCO,2024-01-01,88.69
2848,ALAGOAS,2024-01-01,87.77
2849,SERGIPE,2024-01-01,88.87
2850,BAHIA,2024-01-01,88.08
2851,MINAS GERAIS,2024-01-01,84.42
2852,ESPÍRITO SANTO,2024-01-01,84.3
2853,RIO DE JANEIRO,2024-01-01,87.87
2854,SÃO PAULO,2024-01-01,83.19
2855,PARANÁ,2024-01-01,85.2
2856,SANTA CATARINA,2024-01-01,83.99
2857,RIO GRANDE DO SUL,2024-01-01,86.82
2858,MATO GROSSO DO SUL,2024-01-01,86.74
2859,MATO GROSSO,2024-01-01,85.43
2860,GOIÁS,2024-01-01,86.43
2861,DISTRITO FEDERAL,2024-01-01,92.96
2862,RONDÔNIA,2024-02-01,83.89
2863,ACRE,2024-02-01,87.07
2864,AMAZONAS,2024-02-01,90.9
2865,RORAIMA,2024-02-01,84.37
2866,PARÁ,2024-02-01,87.44
2867,AMAPÁ,2024-02-01,88.36
2868,TOCANTINS,2024-02-01,86.45
2869,MARANHÃO,2024-02-01,85.86
2870,PIAUÍ,2024-02-01,89.56
2871,CEARÁ,2024-02-01,88.12
2872,RIO GRANDE DO NORTE,2024-02-01,87.8
2873,PARAÍBA,2024-02-01,88.46
2874,PERNAMBUCO,2024-02-01,88.74
2875,ALAGOAS,2024-02-01,87.84
2876,SERGIPE,2024-02-01,88.66
2877,BAHIA,2024-02-01,87.9
2878,MINAS GERAIS,2024-02-01,84.44
2879,ESPÍRITO SANTO,2024-02-01,84.35
2880,RIO DE JANEIRO,2024-02-01,87.57
2881,SÃO PAULO,2024-02-01,83.36
2882,PARANÁ,2024-02-01,85.2
2883,SANTA CATARINA,2024-02-01,84.01
2884,RIO GRANDE DO SUL,2024-02-01,86.92
2885,MATO GROSSO DO SUL,2024-02-01,86.65
2886,MATO GROSSO,2024-02-01,85.18
2887,GOIÁS,2024-02-01,85.96
2888,DISTRITO FEDERAL,2024-02-01,92.7
2889,RONDÔNIA,2024-03-01,83.76
2890,ACRE,2024-03-01,86.62
2891,AMAZONAS,2024-03-01,90.82
2892,RORAIMA,2024-03-01,84.67
2893,PARÁ,2024-03-01,87.33
2894,AMAPÁ,2024-03-01,87.83
2895,TOCANTINS,2024-03-01,86.39
2896,MARANHÃO,2024-03-01,85.95
2897,PIAUÍ,2024-03-01,89.35
2898,CEARÁ,2024-03-01,88.01
2899,RIO GRANDE DO NORTE,2024-03-01,87.65
2900,PARAÍBA,2024-03-01,88.42
2901,PERNAMBUCO,2024-03-01,88.64
2902,ALAGOAS,2024-03-01,87.85
2903,SERGIPE,2024-03-01,88.55
2904,BAHIA,2024-03-01,87.76
2905,MINAS GERAIS,2024-03-01,84.13
2906,ESPÍRITO SANTO,2024-03-01,84.11
2907,RIO DE JANEIRO,2024-03-01,87.25
2908,SÃO PAULO,2024-03-01,83.33
2909,PARANÁ,2024-03-01,85.06
2910,SANTA CATARINA,2024-03-01,83.77
2911,RIO GRANDE DO SUL,2024-03-01,86.75
2912,MATO GROSSO DO SUL,2024-03-01,86.6
2913,MATO GROSSO,2024-03-01,85.04
2914,GOIÁS,2024-03-01,85.49
2915,DISTRITO FEDERAL,2024-03-01,92.45
