,Unidade Territorial,Referência,Perc RF fam PBF
0,RONDÔNIA,2013-12-01,92.4
1,ACRE,2013-12-01,90.4
2,AMAZONAS,2013-12-01,90.5
3,RORAIMA,2013-12-01,88.0
4,PARÁ,2013-12-01,91.5
5,AMAPÁ,2013-12-01,92.1
6,TOCANTINS,2013-12-01,91.8
7,MARANHÃO,2013-12-01,90.7
8,PIAUÍ,2013-12-01,90.0
9,CEARÁ,2013-12-01,94.0
10,RIO GRANDE DO NORTE,2013-12-01,92.5
11,PARAÍBA,2013-12-01,93.1
12,PERNAMBUCO,2013-12-01,91.3
13,ALAGOAS,2013-12-01,92.0
14,SERGIPE,2013-12-01,91.8
15,BAHIA,2013-12-01,91.3
16,MINAS GERAIS,2013-12-01,92.6
17,ESPÍRITO SANTO,2013-12-01,92.9
18,RIO DE JANEIRO,2013-12-01,94.0
19,SÃO PAULO,2013-12-01,93.9
20,PARANÁ,2013-12-01,92.2
21,SANTA CATARINA,2013-12-01,93.0
22,RIO GRANDE DO SUL,2013-12-01,92.8
23,MATO GROSSO DO SUL,2013-12-01,91.7
24,MATO GROSSO,2013-12-01,93.4
25,GOIÁS,2013-12-01,93.8
26,DISTRITO FEDERAL,2013-12-01,93.8
27,RONDÔNIA,2014-01-01,92.5
28,ACRE,2014-01-01,90.4
29,AMAZONAS,2014-01-01,90.5
30,RORAIMA,2014-01-01,88.1
31,PARÁ,2014-01-01,91.5
32,AMAPÁ,2014-01-01,92.1
33,TOCANTINS,2014-01-01,91.8
34,MARANHÃO,2014-01-01,90.7
35,PIAUÍ,2014-01-01,90.1
36,CEARÁ,2014-01-01,94.0
37,RIO GRANDE DO NORTE,2014-01-01,92.6
38,PARAÍBA,2014-01-01,93.1
39,PERNAMBUCO,2014-01-01,91.4
40,ALAGOAS,2014-01-01,92.0
41,SERGIPE,2014-01-01,91.8
42,BAHIA,2014-01-01,91.3
43,MINAS GERAIS,2014-01-01,92.6
44,ESPÍRITO SANTO,2014-01-01,93.0
45,RIO DE JANEIRO,2014-01-01,94.0
46,SÃO PAULO,2014-01-01,93.9
47,PARANÁ,2014-01-01,92.3
48,SANTA CATARINA,2014-01-01,93.0
49,RIO GRANDE DO SUL,2014-01-01,92.8
50,MATO GROSSO DO SUL,2014-01-01,91.8
51,MATO GROSSO,2014-01-01,93.4
52,GOIÁS,2014-01-01,93.8
53,DISTRITO FEDERAL,2014-01-01,93.8
54,RONDÔNIA,2014-02-01,92.5
55,ACRE,2014-02-01,90.4
56,AMAZONAS,2014-02-01,90.5
57,RORAIMA,2014-02-01,88.1
58,PARÁ,2014-02-01,91.5
59,AMAPÁ,2014-02-01,92.1
60,TOCANTINS,2014-02-01,91.8
61,MARANHÃO,2014-02-01,90.7
62,PIAUÍ,2014-02-01,90.1
63,CEARÁ,2014-02-01,94.0
64,RIO GRANDE DO NORTE,2014-02-01,92.6
65,PARAÍBA,2014-02-01,93.1
66,PERNAMBUCO,2014-02-01,91.4
67,ALAGOAS,2014-02-01,92.0
68,SERGIPE,2014-02-01,91.8
69,BAHIA,2014-02-01,91.3
70,MINAS GERAIS,2014-02-01,92.6
71,ESPÍRITO SANTO,2014-02-01,93.0
72,RIO DE JANEIRO,2014-02-01,94.0
73,SÃO PAULO,2014-02-01,93.8
74,PARANÁ,2014-02-01,92.2
75,SANTA CATARINA,2014-02-01,92.9
76,RIO GRANDE DO SUL,2014-02-01,92.7
77,MATO GROSSO DO SUL,2014-02-01,91.7
78,MATO GROSSO,2014-02-01,93.4
79,GOIÁS,2014-02-01,93.8
80,DISTRITO FEDERAL,2014-02-01,93.8
81,RONDÔNIA,2014-03-01,92.5
82,ACRE,2014-03-01,90.3
83,AMAZONAS,2014-03-01,90.4
84,RORAIMA,2014-03-01,88.2
85,PARÁ,2014-03-01,91.5
86,AMAPÁ,2014-03-01,92.1
87,TOCANTINS,2014-03-01,91.7
88,MARANHÃO,2014-03-01,90.7
89,PIAUÍ,2014-03-01,89.9
90,CEARÁ,2014-03-01,93.8
91,RIO GRANDE DO NORTE,2014-03-01,92.4
92,PARAÍBA,2014-03-01,93.0
93,PERNAMBUCO,2014-03-01,91.4
94,ALAGOAS,2014-03-01,91.9
95,SERGIPE,2014-03-01,91.7
96,BAHIA,2014-03-01,91.1
97,MINAS GERAIS,2014-03-01,92.5
98,ESPÍRITO SANTO,2014-03-01,92.8
99,RIO DE JANEIRO,2014-03-01,94.0
100,SÃO PAULO,2014-03-01,93.7
101,PARANÁ,2014-03-01,92.1
102,SANTA CATARINA,2014-03-01,92.8
103,RIO GRANDE DO SUL,2014-03-01,92.5
104,MATO GROSSO DO SUL,2014-03-01,91.6
105,MATO GROSSO,2014-03-01,93.2
106,GOIÁS,2014-03-01,93.8
107,DISTRITO FEDERAL,2014-03-01,93.8
108,RONDÔNIA,2014-04-01,92.4
109,ACRE,2014-04-01,90.2
110,AMAZONAS,2014-04-01,90.4
111,RORAIMA,2014-04-01,88.2
112,PARÁ,2014-04-01,91.5
113,AMAPÁ,2014-04-01,92.0
114,TOCANTINS,2014-04-01,91.6
115,MARANHÃO,2014-04-01,90.6
116,PIAUÍ,2014-04-01,89.8
117,CEARÁ,2014-04-01,93.8
118,RIO GRANDE DO NORTE,2014-04-01,92.3
119,PARAÍBA,2014-04-01,92.9
120,PERNAMBUCO,2014-04-01,91.3
121,ALAGOAS,2014-04-01,91.9
122,SERGIPE,2014-04-01,91.6
123,BAHIA,2014-04-01,91.0
124,MINAS GERAIS,2014-04-01,92.5
125,ESPÍRITO SANTO,2014-04-01,92.8
126,RIO DE JANEIRO,2014-04-01,93.9
127,SÃO PAULO,2014-04-01,93.5
128,PARANÁ,2014-04-01,92.0
129,SANTA CATARINA,2014-04-01,92.8
130,RIO GRANDE DO SUL,2014-04-01,92.4
131,MATO GROSSO DO SUL,2014-04-01,91.5
132,MATO GROSSO,2014-04-01,93.1
133,GOIÁS,2014-04-01,93.7
134,DISTRITO FEDERAL,2014-04-01,93.9
135,RONDÔNIA,2014-05-01,92.5
136,ACRE,2014-05-01,90.3
137,AMAZONAS,2014-05-01,90.5
138,RORAIMA,2014-05-01,88.2
139,PARÁ,2014-05-01,91.5
140,AMAPÁ,2014-05-01,92.1
141,TOCANTINS,2014-05-01,91.7
142,MARANHÃO,2014-05-01,90.7
143,PIAUÍ,2014-05-01,89.9
144,CEARÁ,2014-05-01,93.8
145,RIO GRANDE DO NORTE,2014-05-01,92.4
146,PARAÍBA,2014-05-01,93.0
147,PERNAMBUCO,2014-05-01,91.3
148,ALAGOAS,2014-05-01,91.9
149,SERGIPE,2014-05-01,91.7
150,BAHIA,2014-05-01,91.1
151,MINAS GERAIS,2014-05-01,92.5
152,ESPÍRITO SANTO,2014-05-01,92.8
153,RIO DE JANEIRO,2014-05-01,94.0
154,SÃO PAULO,2014-05-01,93.5
155,PARANÁ,2014-05-01,92.1
156,SANTA CATARINA,2014-05-01,92.8
157,RIO GRANDE DO SUL,2014-05-01,92.5
158,MATO GROSSO DO SUL,2014-05-01,91.6
159,MATO GROSSO,2014-05-01,93.2
160,GOIÁS,2014-05-01,93.8
161,DISTRITO FEDERAL,2014-05-01,93.8
162,RONDÔNIA,2014-06-01,93.1
163,ACRE,2014-06-01,90.6
164,AMAZONAS,2014-06-01,90.7
165,RORAIMA,2014-06-01,88.7
166,PARÁ,2014-06-01,91.8
167,AMAPÁ,2014-06-01,92.3
168,TOCANTINS,2014-06-01,92.4
169,MARANHÃO,2014-06-01,90.9
170,PIAUÍ,2014-06-01,90.2
171,CEARÁ,2014-06-01,94.1
172,RIO GRANDE DO NORTE,2014-06-01,92.7
173,PARAÍBA,2014-06-01,93.2
174,PERNAMBUCO,2014-06-01,91.6
175,ALAGOAS,2014-06-01,92.3
176,SERGIPE,2014-06-01,91.9
177,BAHIA,2014-06-01,91.3
178,MINAS GERAIS,2014-06-01,93.0
179,ESPÍRITO SANTO,2014-06-01,93.4
180,RIO DE JANEIRO,2014-06-01,94.2
181,SÃO PAULO,2014-06-01,93.9
182,PARANÁ,2014-06-01,92.8
183,SANTA CATARINA,2014-06-01,93.8
184,RIO GRANDE DO SUL,2014-06-01,93.0
185,MATO GROSSO DO SUL,2014-06-01,92.5
186,MATO GROSSO,2014-06-01,93.8
187,GOIÁS,2014-06-01,94.6
188,DISTRITO FEDERAL,2014-06-01,94.0
189,RONDÔNIA,2014-07-01,93.1
190,ACRE,2014-07-01,90.6
191,AMAZONAS,2014-07-01,90.5
192,RORAIMA,2014-07-01,88.8
193,PARÁ,2014-07-01,91.7
194,AMAPÁ,2014-07-01,92.4
195,TOCANTINS,2014-07-01,92.4
196,MARANHÃO,2014-07-01,90.6
197,PIAUÍ,2014-07-01,89.8
198,CEARÁ,2014-07-01,93.9
199,RIO GRANDE DO NORTE,2014-07-01,92.6
200,PARAÍBA,2014-07-01,93.0
201,PERNAMBUCO,2014-07-01,91.4
202,ALAGOAS,2014-07-01,92.1
203,SERGIPE,2014-07-01,91.5
204,BAHIA,2014-07-01,91.0
205,MINAS GERAIS,2014-07-01,92.9
206,ESPÍRITO SANTO,2014-07-01,93.4
207,RIO DE JANEIRO,2014-07-01,94.2
208,SÃO PAULO,2014-07-01,93.8
209,PARANÁ,2014-07-01,92.8
210,SANTA CATARINA,2014-07-01,93.7
211,RIO GRANDE DO SUL,2014-07-01,92.9
212,MATO GROSSO DO SUL,2014-07-01,92.5
213,MATO GROSSO,2014-07-01,93.8
214,GOIÁS,2014-07-01,94.5
215,DISTRITO FEDERAL,2014-07-01,94.2
216,RONDÔNIA,2014-08-01,93.2
217,ACRE,2014-08-01,90.7
218,AMAZONAS,2014-08-01,90.4
219,RORAIMA,2014-08-01,88.9
220,PARÁ,2014-08-01,91.8
221,AMAPÁ,2014-08-01,92.5
222,TOCANTINS,2014-08-01,92.4
223,MARANHÃO,2014-08-01,90.6
224,PIAUÍ,2014-08-01,89.8
225,CEARÁ,2014-08-01,93.9
226,RIO GRANDE DO NORTE,2014-08-01,92.6
227,PARAÍBA,2014-08-01,93.0
228,PERNAMBUCO,2014-08-01,91.4
229,ALAGOAS,2014-08-01,92.2
230,SERGIPE,2014-08-01,91.5
231,BAHIA,2014-08-01,91.1
232,MINAS GERAIS,2014-08-01,92.9
233,ESPÍRITO SANTO,2014-08-01,93.5
234,RIO DE JANEIRO,2014-08-01,94.2
235,SÃO PAULO,2014-08-01,93.9
236,PARANÁ,2014-08-01,92.8
237,SANTA CATARINA,2014-08-01,93.8
238,RIO GRANDE DO SUL,2014-08-01,93.0
239,MATO GROSSO DO SUL,2014-08-01,92.6
240,MATO GROSSO,2014-08-01,93.8
241,GOIÁS,2014-08-01,94.6
242,DISTRITO FEDERAL,2014-08-01,94.3
243,RONDÔNIA,2014-09-01,93.2
244,ACRE,2014-09-01,90.7
245,AMAZONAS,2014-09-01,90.4
246,RORAIMA,2014-09-01,88.9
247,PARÁ,2014-09-01,91.8
248,AMAPÁ,2014-09-01,92.5
249,TOCANTINS,2014-09-01,92.4
250,MARANHÃO,2014-09-01,90.6
251,PIAUÍ,2014-09-01,89.8
252,CEARÁ,2014-09-01,94.0
253,RIO GRANDE DO NORTE,2014-09-01,92.6
254,PARAÍBA,2014-09-01,93.0
255,PERNAMBUCO,2014-09-01,91.4
256,ALAGOAS,2014-09-01,92.2
257,SERGIPE,2014-09-01,91.5
258,BAHIA,2014-09-01,91.1
259,MINAS GERAIS,2014-09-01,93.0
260,ESPÍRITO SANTO,2014-09-01,93.5
261,RIO DE JANEIRO,2014-09-01,94.2
262,SÃO PAULO,2014-09-01,93.9
263,PARANÁ,2014-09-01,92.9
264,SANTA CATARINA,2014-09-01,93.8
265,RIO GRANDE DO SUL,2014-09-01,93.0
266,MATO GROSSO DO SUL,2014-09-01,92.6
267,MATO GROSSO,2014-09-01,93.8
268,GOIÁS,2014-09-01,94.6
269,DISTRITO FEDERAL,2014-09-01,94.3
270,RONDÔNIA,2014-10-01,92.9
271,ACRE,2014-10-01,90.6
272,AMAZONAS,2014-10-01,90.3
273,RORAIMA,2014-10-01,88.8
274,PARÁ,2014-10-01,91.7
275,AMAPÁ,2014-10-01,92.4
276,TOCANTINS,2014-10-01,92.4
277,MARANHÃO,2014-10-01,90.6
278,PIAUÍ,2014-10-01,89.8
279,CEARÁ,2014-10-01,93.9
280,RIO GRANDE DO NORTE,2014-10-01,92.6
281,PARAÍBA,2014-10-01,93.0
282,PERNAMBUCO,2014-10-01,91.3
283,ALAGOAS,2014-10-01,92.1
284,SERGIPE,2014-10-01,91.5
285,BAHIA,2014-10-01,91.0
286,MINAS GERAIS,2014-10-01,92.8
287,ESPÍRITO SANTO,2014-10-01,93.3
288,RIO DE JANEIRO,2014-10-01,94.0
289,SÃO PAULO,2014-10-01,93.6
290,PARANÁ,2014-10-01,92.6
291,SANTA CATARINA,2014-10-01,93.5
292,RIO GRANDE DO SUL,2014-10-01,92.8
293,MATO GROSSO DO SUL,2014-10-01,92.2
294,MATO GROSSO,2014-10-01,93.7
295,GOIÁS,2014-10-01,94.5
296,DISTRITO FEDERAL,2014-10-01,94.0
297,RONDÔNIA,2014-11-01,93.2
298,ACRE,2014-11-01,90.7
299,AMAZONAS,2014-11-01,90.4
300,RORAIMA,2014-11-01,89.0
301,PARÁ,2014-11-01,91.8
302,AMAPÁ,2014-11-01,92.5
303,TOCANTINS,2014-11-01,92.5
304,MARANHÃO,2014-11-01,90.6
305,PIAUÍ,2014-11-01,89.8
306,CEARÁ,2014-11-01,94.0
307,RIO GRANDE DO NORTE,2014-11-01,92.7
308,PARAÍBA,2014-11-01,93.1
309,PERNAMBUCO,2014-11-01,91.5
310,ALAGOAS,2014-11-01,92.2
311,SERGIPE,2014-11-01,91.6
312,BAHIA,2014-11-01,91.1
313,MINAS GERAIS,2014-11-01,93.0
314,ESPÍRITO SANTO,2014-11-01,93.5
315,RIO DE JANEIRO,2014-11-01,94.3
316,SÃO PAULO,2014-11-01,93.7
317,PARANÁ,2014-11-01,92.9
318,SANTA CATARINA,2014-11-01,93.7
319,RIO GRANDE DO SUL,2014-11-01,93.0
320,MATO GROSSO DO SUL,2014-11-01,92.6
321,MATO GROSSO,2014-11-01,93.8
322,GOIÁS,2014-11-01,94.6
323,DISTRITO FEDERAL,2014-11-01,94.3
324,RONDÔNIA,2014-12-01,93.2
325,ACRE,2014-12-01,90.7
326,AMAZONAS,2014-12-01,90.4
327,RORAIMA,2014-12-01,89.0
328,PARÁ,2014-12-01,91.8
329,AMAPÁ,2014-12-01,92.5
330,TOCANTINS,2014-12-01,92.5
331,MARANHÃO,2014-12-01,90.7
332,PIAUÍ,2014-12-01,89.8
333,CEARÁ,2014-12-01,94.0
334,RIO GRANDE DO NORTE,2014-12-01,92.7
335,PARAÍBA,2014-12-01,93.1
336,PERNAMBUCO,2014-12-01,91.5
337,ALAGOAS,2014-12-01,92.2
338,SERGIPE,2014-12-01,91.6
339,BAHIA,2014-12-01,91.1
340,MINAS GERAIS,2014-12-01,93.0
341,ESPÍRITO SANTO,2014-12-01,93.5
342,RIO DE JANEIRO,2014-12-01,94.3
343,SÃO PAULO,2014-12-01,93.6
344,PARANÁ,2014-12-01,92.8
345,SANTA CATARINA,2014-12-01,93.6
346,RIO GRANDE DO SUL,2014-12-01,93.0
347,MATO GROSSO DO SUL,2014-12-01,92.7
348,MATO GROSSO,2014-12-01,93.8
349,GOIÁS,2014-12-01,94.6
350,DISTRITO FEDERAL,2014-12-01,94.3
351,RONDÔNIA,2015-01-01,93.2
352,ACRE,2015-01-01,90.8
353,AMAZONAS,2015-01-01,84.6
354,RORAIMA,2015-01-01,89.1
355,PARÁ,2015-01-01,91.8
356,AMAPÁ,2015-01-01,92.5
357,TOCANTINS,2015-01-01,92.5
358,MARANHÃO,2015-01-01,90.7
359,PIAUÍ,2015-01-01,89.9
360,CEARÁ,2015-01-01,94.0
361,RIO GRANDE DO NORTE,2015-01-01,92.7
362,PARAÍBA,2015-01-01,93.1
363,PERNAMBUCO,2015-01-01,91.5
364,ALAGOAS,2015-01-01,92.3
365,SERGIPE,2015-01-01,91.6
366,BAHIA,2015-01-01,91.1
367,MINAS GERAIS,2015-01-01,93.0
368,ESPÍRITO SANTO,2015-01-01,93.5
369,RIO DE JANEIRO,2015-01-01,94.3
370,SÃO PAULO,2015-01-01,93.6
371,PARANÁ,2015-01-01,92.9
372,SANTA CATARINA,2015-01-01,93.7
373,RIO GRANDE DO SUL,2015-01-01,93.0
374,MATO GROSSO DO SUL,2015-01-01,92.7
375,MATO GROSSO,2015-01-01,93.9
376,GOIÁS,2015-01-01,94.6
377,DISTRITO FEDERAL,2015-01-01,94.3
378,RONDÔNIA,2015-02-01,93.2
379,ACRE,2015-02-01,90.8
380,AMAZONAS,2015-02-01,90.4
381,RORAIMA,2015-02-01,89.0
382,PARÁ,2015-02-01,91.8
383,AMAPÁ,2015-02-01,92.5
384,TOCANTINS,2015-02-01,92.5
385,MARANHÃO,2015-02-01,90.7
386,PIAUÍ,2015-02-01,89.9
387,CEARÁ,2015-02-01,94.0
388,RIO GRANDE DO NORTE,2015-02-01,92.7
389,PARAÍBA,2015-02-01,93.1
390,PERNAMBUCO,2015-02-01,91.5
391,ALAGOAS,2015-02-01,92.3
392,SERGIPE,2015-02-01,91.6
393,BAHIA,2015-02-01,91.1
394,MINAS GERAIS,2015-02-01,93.0
395,ESPÍRITO SANTO,2015-02-01,93.6
396,RIO DE JANEIRO,2015-02-01,94.3
397,SÃO PAULO,2015-02-01,93.7
398,PARANÁ,2015-02-01,92.9
399,SANTA CATARINA,2015-02-01,93.7
400,RIO GRANDE DO SUL,2015-02-01,93.0
401,MATO GROSSO DO SUL,2015-02-01,92.7
402,MATO GROSSO,2015-02-01,93.9
403,GOIÁS,2015-02-01,94.7
404,DISTRITO FEDERAL,2015-02-01,94.3
405,RONDÔNIA,2015-03-01,93.2
406,ACRE,2015-03-01,90.8
407,AMAZONAS,2015-03-01,90.4
408,RORAIMA,2015-03-01,89.1
409,PARÁ,2015-03-01,91.8
410,AMAPÁ,2015-03-01,92.5
411,TOCANTINS,2015-03-01,92.5
412,MARANHÃO,2015-03-01,90.7
413,PIAUÍ,2015-03-01,89.9
414,CEARÁ,2015-03-01,94.0
415,RIO GRANDE DO NORTE,2015-03-01,92.8
416,PARAÍBA,2015-03-01,93.1
417,PERNAMBUCO,2015-03-01,91.5
418,ALAGOAS,2015-03-01,92.3
419,SERGIPE,2015-03-01,91.6
420,BAHIA,2015-03-01,91.1
421,MINAS GERAIS,2015-03-01,93.1
422,ESPÍRITO SANTO,2015-03-01,93.6
423,RIO DE JANEIRO,2015-03-01,94.3
424,SÃO PAULO,2015-03-01,93.7
425,PARANÁ,2015-03-01,92.9
426,SANTA CATARINA,2015-03-01,93.7
427,RIO GRANDE DO SUL,2015-03-01,93.1
428,MATO GROSSO DO SUL,2015-03-01,92.8
429,MATO GROSSO,2015-03-01,93.9
430,GOIÁS,2015-03-01,94.7
431,DISTRITO FEDERAL,2015-03-01,94.4
432,RONDÔNIA,2015-04-01,93.3
433,ACRE,2015-04-01,90.8
434,AMAZONAS,2015-04-01,90.4
435,RORAIMA,2015-04-01,89.3
436,PARÁ,2015-04-01,91.9
437,AMAPÁ,2015-04-01,92.6
438,TOCANTINS,2015-04-01,92.6
439,MARANHÃO,2015-04-01,90.7
440,PIAUÍ,2015-04-01,89.9
441,CEARÁ,2015-04-01,94.1
442,RIO GRANDE DO NORTE,2015-04-01,92.8
443,PARAÍBA,2015-04-01,93.1
444,PERNAMBUCO,2015-04-01,91.5
445,ALAGOAS,2015-04-01,92.4
446,SERGIPE,2015-04-01,91.7
447,BAHIA,2015-04-01,91.2
448,MINAS GERAIS,2015-04-01,93.0
449,ESPÍRITO SANTO,2015-04-01,93.5
450,RIO DE JANEIRO,2015-04-01,94.1
451,SÃO PAULO,2015-04-01,93.3
452,PARANÁ,2015-04-01,92.8
453,SANTA CATARINA,2015-04-01,93.6
454,RIO GRANDE DO SUL,2015-04-01,93.0
455,MATO GROSSO DO SUL,2015-04-01,92.8
456,MATO GROSSO,2015-04-01,93.8
457,GOIÁS,2015-04-01,94.7
458,DISTRITO FEDERAL,2015-04-01,94.3
459,RONDÔNIA,2015-05-01,93.3
460,ACRE,2015-05-01,90.8
461,AMAZONAS,2015-05-01,90.4
462,RORAIMA,2015-05-01,89.3
463,PARÁ,2015-05-01,91.9
464,AMAPÁ,2015-05-01,92.6
465,TOCANTINS,2015-05-01,92.6
466,MARANHÃO,2015-05-01,90.7
467,PIAUÍ,2015-05-01,89.9
468,CEARÁ,2015-05-01,94.1
469,RIO GRANDE DO NORTE,2015-05-01,92.8
470,PARAÍBA,2015-05-01,93.1
471,PERNAMBUCO,2015-05-01,91.5
472,ALAGOAS,2015-05-01,92.4
473,SERGIPE,2015-05-01,91.7
474,BAHIA,2015-05-01,91.2
475,MINAS GERAIS,2015-05-01,93.0
476,ESPÍRITO SANTO,2015-05-01,93.5
477,RIO DE JANEIRO,2015-05-01,94.1
478,SÃO PAULO,2015-05-01,93.3
479,PARANÁ,2015-05-01,92.8
480,SANTA CATARINA,2015-05-01,93.6
481,RIO GRANDE DO SUL,2015-05-01,93.0
482,MATO GROSSO DO SUL,2015-05-01,92.8
483,MATO GROSSO,2015-05-01,93.9
484,GOIÁS,2015-05-01,94.7
485,DISTRITO FEDERAL,2015-05-01,94.3
486,RONDÔNIA,2015-06-01,93.3
487,ACRE,2015-06-01,90.7
488,AMAZONAS,2015-06-01,90.4
489,RORAIMA,2015-06-01,89.4
490,PARÁ,2015-06-01,91.9
491,AMAPÁ,2015-06-01,92.7
492,TOCANTINS,2015-06-01,92.6
493,MARANHÃO,2015-06-01,90.7
494,PIAUÍ,2015-06-01,90.0
495,CEARÁ,2015-06-01,94.1
496,RIO GRANDE DO NORTE,2015-06-01,92.8
497,PARAÍBA,2015-06-01,93.1
498,PERNAMBUCO,2015-06-01,91.6
499,ALAGOAS,2015-06-01,92.4
500,SERGIPE,2015-06-01,91.7
501,BAHIA,2015-06-01,91.2
502,MINAS GERAIS,2015-06-01,93.0
503,ESPÍRITO SANTO,2015-06-01,93.5
504,RIO DE JANEIRO,2015-06-01,94.1
505,SÃO PAULO,2015-06-01,93.3
506,PARANÁ,2015-06-01,92.8
507,SANTA CATARINA,2015-06-01,93.5
508,RIO GRANDE DO SUL,2015-06-01,93.0
509,MATO GROSSO DO SUL,2015-06-01,92.8
510,MATO GROSSO,2015-06-01,93.9
511,GOIÁS,2015-06-01,94.7
512,DISTRITO FEDERAL,2015-06-01,94.4
513,RONDÔNIA,2015-07-01,93.4
514,ACRE,2015-07-01,90.8
515,AMAZONAS,2015-07-01,90.4
516,RORAIMA,2015-07-01,89.4
517,PARÁ,2015-07-01,91.9
518,AMAPÁ,2015-07-01,92.6
519,TOCANTINS,2015-07-01,92.6
520,MARANHÃO,2015-07-01,90.7
521,PIAUÍ,2015-07-01,90.0
522,CEARÁ,2015-07-01,94.1
523,RIO GRANDE DO NORTE,2015-07-01,92.8
524,PARAÍBA,2015-07-01,93.1
525,PERNAMBUCO,2015-07-01,91.6
526,ALAGOAS,2015-07-01,92.4
527,SERGIPE,2015-07-01,91.7
528,BAHIA,2015-07-01,91.2
529,MINAS GERAIS,2015-07-01,93.0
530,ESPÍRITO SANTO,2015-07-01,93.6
531,RIO DE JANEIRO,2015-07-01,94.1
532,SÃO PAULO,2015-07-01,93.1
533,PARANÁ,2015-07-01,92.8
534,SANTA CATARINA,2015-07-01,93.5
535,RIO GRANDE DO SUL,2015-07-01,93.0
536,MATO GROSSO DO SUL,2015-07-01,92.9
537,MATO GROSSO,2015-07-01,93.9
538,GOIÁS,2015-07-01,94.8
539,DISTRITO FEDERAL,2015-07-01,93.9
540,RONDÔNIA,2015-08-01,93.4
541,ACRE,2015-08-01,90.8
542,AMAZONAS,2015-08-01,90.3
543,RORAIMA,2015-08-01,89.4
544,PARÁ,2015-08-01,91.9
545,AMAPÁ,2015-08-01,92.7
546,TOCANTINS,2015-08-01,92.6
547,MARANHÃO,2015-08-01,90.7
548,PIAUÍ,2015-08-01,90.0
549,CEARÁ,2015-08-01,94.1
550,RIO GRANDE DO NORTE,2015-08-01,92.8
551,PARAÍBA,2015-08-01,93.1
552,PERNAMBUCO,2015-08-01,91.6
553,ALAGOAS,2015-08-01,92.4
554,SERGIPE,2015-08-01,91.8
555,BAHIA,2015-08-01,91.2
556,MINAS GERAIS,2015-08-01,93.0
557,ESPÍRITO SANTO,2015-08-01,93.6
558,RIO DE JANEIRO,2015-08-01,94.1
559,SÃO PAULO,2015-08-01,93.1
560,PARANÁ,2015-08-01,92.7
561,SANTA CATARINA,2015-08-01,93.5
562,RIO GRANDE DO SUL,2015-08-01,93.0
563,MATO GROSSO DO SUL,2015-08-01,93.0
564,MATO GROSSO,2015-08-01,93.9
565,GOIÁS,2015-08-01,94.8
566,DISTRITO FEDERAL,2015-08-01,93.9
567,RONDÔNIA,2015-09-01,93.3
568,ACRE,2015-09-01,90.6
569,AMAZONAS,2015-09-01,90.3
570,RORAIMA,2015-09-01,89.3
571,PARÁ,2015-09-01,91.9
572,AMAPÁ,2015-09-01,92.7
573,TOCANTINS,2015-09-01,92.5
574,MARANHÃO,2015-09-01,90.7
575,PIAUÍ,2015-09-01,90.0
576,CEARÁ,2015-09-01,94.0
577,RIO GRANDE DO NORTE,2015-09-01,92.9
578,PARAÍBA,2015-09-01,93.1
579,PERNAMBUCO,2015-09-01,91.6
580,ALAGOAS,2015-09-01,92.4
581,SERGIPE,2015-09-01,91.8
582,BAHIA,2015-09-01,91.2
583,MINAS GERAIS,2015-09-01,92.9
584,ESPÍRITO SANTO,2015-09-01,93.3
585,RIO DE JANEIRO,2015-09-01,94.0
586,SÃO PAULO,2015-09-01,93.0
587,PARANÁ,2015-09-01,92.5
588,SANTA CATARINA,2015-09-01,93.3
589,RIO GRANDE DO SUL,2015-09-01,92.9
590,MATO GROSSO DO SUL,2015-09-01,92.8
591,MATO GROSSO,2015-09-01,93.8
592,GOIÁS,2015-09-01,94.7
593,DISTRITO FEDERAL,2015-09-01,94.0
594,RONDÔNIA,2015-10-01,93.3
595,ACRE,2015-10-01,90.5
596,AMAZONAS,2015-10-01,90.3
597,RORAIMA,2015-10-01,89.2
598,PARÁ,2015-10-01,91.8
599,AMAPÁ,2015-10-01,92.7
600,TOCANTINS,2015-10-01,92.2
601,MARANHÃO,2015-10-01,90.7
602,PIAUÍ,2015-10-01,90.0
603,CEARÁ,2015-10-01,93.7
604,RIO GRANDE DO NORTE,2015-10-01,92.7
605,PARAÍBA,2015-10-01,93.0
606,PERNAMBUCO,2015-10-01,91.5
607,ALAGOAS,2015-10-01,92.3
608,SERGIPE,2015-10-01,91.7
609,BAHIA,2015-10-01,91.1
610,MINAS GERAIS,2015-10-01,92.8
611,ESPÍRITO SANTO,2015-10-01,93.3
612,RIO DE JANEIRO,2015-10-01,94.0
613,SÃO PAULO,2015-10-01,92.8
614,PARANÁ,2015-10-01,92.4
615,SANTA CATARINA,2015-10-01,93.2
616,RIO GRANDE DO SUL,2015-10-01,92.6
617,MATO GROSSO DO SUL,2015-10-01,92.6
618,MATO GROSSO,2015-10-01,93.7
619,GOIÁS,2015-10-01,94.7
620,DISTRITO FEDERAL,2015-10-01,94.0
621,RONDÔNIA,2015-11-01,93.3
622,ACRE,2015-11-01,90.5
623,AMAZONAS,2015-11-01,90.3
624,RORAIMA,2015-11-01,89.2
625,PARÁ,2015-11-01,91.8
626,AMAPÁ,2015-11-01,92.8
627,TOCANTINS,2015-11-01,92.2
628,MARANHÃO,2015-11-01,90.6
629,PIAUÍ,2015-11-01,89.9
630,CEARÁ,2015-11-01,93.6
631,RIO GRANDE DO NORTE,2015-11-01,92.6
632,PARAÍBA,2015-11-01,92.9
633,PERNAMBUCO,2015-11-01,91.4
634,ALAGOAS,2015-11-01,92.2
635,SERGIPE,2015-11-01,91.4
636,BAHIA,2015-11-01,91.0
637,MINAS GERAIS,2015-11-01,92.7
638,ESPÍRITO SANTO,2015-11-01,93.3
639,RIO DE JANEIRO,2015-11-01,93.9
640,SÃO PAULO,2015-11-01,92.8
641,PARANÁ,2015-11-01,92.3
642,SANTA CATARINA,2015-11-01,93.1
643,RIO GRANDE DO SUL,2015-11-01,92.5
644,MATO GROSSO DO SUL,2015-11-01,92.5
645,MATO GROSSO,2015-11-01,93.6
646,GOIÁS,2015-11-01,94.7
647,DISTRITO FEDERAL,2015-11-01,93.9
648,RONDÔNIA,2015-12-01,93.3
649,ACRE,2015-12-01,90.5
650,AMAZONAS,2015-12-01,90.3
651,RORAIMA,2015-12-01,89.2
652,PARÁ,2015-12-01,91.8
653,AMAPÁ,2015-12-01,92.8
654,TOCANTINS,2015-12-01,92.2
655,MARANHÃO,2015-12-01,90.6
656,PIAUÍ,2015-12-01,89.9
657,CEARÁ,2015-12-01,93.6
658,RIO GRANDE DO NORTE,2015-12-01,92.6
659,PARAÍBA,2015-12-01,92.8
660,PERNAMBUCO,2015-12-01,91.4
661,ALAGOAS,2015-12-01,92.2
662,SERGIPE,2015-12-01,91.4
663,BAHIA,2015-12-01,91.0
664,MINAS GERAIS,2015-12-01,92.7
665,ESPÍRITO SANTO,2015-12-01,93.3
666,RIO DE JANEIRO,2015-12-01,93.9
667,SÃO PAULO,2015-12-01,92.8
668,PARANÁ,2015-12-01,92.3
669,SANTA CATARINA,2015-12-01,93.1
670,RIO GRANDE DO SUL,2015-12-01,92.5
671,MATO GROSSO DO SUL,2015-12-01,92.5
672,MATO GROSSO,2015-12-01,93.6
673,GOIÁS,2015-12-01,94.7
674,DISTRITO FEDERAL,2015-12-01,93.9
675,RONDÔNIA,2016-01-01,93.4
676,ACRE,2016-01-01,90.2
677,AMAZONAS,2016-01-01,90.1
678,RORAIMA,2016-01-01,89.1
679,PARÁ,2016-01-01,91.6
680,AMAPÁ,2016-01-01,92.8
681,TOCANTINS,2016-01-01,92.3
682,MARANHÃO,2016-01-01,90.3
683,PIAUÍ,2016-01-01,89.4
684,CEARÁ,2016-01-01,93.4
685,RIO GRANDE DO NORTE,2016-01-01,92.4
686,PARAÍBA,2016-01-01,92.5
687,PERNAMBUCO,2016-01-01,91.0
688,ALAGOAS,2016-01-01,92.0
689,SERGIPE,2016-01-01,91.0
690,BAHIA,2016-01-01,90.6
691,MINAS GERAIS,2016-01-01,92.5
692,ESPÍRITO SANTO,2016-01-01,93.2
693,RIO DE JANEIRO,2016-01-01,93.9
694,SÃO PAULO,2016-01-01,92.6
695,PARANÁ,2016-01-01,92.2
696,SANTA CATARINA,2016-01-01,93.0
697,RIO GRANDE DO SUL,2016-01-01,92.5
698,MATO GROSSO DO SUL,2016-01-01,92.4
699,MATO GROSSO,2016-01-01,93.7
700,GOIÁS,2016-01-01,94.6
701,DISTRITO FEDERAL,2016-01-01,93.9
702,RONDÔNIA,2016-02-01,93.4
703,ACRE,2016-02-01,90.2
704,AMAZONAS,2016-02-01,90.1
705,RORAIMA,2016-02-01,89.1
706,PARÁ,2016-02-01,91.6
707,AMAPÁ,2016-02-01,92.8
708,TOCANTINS,2016-02-01,92.3
709,MARANHÃO,2016-02-01,90.3
710,PIAUÍ,2016-02-01,89.4
711,CEARÁ,2016-02-01,93.4
712,RIO GRANDE DO NORTE,2016-02-01,92.4
713,PARAÍBA,2016-02-01,92.6
714,PERNAMBUCO,2016-02-01,91.0
715,ALAGOAS,2016-02-01,92.0
716,SERGIPE,2016-02-01,91.0
717,BAHIA,2016-02-01,90.6
718,MINAS GERAIS,2016-02-01,92.5
719,ESPÍRITO SANTO,2016-02-01,93.2
720,RIO DE JANEIRO,2016-02-01,93.9
721,SÃO PAULO,2016-02-01,92.6
722,PARANÁ,2016-02-01,92.2
723,SANTA CATARINA,2016-02-01,93.0
724,RIO GRANDE DO SUL,2016-02-01,92.5
725,MATO GROSSO DO SUL,2016-02-01,92.5
726,MATO GROSSO,2016-02-01,93.7
727,GOIÁS,2016-02-01,94.6
728,DISTRITO FEDERAL,2016-02-01,93.9
729,RONDÔNIA,2016-03-01,93.5
730,ACRE,2016-03-01,90.1
731,AMAZONAS,2016-03-01,89.9
732,RORAIMA,2016-03-01,89.1
733,PARÁ,2016-03-01,91.6
734,AMAPÁ,2016-03-01,92.8
735,TOCANTINS,2016-03-01,92.3
736,MARANHÃO,2016-03-01,90.2
737,PIAUÍ,2016-03-01,89.3
738,CEARÁ,2016-03-01,93.4
739,RIO GRANDE DO NORTE,2016-03-01,92.3
740,PARAÍBA,2016-03-01,92.4
741,PERNAMBUCO,2016-03-01,90.9
742,ALAGOAS,2016-03-01,91.9
743,SERGIPE,2016-03-01,91.0
744,BAHIA,2016-03-01,90.5
745,MINAS GERAIS,2016-03-01,92.4
746,ESPÍRITO SANTO,2016-03-01,93.2
747,RIO DE JANEIRO,2016-03-01,93.9
748,SÃO PAULO,2016-03-01,92.4
749,PARANÁ,2016-03-01,92.1
750,SANTA CATARINA,2016-03-01,92.9
751,RIO GRANDE DO SUL,2016-03-01,92.6
752,MATO GROSSO DO SUL,2016-03-01,92.5
753,MATO GROSSO,2016-03-01,93.7
754,GOIÁS,2016-03-01,94.6
755,DISTRITO FEDERAL,2016-03-01,93.9
756,RONDÔNIA,2016-04-01,93.5
757,ACRE,2016-04-01,90.1
758,AMAZONAS,2016-04-01,89.9
759,RORAIMA,2016-04-01,89.1
760,PARÁ,2016-04-01,91.6
761,AMAPÁ,2016-04-01,92.8
762,TOCANTINS,2016-04-01,92.3
763,MARANHÃO,2016-04-01,90.2
764,PIAUÍ,2016-04-01,89.3
765,CEARÁ,2016-04-01,93.4
766,RIO GRANDE DO NORTE,2016-04-01,92.3
767,PARAÍBA,2016-04-01,92.4
768,PERNAMBUCO,2016-04-01,90.9
769,ALAGOAS,2016-04-01,91.9
770,SERGIPE,2016-04-01,90.9
771,BAHIA,2016-04-01,90.5
772,MINAS GERAIS,2016-04-01,92.4
773,ESPÍRITO SANTO,2016-04-01,93.1
774,RIO DE JANEIRO,2016-04-01,93.9
775,SÃO PAULO,2016-04-01,92.3
776,PARANÁ,2016-04-01,92.1
777,SANTA CATARINA,2016-04-01,92.9
778,RIO GRANDE DO SUL,2016-04-01,92.5
779,MATO GROSSO DO SUL,2016-04-01,92.4
780,MATO GROSSO,2016-04-01,93.7
781,GOIÁS,2016-04-01,94.5
782,DISTRITO FEDERAL,2016-04-01,93.7
783,RONDÔNIA,2016-05-01,93.5
784,ACRE,2016-05-01,90.1
785,AMAZONAS,2016-05-01,89.9
786,RORAIMA,2016-05-01,89.2
787,PARÁ,2016-05-01,91.6
788,AMAPÁ,2016-05-01,92.8
789,TOCANTINS,2016-05-01,92.3
790,MARANHÃO,2016-05-01,90.2
791,PIAUÍ,2016-05-01,89.3
792,CEARÁ,2016-05-01,93.4
793,RIO GRANDE DO NORTE,2016-05-01,92.3
794,PARAÍBA,2016-05-01,92.4
795,PERNAMBUCO,2016-05-01,90.9
796,ALAGOAS,2016-05-01,91.9
797,SERGIPE,2016-05-01,90.9
798,BAHIA,2016-05-01,90.5
799,MINAS GERAIS,2016-05-01,92.4
800,ESPÍRITO SANTO,2016-05-01,93.1
801,RIO DE JANEIRO,2016-05-01,93.9
802,SÃO PAULO,2016-05-01,92.3
803,PARANÁ,2016-05-01,92.1
804,SANTA CATARINA,2016-05-01,92.9
805,RIO GRANDE DO SUL,2016-05-01,92.5
806,MATO GROSSO DO SUL,2016-05-01,92.4
807,MATO GROSSO,2016-05-01,93.7
808,GOIÁS,2016-05-01,94.6
809,DISTRITO FEDERAL,2016-05-01,93.7
810,RONDÔNIA,2016-06-01,93.5
811,ACRE,2016-06-01,90.1
812,AMAZONAS,2016-06-01,89.9
813,RORAIMA,2016-06-01,89.2
814,PARÁ,2016-06-01,91.6
815,AMAPÁ,2016-06-01,92.9
816,TOCANTINS,2016-06-01,92.3
817,MARANHÃO,2016-06-01,90.2
818,PIAUÍ,2016-06-01,89.3
819,CEARÁ,2016-06-01,93.4
820,RIO GRANDE DO NORTE,2016-06-01,92.3
821,PARAÍBA,2016-06-01,92.4
822,PERNAMBUCO,2016-06-01,90.9
823,ALAGOAS,2016-06-01,91.9
824,SERGIPE,2016-06-01,90.9
825,BAHIA,2016-06-01,90.5
826,MINAS GERAIS,2016-06-01,92.4
827,ESPÍRITO SANTO,2016-06-01,93.1
828,RIO DE JANEIRO,2016-06-01,93.9
829,SÃO PAULO,2016-06-01,92.3
830,PARANÁ,2016-06-01,92.0
831,SANTA CATARINA,2016-06-01,92.8
832,RIO GRANDE DO SUL,2016-06-01,92.5
833,MATO GROSSO DO SUL,2016-06-01,92.5
834,MATO GROSSO,2016-06-01,93.7
835,GOIÁS,2016-06-01,94.6
836,DISTRITO FEDERAL,2016-06-01,93.7
837,RONDÔNIA,2016-07-01,93.8
838,ACRE,2016-07-01,90.3
839,AMAZONAS,2016-07-01,90.1
840,RORAIMA,2016-07-01,89.4
841,PARÁ,2016-07-01,91.7
842,AMAPÁ,2016-07-01,92.9
843,TOCANTINS,2016-07-01,92.4
844,MARANHÃO,2016-07-01,90.4
845,PIAUÍ,2016-07-01,89.4
846,CEARÁ,2016-07-01,93.4
847,RIO GRANDE DO NORTE,2016-07-01,92.4
848,PARAÍBA,2016-07-01,92.4
849,PERNAMBUCO,2016-07-01,91.0
850,ALAGOAS,2016-07-01,92.1
851,SERGIPE,2016-07-01,91.1
852,BAHIA,2016-07-01,90.6
853,MINAS GERAIS,2016-07-01,92.4
854,ESPÍRITO SANTO,2016-07-01,93.2
855,RIO DE JANEIRO,2016-07-01,94.0
856,SÃO PAULO,2016-07-01,92.3
857,PARANÁ,2016-07-01,92.1
858,SANTA CATARINA,2016-07-01,92.9
859,RIO GRANDE DO SUL,2016-07-01,92.7
860,MATO GROSSO DO SUL,2016-07-01,92.8
861,MATO GROSSO,2016-07-01,94.0
862,GOIÁS,2016-07-01,94.7
863,DISTRITO FEDERAL,2016-07-01,93.6
864,RONDÔNIA,2016-08-01,93.9
865,ACRE,2016-08-01,90.3
866,AMAZONAS,2016-08-01,90.1
867,RORAIMA,2016-08-01,89.5
868,PARÁ,2016-08-01,91.7
869,AMAPÁ,2016-08-01,93.0
870,TOCANTINS,2016-08-01,92.5
871,MARANHÃO,2016-08-01,90.4
872,PIAUÍ,2016-08-01,89.4
873,CEARÁ,2016-08-01,93.5
874,RIO GRANDE DO NORTE,2016-08-01,92.4
875,PARAÍBA,2016-08-01,92.5
876,PERNAMBUCO,2016-08-01,91.0
877,ALAGOAS,2016-08-01,92.1
878,SERGIPE,2016-08-01,91.1
879,BAHIA,2016-08-01,90.7
880,MINAS GERAIS,2016-08-01,92.5
881,ESPÍRITO SANTO,2016-08-01,93.2
882,RIO DE JANEIRO,2016-08-01,94.1
883,SÃO PAULO,2016-08-01,92.3
884,PARANÁ,2016-08-01,92.2
885,SANTA CATARINA,2016-08-01,92.9
886,RIO GRANDE DO SUL,2016-08-01,92.8
887,MATO GROSSO DO SUL,2016-08-01,92.8
888,MATO GROSSO,2016-08-01,94.1
889,GOIÁS,2016-08-01,94.8
890,DISTRITO FEDERAL,2016-08-01,93.6
891,RONDÔNIA,2016-09-01,93.8
892,ACRE,2016-09-01,90.3
893,AMAZONAS,2016-09-01,90.0
894,RORAIMA,2016-09-01,89.4
895,PARÁ,2016-09-01,91.7
896,AMAPÁ,2016-09-01,93.0
897,TOCANTINS,2016-09-01,92.3
898,MARANHÃO,2016-09-01,90.3
899,PIAUÍ,2016-09-01,89.4
900,CEARÁ,2016-09-01,93.3
901,RIO GRANDE DO NORTE,2016-09-01,92.4
902,PARAÍBA,2016-09-01,92.4
903,PERNAMBUCO,2016-09-01,91.0
904,ALAGOAS,2016-09-01,92.0
905,SERGIPE,2016-09-01,90.9
906,BAHIA,2016-09-01,90.6
907,MINAS GERAIS,2016-09-01,92.3
908,ESPÍRITO SANTO,2016-09-01,93.2
909,RIO DE JANEIRO,2016-09-01,94.0
910,SÃO PAULO,2016-09-01,92.2
911,PARANÁ,2016-09-01,91.9
912,SANTA CATARINA,2016-09-01,92.8
913,RIO GRANDE DO SUL,2016-09-01,92.6
914,MATO GROSSO DO SUL,2016-09-01,92.8
915,MATO GROSSO,2016-09-01,93.9
916,GOIÁS,2016-09-01,94.8
917,DISTRITO FEDERAL,2016-09-01,93.4
918,RONDÔNIA,2016-10-01,93.9
919,ACRE,2016-10-01,90.4
920,AMAZONAS,2016-10-01,90.0
921,RORAIMA,2016-10-01,89.6
922,PARÁ,2016-10-01,91.8
923,AMAPÁ,2016-10-01,93.1
924,TOCANTINS,2016-10-01,92.3
925,MARANHÃO,2016-10-01,90.5
926,PIAUÍ,2016-10-01,89.4
927,CEARÁ,2016-10-01,93.4
928,RIO GRANDE DO NORTE,2016-10-01,92.4
929,PARAÍBA,2016-10-01,92.4
930,PERNAMBUCO,2016-10-01,91.0
931,ALAGOAS,2016-10-01,92.0
932,SERGIPE,2016-10-01,91.0
933,BAHIA,2016-10-01,90.7
934,MINAS GERAIS,2016-10-01,92.3
935,ESPÍRITO SANTO,2016-10-01,93.2
936,RIO DE JANEIRO,2016-10-01,93.9
937,SÃO PAULO,2016-10-01,92.1
938,PARANÁ,2016-10-01,91.9
939,SANTA CATARINA,2016-10-01,92.7
940,RIO GRANDE DO SUL,2016-10-01,92.6
941,MATO GROSSO DO SUL,2016-10-01,92.8
942,MATO GROSSO,2016-10-01,93.9
943,GOIÁS,2016-10-01,94.8
944,DISTRITO FEDERAL,2016-10-01,93.3
945,RONDÔNIA,2016-11-01,93.9
946,ACRE,2016-11-01,90.5
947,AMAZONAS,2016-11-01,90.1
948,RORAIMA,2016-11-01,89.8
949,PARÁ,2016-11-01,91.8
950,AMAPÁ,2016-11-01,93.1
951,TOCANTINS,2016-11-01,92.4
952,MARANHÃO,2016-11-01,90.5
953,PIAUÍ,2016-11-01,89.6
954,CEARÁ,2016-11-01,93.5
955,RIO GRANDE DO NORTE,2016-11-01,92.6
956,PARAÍBA,2016-11-01,92.5
957,PERNAMBUCO,2016-11-01,91.2
958,ALAGOAS,2016-11-01,92.2
959,SERGIPE,2016-11-01,91.2
960,BAHIA,2016-11-01,90.8
961,MINAS GERAIS,2016-11-01,92.4
962,ESPÍRITO SANTO,2016-11-01,93.4
963,RIO DE JANEIRO,2016-11-01,94.1
964,SÃO PAULO,2016-11-01,92.3
965,PARANÁ,2016-11-01,92.0
966,SANTA CATARINA,2016-11-01,92.9
967,RIO GRANDE DO SUL,2016-11-01,92.7
968,MATO GROSSO DO SUL,2016-11-01,93.0
969,MATO GROSSO,2016-11-01,94.0
970,GOIÁS,2016-11-01,94.9
971,DISTRITO FEDERAL,2016-11-01,93.4
972,RONDÔNIA,2016-12-01,93.8
973,ACRE,2016-12-01,90.4
974,AMAZONAS,2016-12-01,90.1
975,RORAIMA,2016-12-01,89.6
976,PARÁ,2016-12-01,91.8
977,AMAPÁ,2016-12-01,93.1
978,TOCANTINS,2016-12-01,92.3
979,MARANHÃO,2016-12-01,90.5
980,PIAUÍ,2016-12-01,89.5
981,CEARÁ,2016-12-01,93.3
982,RIO GRANDE DO NORTE,2016-12-01,92.5
983,PARAÍBA,2016-12-01,92.4
984,PERNAMBUCO,2016-12-01,91.1
985,ALAGOAS,2016-12-01,92.1
986,SERGIPE,2016-12-01,91.1
987,BAHIA,2016-12-01,90.7
988,MINAS GERAIS,2016-12-01,92.3
989,ESPÍRITO SANTO,2016-12-01,93.2
990,RIO DE JANEIRO,2016-12-01,94.0
991,SÃO PAULO,2016-12-01,92.0
992,PARANÁ,2016-12-01,91.8
993,SANTA CATARINA,2016-12-01,92.7
994,RIO GRANDE DO SUL,2016-12-01,92.6
995,MATO GROSSO DO SUL,2016-12-01,92.9
996,MATO GROSSO,2016-12-01,93.9
997,GOIÁS,2016-12-01,94.9
998,DISTRITO FEDERAL,2016-12-01,93.3
999,RONDÔNIA,2017-01-01,93.7
1000,ACRE,2017-01-01,90.1
1001,AMAZONAS,2017-01-01,89.7
1002,RORAIMA,2017-01-01,89.4
1003,PARÁ,2017-01-01,91.5
1004,AMAPÁ,2017-01-01,92.8
1005,TOCANTINS,2017-01-01,92.1
1006,MARANHÃO,2017-01-01,89.9
1007,PIAUÍ,2017-01-01,89.0
1008,CEARÁ,2017-01-01,93.1
1009,RIO GRANDE DO NORTE,2017-01-01,92.1
1010,PARAÍBA,2017-01-01,92.0
1011,PERNAMBUCO,2017-01-01,90.5
1012,ALAGOAS,2017-01-01,91.8
1013,SERGIPE,2017-01-01,90.4
1014,BAHIA,2017-01-01,90.2
1015,MINAS GERAIS,2017-01-01,91.9
1016,ESPÍRITO SANTO,2017-01-01,93.0
1017,RIO DE JANEIRO,2017-01-01,93.9
1018,SÃO PAULO,2017-01-01,91.7
1019,PARANÁ,2017-01-01,91.5
1020,SANTA CATARINA,2017-01-01,92.4
1021,RIO GRANDE DO SUL,2017-01-01,92.3
1022,MATO GROSSO DO SUL,2017-01-01,92.7
1023,MATO GROSSO,2017-01-01,93.7
1024,GOIÁS,2017-01-01,94.5
1025,DISTRITO FEDERAL,2017-01-01,93.1
1026,RONDÔNIA,2017-02-01,93.7
1027,ACRE,2017-02-01,90.1
1028,AMAZONAS,2017-02-01,89.6
1029,RORAIMA,2017-02-01,89.4
1030,PARÁ,2017-02-01,91.4
1031,AMAPÁ,2017-02-01,92.7
1032,TOCANTINS,2017-02-01,92.0
1033,MARANHÃO,2017-02-01,89.9
1034,PIAUÍ,2017-02-01,88.9
1035,CEARÁ,2017-02-01,93.0
1036,RIO GRANDE DO NORTE,2017-02-01,92.1
1037,PARAÍBA,2017-02-01,91.9
1038,PERNAMBUCO,2017-02-01,90.4
1039,ALAGOAS,2017-02-01,91.7
1040,SERGIPE,2017-02-01,90.4
1041,BAHIA,2017-02-01,90.1
1042,MINAS GERAIS,2017-02-01,91.9
1043,ESPÍRITO SANTO,2017-02-01,92.9
1044,RIO DE JANEIRO,2017-02-01,93.8
1045,SÃO PAULO,2017-02-01,91.6
1046,PARANÁ,2017-02-01,91.4
1047,SANTA CATARINA,2017-02-01,92.3
1048,RIO GRANDE DO SUL,2017-02-01,92.2
1049,MATO GROSSO DO SUL,2017-02-01,92.7
1050,MATO GROSSO,2017-02-01,93.7
1051,GOIÁS,2017-02-01,94.4
1052,DISTRITO FEDERAL,2017-02-01,93.0
1053,RONDÔNIA,2017-03-01,93.7
1054,ACRE,2017-03-01,90.1
1055,AMAZONAS,2017-03-01,89.6
1056,RORAIMA,2017-03-01,89.4
1057,PARÁ,2017-03-01,91.4
1058,AMAPÁ,2017-03-01,92.8
1059,TOCANTINS,2017-03-01,92.1
1060,MARANHÃO,2017-03-01,89.9
1061,PIAUÍ,2017-03-01,88.9
1062,CEARÁ,2017-03-01,93.1
1063,RIO GRANDE DO NORTE,2017-03-01,92.1
1064,PARAÍBA,2017-03-01,92.0
1065,PERNAMBUCO,2017-03-01,90.5
1066,ALAGOAS,2017-03-01,91.7
1067,SERGIPE,2017-03-01,90.4
1068,BAHIA,2017-03-01,90.1
1069,MINAS GERAIS,2017-03-01,91.9
1070,ESPÍRITO SANTO,2017-03-01,92.9
1071,RIO DE JANEIRO,2017-03-01,93.8
1072,SÃO PAULO,2017-03-01,91.7
1073,PARANÁ,2017-03-01,91.5
1074,SANTA CATARINA,2017-03-01,92.4
1075,RIO GRANDE DO SUL,2017-03-01,92.3
1076,MATO GROSSO DO SUL,2017-03-01,92.8
1077,MATO GROSSO,2017-03-01,93.8
1078,GOIÁS,2017-03-01,94.4
1079,DISTRITO FEDERAL,2017-03-01,93.0
1080,RONDÔNIA,2017-04-01,93.8
1081,ACRE,2017-04-01,90.1
1082,AMAZONAS,2017-04-01,89.7
1083,RORAIMA,2017-04-01,89.5
1084,PARÁ,2017-04-01,91.5
1085,AMAPÁ,2017-04-01,92.8
1086,TOCANTINS,2017-04-01,92.2
1087,MARANHÃO,2017-04-01,90.1
1088,PIAUÍ,2017-04-01,89.0
1089,CEARÁ,2017-04-01,93.1
1090,RIO GRANDE DO NORTE,2017-04-01,92.1
1091,PARAÍBA,2017-04-01,92.0
1092,PERNAMBUCO,2017-04-01,90.5
1093,ALAGOAS,2017-04-01,91.8
1094,SERGIPE,2017-04-01,90.4
1095,BAHIA,2017-04-01,90.2
1096,MINAS GERAIS,2017-04-01,91.9
1097,ESPÍRITO SANTO,2017-04-01,92.9
1098,RIO DE JANEIRO,2017-04-01,93.7
1099,SÃO PAULO,2017-04-01,91.5
1100,PARANÁ,2017-04-01,91.3
1101,SANTA CATARINA,2017-04-01,92.2
1102,RIO GRANDE DO SUL,2017-04-01,92.2
1103,MATO GROSSO DO SUL,2017-04-01,92.8
1104,MATO GROSSO,2017-04-01,93.8
1105,GOIÁS,2017-04-01,94.4
1106,DISTRITO FEDERAL,2017-04-01,92.8
1107,RONDÔNIA,2017-05-01,93.8
1108,ACRE,2017-05-01,90.1
1109,AMAZONAS,2017-05-01,89.8
1110,RORAIMA,2017-05-01,89.5
1111,PARÁ,2017-05-01,91.5
1112,AMAPÁ,2017-05-01,92.8
1113,TOCANTINS,2017-05-01,92.2
1114,MARANHÃO,2017-05-01,90.1
1115,PIAUÍ,2017-05-01,89.0
1116,CEARÁ,2017-05-01,93.1
1117,RIO GRANDE DO NORTE,2017-05-01,92.2
1118,PARAÍBA,2017-05-01,92.0
1119,PERNAMBUCO,2017-05-01,90.5
1120,ALAGOAS,2017-05-01,91.8
1121,SERGIPE,2017-05-01,90.4
1122,BAHIA,2017-05-01,90.2
1123,MINAS GERAIS,2017-05-01,91.8
1124,ESPÍRITO SANTO,2017-05-01,92.8
1125,RIO DE JANEIRO,2017-05-01,93.7
1126,SÃO PAULO,2017-05-01,91.5
1127,PARANÁ,2017-05-01,91.3
1128,SANTA CATARINA,2017-05-01,92.1
1129,RIO GRANDE DO SUL,2017-05-01,92.2
1130,MATO GROSSO DO SUL,2017-05-01,92.8
1131,MATO GROSSO,2017-05-01,93.7
1132,GOIÁS,2017-05-01,94.4
1133,DISTRITO FEDERAL,2017-05-01,92.7
1134,RONDÔNIA,2017-06-01,93.8
1135,ACRE,2017-06-01,90.2
1136,AMAZONAS,2017-06-01,89.8
1137,RORAIMA,2017-06-01,89.6
1138,PARÁ,2017-06-01,91.5
1139,AMAPÁ,2017-06-01,92.8
1140,TOCANTINS,2017-06-01,92.2
1141,MARANHÃO,2017-06-01,90.2
1142,PIAUÍ,2017-06-01,89.0
1143,CEARÁ,2017-06-01,93.1
1144,RIO GRANDE DO NORTE,2017-06-01,92.2
1145,PARAÍBA,2017-06-01,92.0
1146,PERNAMBUCO,2017-06-01,90.5
1147,ALAGOAS,2017-06-01,91.7
1148,SERGIPE,2017-06-01,90.4
1149,BAHIA,2017-06-01,90.2
1150,MINAS GERAIS,2017-06-01,91.8
1151,ESPÍRITO SANTO,2017-06-01,92.7
1152,RIO DE JANEIRO,2017-06-01,93.5
1153,SÃO PAULO,2017-06-01,91.5
1154,PARANÁ,2017-06-01,91.1
1155,SANTA CATARINA,2017-06-01,91.9
1156,RIO GRANDE DO SUL,2017-06-01,92.1
1157,MATO GROSSO DO SUL,2017-06-01,92.9
1158,MATO GROSSO,2017-06-01,93.7
1159,GOIÁS,2017-06-01,94.3
1160,DISTRITO FEDERAL,2017-06-01,92.8
1161,RONDÔNIA,2017-07-01,93.9
1162,ACRE,2017-07-01,90.1
1163,AMAZONAS,2017-07-01,89.7
1164,RORAIMA,2017-07-01,89.6
1165,PARÁ,2017-07-01,91.6
1166,AMAPÁ,2017-07-01,92.9
1167,TOCANTINS,2017-07-01,92.1
1168,MARANHÃO,2017-07-01,90.2
1169,PIAUÍ,2017-07-01,88.9
1170,CEARÁ,2017-07-01,93.0
1171,RIO GRANDE DO NORTE,2017-07-01,92.1
1172,PARAÍBA,2017-07-01,91.9
1173,PERNAMBUCO,2017-07-01,90.4
1174,ALAGOAS,2017-07-01,91.8
1175,SERGIPE,2017-07-01,90.4
1176,BAHIA,2017-07-01,90.1
1177,MINAS GERAIS,2017-07-01,91.5
1178,ESPÍRITO SANTO,2017-07-01,92.5
1179,RIO DE JANEIRO,2017-07-01,93.4
1180,SÃO PAULO,2017-07-01,91.3
1181,PARANÁ,2017-07-01,90.8
1182,SANTA CATARINA,2017-07-01,91.6
1183,RIO GRANDE DO SUL,2017-07-01,91.8
1184,MATO GROSSO DO SUL,2017-07-01,92.8
1185,MATO GROSSO,2017-07-01,93.5
1186,GOIÁS,2017-07-01,94.3
1187,DISTRITO FEDERAL,2017-07-01,92.2
1188,RONDÔNIA,2017-08-01,93.6
1189,ACRE,2017-08-01,89.8
1190,AMAZONAS,2017-08-01,89.2
1191,RORAIMA,2017-08-01,89.3
1192,PARÁ,2017-08-01,91.2
1193,AMAPÁ,2017-08-01,92.4
1194,TOCANTINS,2017-08-01,91.8
1195,MARANHÃO,2017-08-01,89.6
1196,PIAUÍ,2017-08-01,88.3
1197,CEARÁ,2017-08-01,92.5
1198,RIO GRANDE DO NORTE,2017-08-01,91.6
1199,PARAÍBA,2017-08-01,91.3
1200,PERNAMBUCO,2017-08-01,89.8
1201,ALAGOAS,2017-08-01,91.2
1202,SERGIPE,2017-08-01,89.6
1203,BAHIA,2017-08-01,89.5
1204,MINAS GERAIS,2017-08-01,91.1
1205,ESPÍRITO SANTO,2017-08-01,92.2
1206,RIO DE JANEIRO,2017-08-01,92.9
1207,SÃO PAULO,2017-08-01,90.4
1208,PARANÁ,2017-08-01,90.4
1209,SANTA CATARINA,2017-08-01,91.2
1210,RIO GRANDE DO SUL,2017-08-01,91.4
1211,MATO GROSSO DO SUL,2017-08-01,92.4
1212,MATO GROSSO,2017-08-01,92.9
1213,GOIÁS,2017-08-01,94.0
1214,DISTRITO FEDERAL,2017-08-01,92.0
1215,RONDÔNIA,2017-09-01,93.5
1216,ACRE,2017-09-01,89.7
1217,AMAZONAS,2017-09-01,89.1
1218,RORAIMA,2017-09-01,89.2
1219,PARÁ,2017-09-01,91.1
1220,AMAPÁ,2017-09-01,92.3
1221,TOCANTINS,2017-09-01,91.7
1222,MARANHÃO,2017-09-01,89.6
1223,PIAUÍ,2017-09-01,88.2
1224,CEARÁ,2017-09-01,92.4
1225,RIO GRANDE DO NORTE,2017-09-01,91.5
1226,PARAÍBA,2017-09-01,91.1
1227,PERNAMBUCO,2017-09-01,89.6
1228,ALAGOAS,2017-09-01,91.1
1229,SERGIPE,2017-09-01,89.4
1230,BAHIA,2017-09-01,89.3
1231,MINAS GERAIS,2017-09-01,90.9
1232,ESPÍRITO SANTO,2017-09-01,92.0
1233,RIO DE JANEIRO,2017-09-01,92.7
1234,SÃO PAULO,2017-09-01,90.2
1235,PARANÁ,2017-09-01,90.2
1236,SANTA CATARINA,2017-09-01,91.0
1237,RIO GRANDE DO SUL,2017-09-01,91.2
1238,MATO GROSSO DO SUL,2017-09-01,92.2
1239,MATO GROSSO,2017-09-01,92.7
1240,GOIÁS,2017-09-01,93.9
1241,DISTRITO FEDERAL,2017-09-01,91.8
1242,RONDÔNIA,2017-10-01,93.4
1243,ACRE,2017-10-01,89.6
1244,AMAZONAS,2017-10-01,89.0
1245,RORAIMA,2017-10-01,89.1
1246,PARÁ,2017-10-01,91.0
1247,AMAPÁ,2017-10-01,92.2
1248,TOCANTINS,2017-10-01,91.6
1249,MARANHÃO,2017-10-01,89.4
1250,PIAUÍ,2017-10-01,88.0
1251,CEARÁ,2017-10-01,92.3
1252,RIO GRANDE DO NORTE,2017-10-01,91.4
1253,PARAÍBA,2017-10-01,91.0
1254,PERNAMBUCO,2017-10-01,89.4
1255,ALAGOAS,2017-10-01,90.9
1256,SERGIPE,2017-10-01,89.2
1257,BAHIA,2017-10-01,89.1
1258,MINAS GERAIS,2017-10-01,90.8
1259,ESPÍRITO SANTO,2017-10-01,91.9
1260,RIO DE JANEIRO,2017-10-01,92.4
1261,SÃO PAULO,2017-10-01,90.0
1262,PARANÁ,2017-10-01,90.1
1263,SANTA CATARINA,2017-10-01,90.9
1264,RIO GRANDE DO SUL,2017-10-01,91.0
1265,MATO GROSSO DO SUL,2017-10-01,92.1
1266,MATO GROSSO,2017-10-01,92.5
1267,GOIÁS,2017-10-01,93.7
1268,DISTRITO FEDERAL,2017-10-01,91.6
1269,RONDÔNIA,2017-11-01,93.3
1270,ACRE,2017-11-01,89.5
1271,AMAZONAS,2017-11-01,88.8
1272,RORAIMA,2017-11-01,89.2
1273,PARÁ,2017-11-01,90.8
1274,AMAPÁ,2017-11-01,91.9
1275,TOCANTINS,2017-11-01,91.5
1276,MARANHÃO,2017-11-01,89.3
1277,PIAUÍ,2017-11-01,87.8
1278,CEARÁ,2017-11-01,92.1
1279,RIO GRANDE DO NORTE,2017-11-01,91.2
1280,PARAÍBA,2017-11-01,90.8
1281,PERNAMBUCO,2017-11-01,89.2
1282,ALAGOAS,2017-11-01,90.8
1283,SERGIPE,2017-11-01,88.9
1284,BAHIA,2017-11-01,88.9
1285,MINAS GERAIS,2017-11-01,90.6
1286,ESPÍRITO SANTO,2017-11-01,91.6
1287,RIO DE JANEIRO,2017-11-01,92.1
1288,SÃO PAULO,2017-11-01,89.7
1289,PARANÁ,2017-11-01,89.9
1290,SANTA CATARINA,2017-11-01,90.7
1291,RIO GRANDE DO SUL,2017-11-01,90.8
1292,MATO GROSSO DO SUL,2017-11-01,92.0
1293,MATO GROSSO,2017-11-01,92.3
1294,GOIÁS,2017-11-01,93.6
1295,DISTRITO FEDERAL,2017-11-01,91.2
1296,RONDÔNIA,2017-12-01,93.2
1297,ACRE,2017-12-01,89.4
1298,AMAZONAS,2017-12-01,88.7
1299,RORAIMA,2017-12-01,89.2
1300,PARÁ,2017-12-01,90.7
1301,AMAPÁ,2017-12-01,91.6
1302,TOCANTINS,2017-12-01,91.4
1303,MARANHÃO,2017-12-01,89.2
1304,PIAUÍ,2017-12-01,87.7
1305,CEARÁ,2017-12-01,92.0
1306,RIO GRANDE DO NORTE,2017-12-01,91.1
1307,PARAÍBA,2017-12-01,90.6
1308,PERNAMBUCO,2017-12-01,89.0
1309,ALAGOAS,2017-12-01,90.7
1310,SERGIPE,2017-12-01,88.8
1311,BAHIA,2017-12-01,88.8
1312,MINAS GERAIS,2017-12-01,90.4
1313,ESPÍRITO SANTO,2017-12-01,91.5
1314,RIO DE JANEIRO,2017-12-01,91.9
1315,SÃO PAULO,2017-12-01,89.6
1316,PARANÁ,2017-12-01,89.8
1317,SANTA CATARINA,2017-12-01,90.5
1318,RIO GRANDE DO SUL,2017-12-01,90.7
1319,MATO GROSSO DO SUL,2017-12-01,91.9
1320,MATO GROSSO,2017-12-01,92.3
1321,GOIÁS,2017-12-01,93.5
1322,DISTRITO FEDERAL,2017-12-01,91.1
1323,RONDÔNIA,2018-01-01,93.1
1324,ACRE,2018-01-01,89.3
1325,AMAZONAS,2018-01-01,88.6
1326,RORAIMA,2018-01-01,89.0
1327,PARÁ,2018-01-01,90.6
1328,AMAPÁ,2018-01-01,91.3
1329,TOCANTINS,2018-01-01,91.3
1330,MARANHÃO,2018-01-01,89.1
1331,PIAUÍ,2018-01-01,87.5
1332,CEARÁ,2018-01-01,91.9
1333,RIO GRANDE DO NORTE,2018-01-01,91.0
1334,PARAÍBA,2018-01-01,90.5
1335,PERNAMBUCO,2018-01-01,88.9
1336,ALAGOAS,2018-01-01,90.6
1337,SERGIPE,2018-01-01,88.6
1338,BAHIA,2018-01-01,88.6
1339,MINAS GERAIS,2018-01-01,90.3
1340,ESPÍRITO SANTO,2018-01-01,91.4
1341,RIO DE JANEIRO,2018-01-01,91.7
1342,SÃO PAULO,2018-01-01,89.4
1343,PARANÁ,2018-01-01,89.7
1344,SANTA CATARINA,2018-01-01,90.4
1345,RIO GRANDE DO SUL,2018-01-01,90.5
1346,MATO GROSSO DO SUL,2018-01-01,91.7
1347,MATO GROSSO,2018-01-01,92.1
1348,GOIÁS,2018-01-01,93.3
1349,DISTRITO FEDERAL,2018-01-01,90.9
1350,RONDÔNIA,2018-02-01,93.1
1351,ACRE,2018-02-01,89.3
1352,AMAZONAS,2018-02-01,88.5
1353,RORAIMA,2018-02-01,89.0
1354,PARÁ,2018-02-01,90.5
1355,AMAPÁ,2018-02-01,90.9
1356,TOCANTINS,2018-02-01,91.2
1357,MARANHÃO,2018-02-01,89.0
1358,PIAUÍ,2018-02-01,87.4
1359,CEARÁ,2018-02-01,91.8
1360,RIO GRANDE DO NORTE,2018-02-01,90.9
1361,PARAÍBA,2018-02-01,90.4
1362,PERNAMBUCO,2018-02-01,88.7
1363,ALAGOAS,2018-02-01,90.5
1364,SERGIPE,2018-02-01,88.4
1365,BAHIA,2018-02-01,88.5
1366,MINAS GERAIS,2018-02-01,90.2
1367,ESPÍRITO SANTO,2018-02-01,91.3
1368,RIO DE JANEIRO,2018-02-01,91.6
1369,SÃO PAULO,2018-02-01,89.4
1370,PARANÁ,2018-02-01,89.6
1371,SANTA CATARINA,2018-02-01,90.3
1372,RIO GRANDE DO SUL,2018-02-01,90.4
1373,MATO GROSSO DO SUL,2018-02-01,91.7
1374,MATO GROSSO,2018-02-01,92.1
1375,GOIÁS,2018-02-01,93.3
1376,DISTRITO FEDERAL,2018-02-01,91.0
1377,RONDÔNIA,2018-03-01,93.1
1378,ACRE,2018-03-01,89.3
1379,AMAZONAS,2018-03-01,88.4
1380,RORAIMA,2018-03-01,89.1
1381,PARÁ,2018-03-01,90.5
1382,AMAPÁ,2018-03-01,90.9
1383,TOCANTINS,2018-03-01,91.3
1384,MARANHÃO,2018-03-01,89.1
1385,PIAUÍ,2018-03-01,87.4
1386,CEARÁ,2018-03-01,91.8
1387,RIO GRANDE DO NORTE,2018-03-01,90.9
1388,PARAÍBA,2018-03-01,90.3
1389,PERNAMBUCO,2018-03-01,88.7
1390,ALAGOAS,2018-03-01,90.4
1391,SERGIPE,2018-03-01,88.4
1392,BAHIA,2018-03-01,88.5
1393,MINAS GERAIS,2018-03-01,90.2
1394,ESPÍRITO SANTO,2018-03-01,91.3
1395,RIO DE JANEIRO,2018-03-01,91.5
1396,SÃO PAULO,2018-03-01,89.4
1397,PARANÁ,2018-03-01,89.5
1398,SANTA CATARINA,2018-03-01,90.3
1399,RIO GRANDE DO SUL,2018-03-01,90.3
1400,MATO GROSSO DO SUL,2018-03-01,91.7
1401,MATO GROSSO,2018-03-01,92.2
1402,GOIÁS,2018-03-01,93.2
1403,DISTRITO FEDERAL,2018-03-01,90.9
1404,RONDÔNIA,2018-04-01,93.1
1405,ACRE,2018-04-01,89.2
1406,AMAZONAS,2018-04-01,88.3
1407,RORAIMA,2018-04-01,89.0
1408,PARÁ,2018-04-01,90.5
1409,AMAPÁ,2018-04-01,90.8
1410,TOCANTINS,2018-04-01,91.2
1411,MARANHÃO,2018-04-01,88.9
1412,PIAUÍ,2018-04-01,87.2
1413,CEARÁ,2018-04-01,91.6
1414,RIO GRANDE DO NORTE,2018-04-01,90.6
1415,PARAÍBA,2018-04-01,90.1
1416,PERNAMBUCO,2018-04-01,88.5
1417,ALAGOAS,2018-04-01,90.3
1418,SERGIPE,2018-04-01,88.2
1419,BAHIA,2018-04-01,88.3
1420,MINAS GERAIS,2018-04-01,89.9
1421,ESPÍRITO SANTO,2018-04-01,91.1
1422,RIO DE JANEIRO,2018-04-01,91.4
1423,SÃO PAULO,2018-04-01,89.1
1424,PARANÁ,2018-04-01,89.3
1425,SANTA CATARINA,2018-04-01,90.0
1426,RIO GRANDE DO SUL,2018-04-01,90.1
1427,MATO GROSSO DO SUL,2018-04-01,91.7
1428,MATO GROSSO,2018-04-01,92.1
1429,GOIÁS,2018-04-01,93.1
1430,DISTRITO FEDERAL,2018-04-01,90.7
1431,RONDÔNIA,2018-05-01,93.1
1432,ACRE,2018-05-01,89.2
1433,AMAZONAS,2018-05-01,88.2
1434,RORAIMA,2018-05-01,89.1
1435,PARÁ,2018-05-01,90.4
1436,AMAPÁ,2018-05-01,90.7
1437,TOCANTINS,2018-05-01,91.3
1438,MARANHÃO,2018-05-01,88.9
1439,PIAUÍ,2018-05-01,87.2
1440,CEARÁ,2018-05-01,91.6
1441,RIO GRANDE DO NORTE,2018-05-01,90.6
1442,PARAÍBA,2018-05-01,90.0
1443,PERNAMBUCO,2018-05-01,88.5
1444,ALAGOAS,2018-05-01,90.2
1445,SERGIPE,2018-05-01,88.0
1446,BAHIA,2018-05-01,88.2
1447,MINAS GERAIS,2018-05-01,89.9
1448,ESPÍRITO SANTO,2018-05-01,91.1
1449,RIO DE JANEIRO,2018-05-01,91.3
1450,SÃO PAULO,2018-05-01,89.2
1451,PARANÁ,2018-05-01,89.4
1452,SANTA CATARINA,2018-05-01,90.1
1453,RIO GRANDE DO SUL,2018-05-01,90.1
1454,MATO GROSSO DO SUL,2018-05-01,91.7
1455,MATO GROSSO,2018-05-01,92.2
1456,GOIÁS,2018-05-01,93.2
1457,DISTRITO FEDERAL,2018-05-01,90.8
1458,RONDÔNIA,2018-06-01,93.0
1459,ACRE,2018-06-01,89.1
1460,AMAZONAS,2018-06-01,88.0
1461,RORAIMA,2018-06-01,88.6
1462,PARÁ,2018-06-01,90.2
1463,AMAPÁ,2018-06-01,90.6
1464,TOCANTINS,2018-06-01,91.0
1465,MARANHÃO,2018-06-01,88.7
1466,PIAUÍ,2018-06-01,86.9
1467,CEARÁ,2018-06-01,91.4
1468,RIO GRANDE DO NORTE,2018-06-01,90.3
1469,PARAÍBA,2018-06-01,89.7
1470,PERNAMBUCO,2018-06-01,88.2
1471,ALAGOAS,2018-06-01,89.8
1472,SERGIPE,2018-06-01,87.6
1473,BAHIA,2018-06-01,88.0
1474,MINAS GERAIS,2018-06-01,89.6
1475,ESPÍRITO SANTO,2018-06-01,90.8
1476,RIO DE JANEIRO,2018-06-01,91.0
1477,SÃO PAULO,2018-06-01,88.9
1478,PARANÁ,2018-06-01,89.1
1479,SANTA CATARINA,2018-06-01,89.7
1480,RIO GRANDE DO SUL,2018-06-01,89.7
1481,MATO GROSSO DO SUL,2018-06-01,91.4
1482,MATO GROSSO,2018-06-01,92.0
1483,GOIÁS,2018-06-01,93.0
1484,DISTRITO FEDERAL,2018-06-01,90.7
1485,RONDÔNIA,2018-07-01,93.1
1486,ACRE,2018-07-01,89.0
1487,AMAZONAS,2018-07-01,88.0
1488,RORAIMA,2018-07-01,88.3
1489,PARÁ,2018-07-01,90.2
1490,AMAPÁ,2018-07-01,90.6
1491,TOCANTINS,2018-07-01,91.1
1492,MARANHÃO,2018-07-01,88.7
1493,PIAUÍ,2018-07-01,86.8
1494,CEARÁ,2018-07-01,91.4
1495,RIO GRANDE DO NORTE,2018-07-01,90.3
1496,PARAÍBA,2018-07-01,89.7
1497,PERNAMBUCO,2018-07-01,88.2
1498,ALAGOAS,2018-07-01,89.9
1499,SERGIPE,2018-07-01,87.6
1500,BAHIA,2018-07-01,88.0
1501,MINAS GERAIS,2018-07-01,89.8
1502,ESPÍRITO SANTO,2018-07-01,90.9
1503,RIO DE JANEIRO,2018-07-01,91.1
1504,SÃO PAULO,2018-07-01,88.9
1505,PARANÁ,2018-07-01,89.2
1506,SANTA CATARINA,2018-07-01,89.8
1507,RIO GRANDE DO SUL,2018-07-01,89.8
1508,MATO GROSSO DO SUL,2018-07-01,91.4
1509,MATO GROSSO,2018-07-01,91.9
1510,GOIÁS,2018-07-01,93.0
1511,DISTRITO FEDERAL,2018-07-01,90.9
1512,RONDÔNIA,2018-08-01,93.1
1513,ACRE,2018-08-01,88.9
1514,AMAZONAS,2018-08-01,87.9
1515,RORAIMA,2018-08-01,88.0
1516,PARÁ,2018-08-01,90.1
1517,AMAPÁ,2018-08-01,90.4
1518,TOCANTINS,2018-08-01,91.0
1519,MARANHÃO,2018-08-01,88.6
1520,PIAUÍ,2018-08-01,86.7
1521,CEARÁ,2018-08-01,91.3
1522,RIO GRANDE DO NORTE,2018-08-01,90.2
1523,PARAÍBA,2018-08-01,89.6
1524,PERNAMBUCO,2018-08-01,88.1
1525,ALAGOAS,2018-08-01,89.8
1526,SERGIPE,2018-08-01,87.4
1527,BAHIA,2018-08-01,87.9
1528,MINAS GERAIS,2018-08-01,89.7
1529,ESPÍRITO SANTO,2018-08-01,90.8
1530,RIO DE JANEIRO,2018-08-01,91.0
1531,SÃO PAULO,2018-08-01,88.8
1532,PARANÁ,2018-08-01,89.1
1533,SANTA CATARINA,2018-08-01,89.7
1534,RIO GRANDE DO SUL,2018-08-01,89.7
1535,MATO GROSSO DO SUL,2018-08-01,91.3
1536,MATO GROSSO,2018-08-01,91.8
1537,GOIÁS,2018-08-01,92.9
1538,DISTRITO FEDERAL,2018-08-01,90.8
1539,RONDÔNIA,2018-09-01,92.9
1540,ACRE,2018-09-01,88.9
1541,AMAZONAS,2018-09-01,87.7
1542,RORAIMA,2018-09-01,87.2
1543,PARÁ,2018-09-01,90.0
1544,AMAPÁ,2018-09-01,90.2
1545,TOCANTINS,2018-09-01,90.9
1546,MARANHÃO,2018-09-01,88.5
1547,PIAUÍ,2018-09-01,86.5
1548,CEARÁ,2018-09-01,91.1
1549,RIO GRANDE DO NORTE,2018-09-01,89.9
1550,PARAÍBA,2018-09-01,89.3
1551,PERNAMBUCO,2018-09-01,87.9
1552,ALAGOAS,2018-09-01,89.6
1553,SERGIPE,2018-09-01,87.1
1554,BAHIA,2018-09-01,87.7
1555,MINAS GERAIS,2018-09-01,89.4
1556,ESPÍRITO SANTO,2018-09-01,90.6
1557,RIO DE JANEIRO,2018-09-01,90.7
1558,SÃO PAULO,2018-09-01,88.3
1559,PARANÁ,2018-09-01,88.7
1560,SANTA CATARINA,2018-09-01,89.3
1561,RIO GRANDE DO SUL,2018-09-01,89.3
1562,MATO GROSSO DO SUL,2018-09-01,91.0
1563,MATO GROSSO,2018-09-01,91.4
1564,GOIÁS,2018-09-01,92.8
1565,DISTRITO FEDERAL,2018-09-01,90.4
1566,RONDÔNIA,2018-10-01,92.9
1567,ACRE,2018-10-01,88.8
1568,AMAZONAS,2018-10-01,87.7
1569,RORAIMA,2018-10-01,87.2
1570,PARÁ,2018-10-01,89.9
1571,AMAPÁ,2018-10-01,90.0
1572,TOCANTINS,2018-10-01,90.8
1573,MARANHÃO,2018-10-01,88.4
1574,PIAUÍ,2018-10-01,86.3
1575,CEARÁ,2018-10-01,91.0
1576,RIO GRANDE DO NORTE,2018-10-01,89.8
1577,PARAÍBA,2018-10-01,89.1
1578,PERNAMBUCO,2018-10-01,87.7
1579,ALAGOAS,2018-10-01,89.4
1580,SERGIPE,2018-10-01,86.8
1581,BAHIA,2018-10-01,87.6
1582,MINAS GERAIS,2018-10-01,89.3
1583,ESPÍRITO SANTO,2018-10-01,90.5
1584,RIO DE JANEIRO,2018-10-01,90.5
1585,SÃO PAULO,2018-10-01,88.2
1586,PARANÁ,2018-10-01,88.6
1587,SANTA CATARINA,2018-10-01,89.2
1588,RIO GRANDE DO SUL,2018-10-01,89.1
1589,MATO GROSSO DO SUL,2018-10-01,90.9
1590,MATO GROSSO,2018-10-01,91.3
1591,GOIÁS,2018-10-01,92.7
1592,DISTRITO FEDERAL,2018-10-01,90.3
1593,RONDÔNIA,2018-11-01,92.8
1594,ACRE,2018-11-01,88.6
1595,AMAZONAS,2018-11-01,87.6
1596,RORAIMA,2018-11-01,86.9
1597,PARÁ,2018-11-01,89.8
1598,AMAPÁ,2018-11-01,89.9
1599,TOCANTINS,2018-11-01,90.8
1600,MARANHÃO,2018-11-01,88.3
1601,PIAUÍ,2018-11-01,86.2
1602,CEARÁ,2018-11-01,90.8
1603,RIO GRANDE DO NORTE,2018-11-01,89.7
1604,PARAÍBA,2018-11-01,88.9
1605,PERNAMBUCO,2018-11-01,87.5
1606,ALAGOAS,2018-11-01,89.3
1607,SERGIPE,2018-11-01,86.6
1608,BAHIA,2018-11-01,87.4
1609,MINAS GERAIS,2018-11-01,89.1
1610,ESPÍRITO SANTO,2018-11-01,90.4
1611,RIO DE JANEIRO,2018-11-01,90.2
1612,SÃO PAULO,2018-11-01,88.0
1613,PARANÁ,2018-11-01,88.4
1614,SANTA CATARINA,2018-11-01,89.0
1615,RIO GRANDE DO SUL,2018-11-01,88.9
1616,MATO GROSSO DO SUL,2018-11-01,90.7
1617,MATO GROSSO,2018-11-01,91.1
1618,GOIÁS,2018-11-01,92.6
1619,DISTRITO FEDERAL,2018-11-01,90.0
1620,RONDÔNIA,2018-12-01,92.7
1621,ACRE,2018-12-01,88.4
1622,AMAZONAS,2018-12-01,87.4
1623,RORAIMA,2018-12-01,86.4
1624,PARÁ,2018-12-01,89.6
1625,AMAPÁ,2018-12-01,89.7
1626,TOCANTINS,2018-12-01,90.7
1627,MARANHÃO,2018-12-01,88.1
1628,PIAUÍ,2018-12-01,86.0
1629,CEARÁ,2018-12-01,90.6
1630,RIO GRANDE DO NORTE,2018-12-01,89.5
1631,PARAÍBA,2018-12-01,88.7
1632,PERNAMBUCO,2018-12-01,87.3
1633,ALAGOAS,2018-12-01,89.1
1634,SERGIPE,2018-12-01,86.3
1635,BAHIA,2018-12-01,87.2
1636,MINAS GERAIS,2018-12-01,88.9
1637,ESPÍRITO SANTO,2018-12-01,90.1
1638,RIO DE JANEIRO,2018-12-01,89.8
1639,SÃO PAULO,2018-12-01,87.6
1640,PARANÁ,2018-12-01,88.1
1641,SANTA CATARINA,2018-12-01,88.6
1642,RIO GRANDE DO SUL,2018-12-01,88.6
1643,MATO GROSSO DO SUL,2018-12-01,90.5
1644,MATO GROSSO,2018-12-01,90.7
1645,GOIÁS,2018-12-01,92.4
1646,DISTRITO FEDERAL,2018-12-01,89.5
1647,RONDÔNIA,2019-01-01,93.0
1648,ACRE,2019-01-01,88.6
1649,AMAZONAS,2019-01-01,87.5
1650,RORAIMA,2019-01-01,86.3
1651,PARÁ,2019-01-01,89.7
1652,AMAPÁ,2019-01-01,89.9
1653,TOCANTINS,2019-01-01,90.9
1654,MARANHÃO,2019-01-01,88.3
1655,PIAUÍ,2019-01-01,86.0
1656,CEARÁ,2019-01-01,90.7
1657,RIO GRANDE DO NORTE,2019-01-01,89.6
1658,PARAÍBA,2019-01-01,88.8
1659,PERNAMBUCO,2019-01-01,87.3
1660,ALAGOAS,2019-01-01,89.2
1661,SERGIPE,2019-01-01,86.4
1662,BAHIA,2019-01-01,87.3
1663,MINAS GERAIS,2019-01-01,89.1
1664,ESPÍRITO SANTO,2019-01-01,90.4
1665,RIO DE JANEIRO,2019-01-01,90.0
1666,SÃO PAULO,2019-01-01,87.9
1667,PARANÁ,2019-01-01,88.2
1668,SANTA CATARINA,2019-01-01,88.8
1669,RIO GRANDE DO SUL,2019-01-01,88.8
1670,MATO GROSSO DO SUL,2019-01-01,90.8
1671,MATO GROSSO,2019-01-01,91.0
1672,GOIÁS,2019-01-01,92.5
1673,DISTRITO FEDERAL,2019-01-01,89.6
1674,RONDÔNIA,2019-02-01,92.9
1675,ACRE,2019-02-01,88.5
1676,AMAZONAS,2019-02-01,87.5
1677,RORAIMA,2019-02-01,86.3
1678,PARÁ,2019-02-01,89.6
1679,AMAPÁ,2019-02-01,89.7
1680,TOCANTINS,2019-02-01,90.9
1681,MARANHÃO,2019-02-01,88.2
1682,PIAUÍ,2019-02-01,85.9
1683,CEARÁ,2019-02-01,90.6
1684,RIO GRANDE DO NORTE,2019-02-01,89.5
1685,PARAÍBA,2019-02-01,88.7
1686,PERNAMBUCO,2019-02-01,87.2
1687,ALAGOAS,2019-02-01,89.1
1688,SERGIPE,2019-02-01,86.3
1689,BAHIA,2019-02-01,87.2
1690,MINAS GERAIS,2019-02-01,89.0
1691,ESPÍRITO SANTO,2019-02-01,90.3
1692,RIO DE JANEIRO,2019-02-01,89.9
1693,SÃO PAULO,2019-02-01,87.8
1694,PARANÁ,2019-02-01,88.1
1695,SANTA CATARINA,2019-02-01,88.7
1696,RIO GRANDE DO SUL,2019-02-01,88.7
1697,MATO GROSSO DO SUL,2019-02-01,90.7
1698,MATO GROSSO,2019-02-01,91.0
1699,GOIÁS,2019-02-01,92.4
1700,DISTRITO FEDERAL,2019-02-01,89.5
1701,RONDÔNIA,2019-03-01,92.8
1702,ACRE,2019-03-01,88.4
1703,AMAZONAS,2019-03-01,87.4
1704,RORAIMA,2019-03-01,86.0
1705,PARÁ,2019-03-01,89.4
1706,AMAPÁ,2019-03-01,89.6
1707,TOCANTINS,2019-03-01,90.8
1708,MARANHÃO,2019-03-01,88.2
1709,PIAUÍ,2019-03-01,85.8
1710,CEARÁ,2019-03-01,90.5
1711,RIO GRANDE DO NORTE,2019-03-01,89.4
1712,PARAÍBA,2019-03-01,88.5
1713,PERNAMBUCO,2019-03-01,87.1
1714,ALAGOAS,2019-03-01,89.0
1715,SERGIPE,2019-03-01,86.2
1716,BAHIA,2019-03-01,87.2
1717,MINAS GERAIS,2019-03-01,88.8
1718,ESPÍRITO SANTO,2019-03-01,90.2
1719,RIO DE JANEIRO,2019-03-01,89.7
1720,SÃO PAULO,2019-03-01,87.6
1721,PARANÁ,2019-03-01,88.0
1722,SANTA CATARINA,2019-03-01,88.6
1723,RIO GRANDE DO SUL,2019-03-01,88.5
1724,MATO GROSSO DO SUL,2019-03-01,90.7
1725,MATO GROSSO,2019-03-01,90.8
1726,GOIÁS,2019-03-01,92.3
1727,DISTRITO FEDERAL,2019-03-01,89.4
1728,RONDÔNIA,2019-04-01,92.9
1729,ACRE,2019-04-01,88.3
1730,AMAZONAS,2019-04-01,87.4
1731,RORAIMA,2019-04-01,85.9
1732,PARÁ,2019-04-01,89.4
1733,AMAPÁ,2019-04-01,89.6
1734,TOCANTINS,2019-04-01,90.8
1735,MARANHÃO,2019-04-01,88.2
1736,PIAUÍ,2019-04-01,85.8
1737,CEARÁ,2019-04-01,90.4
1738,RIO GRANDE DO NORTE,2019-04-01,89.4
1739,PARAÍBA,2019-04-01,88.5
1740,PERNAMBUCO,2019-04-01,87.0
1741,ALAGOAS,2019-04-01,89.0
1742,SERGIPE,2019-04-01,86.1
1743,BAHIA,2019-04-01,87.1
1744,MINAS GERAIS,2019-04-01,88.8
1745,ESPÍRITO SANTO,2019-04-01,90.1
1746,RIO DE JANEIRO,2019-04-01,89.6
1747,SÃO PAULO,2019-04-01,87.6
1748,PARANÁ,2019-04-01,87.9
1749,SANTA CATARINA,2019-04-01,88.5
1750,RIO GRANDE DO SUL,2019-04-01,88.5
1751,MATO GROSSO DO SUL,2019-04-01,90.7
1752,MATO GROSSO,2019-04-01,90.9
1753,GOIÁS,2019-04-01,92.3
1754,DISTRITO FEDERAL,2019-04-01,89.3
1755,RONDÔNIA,2019-05-01,92.8
1756,ACRE,2019-05-01,88.3
1757,AMAZONAS,2019-05-01,87.3
1758,RORAIMA,2019-05-01,85.6
1759,PARÁ,2019-05-01,89.2
1760,AMAPÁ,2019-05-01,89.5
1761,TOCANTINS,2019-05-01,90.8
1762,MARANHÃO,2019-05-01,88.1
1763,PIAUÍ,2019-05-01,85.7
1764,CEARÁ,2019-05-01,90.3
1765,RIO GRANDE DO NORTE,2019-05-01,89.2
1766,PARAÍBA,2019-05-01,88.3
1767,PERNAMBUCO,2019-05-01,86.9
1768,ALAGOAS,2019-05-01,88.8
1769,SERGIPE,2019-05-01,85.9
1770,BAHIA,2019-05-01,87.0
1771,MINAS GERAIS,2019-05-01,88.6
1772,ESPÍRITO SANTO,2019-05-01,89.9
1773,RIO DE JANEIRO,2019-05-01,89.4
1774,SÃO PAULO,2019-05-01,87.5
1775,PARANÁ,2019-05-01,87.8
1776,SANTA CATARINA,2019-05-01,88.4
1777,RIO GRANDE DO SUL,2019-05-01,88.4
1778,MATO GROSSO DO SUL,2019-05-01,90.6
1779,MATO GROSSO,2019-05-01,90.8
1780,GOIÁS,2019-05-01,92.2
1781,DISTRITO FEDERAL,2019-05-01,89.1
1782,RONDÔNIA,2019-06-01,92.9
1783,ACRE,2019-06-01,88.3
1784,AMAZONAS,2019-06-01,87.3
1785,RORAIMA,2019-06-01,85.6
1786,PARÁ,2019-06-01,89.3
1787,AMAPÁ,2019-06-01,89.5
1788,TOCANTINS,2019-06-01,90.8
1789,MARANHÃO,2019-06-01,88.1
1790,PIAUÍ,2019-06-01,85.6
1791,CEARÁ,2019-06-01,90.3
1792,RIO GRANDE DO NORTE,2019-06-01,89.2
1793,PARAÍBA,2019-06-01,88.3
1794,PERNAMBUCO,2019-06-01,86.8
1795,ALAGOAS,2019-06-01,88.8
1796,SERGIPE,2019-06-01,85.8
1797,BAHIA,2019-06-01,87.0
1798,MINAS GERAIS,2019-06-01,88.6
1799,ESPÍRITO SANTO,2019-06-01,89.9
1800,RIO DE JANEIRO,2019-06-01,89.4
1801,SÃO PAULO,2019-06-01,87.5
1802,PARANÁ,2019-06-01,87.8
1803,SANTA CATARINA,2019-06-01,88.3
1804,RIO GRANDE DO SUL,2019-06-01,88.3
1805,MATO GROSSO DO SUL,2019-06-01,90.7
1806,MATO GROSSO,2019-06-01,90.9
1807,GOIÁS,2019-06-01,92.2
1808,DISTRITO FEDERAL,2019-06-01,89.2
1809,RONDÔNIA,2019-07-01,93.0
1810,ACRE,2019-07-01,88.4
1811,AMAZONAS,2019-07-01,87.4
1812,RORAIMA,2019-07-01,86.0
1813,PARÁ,2019-07-01,89.4
1814,AMAPÁ,2019-07-01,89.7
1815,TOCANTINS,2019-07-01,91.0
1816,MARANHÃO,2019-07-01,88.3
1817,PIAUÍ,2019-07-01,85.8
1818,CEARÁ,2019-07-01,90.4
1819,RIO GRANDE DO NORTE,2019-07-01,89.3
1820,PARAÍBA,2019-07-01,88.5
1821,PERNAMBUCO,2019-07-01,87.0
1822,ALAGOAS,2019-07-01,89.0
1823,SERGIPE,2019-07-01,86.1
1824,BAHIA,2019-07-01,87.2
1825,MINAS GERAIS,2019-07-01,88.8
1826,ESPÍRITO SANTO,2019-07-01,90.1
1827,RIO DE JANEIRO,2019-07-01,89.7
1828,SÃO PAULO,2019-07-01,87.8
1829,PARANÁ,2019-07-01,88.0
1830,SANTA CATARINA,2019-07-01,88.6
1831,RIO GRANDE DO SUL,2019-07-01,88.6
1832,MATO GROSSO DO SUL,2019-07-01,91.0
1833,MATO GROSSO,2019-07-01,91.2
1834,GOIÁS,2019-07-01,92.4
1835,DISTRITO FEDERAL,2019-07-01,89.5
1836,RONDÔNIA,2019-08-01,93.0
1837,ACRE,2019-08-01,88.4
1838,AMAZONAS,2019-08-01,87.4
1839,RORAIMA,2019-08-01,86.1
1840,PARÁ,2019-08-01,89.5
1841,AMAPÁ,2019-08-01,89.8
1842,TOCANTINS,2019-08-01,91.0
1843,MARANHÃO,2019-08-01,88.3
1844,PIAUÍ,2019-08-01,85.8
1845,CEARÁ,2019-08-01,90.4
1846,RIO GRANDE DO NORTE,2019-08-01,89.4
1847,PARAÍBA,2019-08-01,88.5
1848,PERNAMBUCO,2019-08-01,87.0
1849,ALAGOAS,2019-08-01,89.0
1850,SERGIPE,2019-08-01,86.1
1851,BAHIA,2019-08-01,87.2
1852,MINAS GERAIS,2019-08-01,88.8
1853,ESPÍRITO SANTO,2019-08-01,90.2
1854,RIO DE JANEIRO,2019-08-01,89.7
1855,SÃO PAULO,2019-08-01,87.8
1856,PARANÁ,2019-08-01,88.0
1857,SANTA CATARINA,2019-08-01,88.7
1858,RIO GRANDE DO SUL,2019-08-01,88.6
1859,MATO GROSSO DO SUL,2019-08-01,91.1
1860,MATO GROSSO,2019-08-01,91.2
1861,GOIÁS,2019-08-01,92.4
1862,DISTRITO FEDERAL,2019-08-01,89.5
1863,RONDÔNIA,2019-09-01,93.1
1864,ACRE,2019-09-01,88.4
1865,AMAZONAS,2019-09-01,87.4
1866,RORAIMA,2019-09-01,86.1
1867,PARÁ,2019-09-01,89.5
1868,AMAPÁ,2019-09-01,89.8
1869,TOCANTINS,2019-09-01,91.1
1870,MARANHÃO,2019-09-01,88.3
1871,PIAUÍ,2019-09-01,85.7
1872,CEARÁ,2019-09-01,90.4
1873,RIO GRANDE DO NORTE,2019-09-01,89.3
1874,PARAÍBA,2019-09-01,88.4
1875,PERNAMBUCO,2019-09-01,87.0
1876,ALAGOAS,2019-09-01,89.0
1877,SERGIPE,2019-09-01,86.1
1878,BAHIA,2019-09-01,87.1
1879,MINAS GERAIS,2019-09-01,88.7
1880,ESPÍRITO SANTO,2019-09-01,90.2
1881,RIO DE JANEIRO,2019-09-01,89.7
1882,SÃO PAULO,2019-09-01,87.7
1883,PARANÁ,2019-09-01,87.9
1884,SANTA CATARINA,2019-09-01,88.6
1885,RIO GRANDE DO SUL,2019-09-01,88.6
1886,MATO GROSSO DO SUL,2019-09-01,91.1
1887,MATO GROSSO,2019-09-01,91.2
1888,GOIÁS,2019-09-01,92.4
1889,DISTRITO FEDERAL,2019-09-01,89.4
1890,RONDÔNIA,2019-10-01,93.1
1891,ACRE,2019-10-01,88.5
1892,AMAZONAS,2019-10-01,87.5
1893,RORAIMA,2019-10-01,86.3
1894,PARÁ,2019-10-01,89.5
1895,AMAPÁ,2019-10-01,89.9
1896,TOCANTINS,2019-10-01,91.1
1897,MARANHÃO,2019-10-01,88.3
1898,PIAUÍ,2019-10-01,85.8
1899,CEARÁ,2019-10-01,90.4
1900,RIO GRANDE DO NORTE,2019-10-01,89.4
1901,PARAÍBA,2019-10-01,88.5
1902,PERNAMBUCO,2019-10-01,87.0
1903,ALAGOAS,2019-10-01,89.0
1904,SERGIPE,2019-10-01,86.1
1905,BAHIA,2019-10-01,87.2
1906,MINAS GERAIS,2019-10-01,88.8
1907,ESPÍRITO SANTO,2019-10-01,90.3
1908,RIO DE JANEIRO,2019-10-01,89.8
1909,SÃO PAULO,2019-10-01,87.8
1910,PARANÁ,2019-10-01,88.0
1911,SANTA CATARINA,2019-10-01,88.7
1912,RIO GRANDE DO SUL,2019-10-01,88.6
1913,MATO GROSSO DO SUL,2019-10-01,91.1
1914,MATO GROSSO,2019-10-01,91.3
1915,GOIÁS,2019-10-01,92.5
1916,DISTRITO FEDERAL,2019-10-01,89.5
1917,RONDÔNIA,2019-11-01,93.2
1918,ACRE,2019-11-01,88.6
1919,AMAZONAS,2019-11-01,87.5
1920,RORAIMA,2019-11-01,86.4
1921,PARÁ,2019-11-01,89.6
1922,AMAPÁ,2019-11-01,90.0
1923,TOCANTINS,2019-11-01,91.2
1924,MARANHÃO,2019-11-01,88.4
1925,PIAUÍ,2019-11-01,85.8
1926,CEARÁ,2019-11-01,90.5
1927,RIO GRANDE DO NORTE,2019-11-01,89.4
1928,PARAÍBA,2019-11-01,88.5
1929,PERNAMBUCO,2019-11-01,87.1
1930,ALAGOAS,2019-11-01,89.1
1931,SERGIPE,2019-11-01,86.2
1932,BAHIA,2019-11-01,87.2
1933,MINAS GERAIS,2019-11-01,88.8
1934,ESPÍRITO SANTO,2019-11-01,90.4
1935,RIO DE JANEIRO,2019-11-01,89.8
1936,SÃO PAULO,2019-11-01,87.9
1937,PARANÁ,2019-11-01,88.1
1938,SANTA CATARINA,2019-11-01,88.8
1939,RIO GRANDE DO SUL,2019-11-01,88.6
1940,MATO GROSSO DO SUL,2019-11-01,91.2
1941,MATO GROSSO,2019-11-01,91.5
1942,GOIÁS,2019-11-01,92.6
1943,DISTRITO FEDERAL,2019-11-01,89.6
1944,RONDÔNIA,2019-12-01,93.2
1945,ACRE,2019-12-01,88.6
1946,AMAZONAS,2019-12-01,87.5
1947,RORAIMA,2019-12-01,86.5
1948,PARÁ,2019-12-01,89.7
1949,AMAPÁ,2019-12-01,90.1
1950,TOCANTINS,2019-12-01,91.2
1951,MARANHÃO,2019-12-01,88.4
1952,PIAUÍ,2019-12-01,85.9
1953,CEARÁ,2019-12-01,90.5
1954,RIO GRANDE DO NORTE,2019-12-01,89.5
1955,PARAÍBA,2019-12-01,88.5
1956,PERNAMBUCO,2019-12-01,87.1
1957,ALAGOAS,2019-12-01,89.1
1958,SERGIPE,2019-12-01,86.2
1959,BAHIA,2019-12-01,87.3
1960,MINAS GERAIS,2019-12-01,88.9
1961,ESPÍRITO SANTO,2019-12-01,90.5
1962,RIO DE JANEIRO,2019-12-01,89.8
1963,SÃO PAULO,2019-12-01,88.0
1964,PARANÁ,2019-12-01,88.1
1965,SANTA CATARINA,2019-12-01,88.9
1966,RIO GRANDE DO SUL,2019-12-01,88.7
1967,MATO GROSSO DO SUL,2019-12-01,91.3
1968,MATO GROSSO,2019-12-01,91.6
1969,GOIÁS,2019-12-01,92.7
1970,DISTRITO FEDERAL,2019-12-01,89.6
1971,RONDÔNIA,2020-01-01,92.9
1972,ACRE,2020-01-01,88.6
1973,AMAZONAS,2020-01-01,87.5
1974,RORAIMA,2020-01-01,86.5
1975,PARÁ,2020-01-01,89.7
1976,AMAPÁ,2020-01-01,90.1
1977,TOCANTINS,2020-01-01,91.2
1978,MARANHÃO,2020-01-01,88.5
1979,PIAUÍ,2020-01-01,85.9
1980,CEARÁ,2020-01-01,90.5
1981,RIO GRANDE DO NORTE,2020-01-01,89.5
1982,PARAÍBA,2020-01-01,88.5
1983,PERNAMBUCO,2020-01-01,87.1
1984,ALAGOAS,2020-01-01,89.1
1985,SERGIPE,2020-01-01,86.2
1986,BAHIA,2020-01-01,87.3
1987,MINAS GERAIS,2020-01-01,88.8
1988,ESPÍRITO SANTO,2020-01-01,90.4
1989,RIO DE JANEIRO,2020-01-01,89.8
1990,SÃO PAULO,2020-01-01,87.9
1991,PARANÁ,2020-01-01,87.9
1992,SANTA CATARINA,2020-01-01,88.5
1993,RIO GRANDE DO SUL,2020-01-01,88.4
1994,MATO GROSSO DO SUL,2020-01-01,91.2
1995,MATO GROSSO,2020-01-01,91.4
1996,GOIÁS,2020-01-01,92.5
1997,DISTRITO FEDERAL,2020-01-01,89.6
1998,RONDÔNIA,2020-02-01,92.9
1999,ACRE,2020-02-01,88.7
2000,AMAZONAS,2020-02-01,87.5
2001,RORAIMA,2020-02-01,86.5
2002,PARÁ,2020-02-01,89.7
2003,AMAPÁ,2020-02-01,90.1
2004,TOCANTINS,2020-02-01,91.2
2005,MARANHÃO,2020-02-01,88.5
2006,PIAUÍ,2020-02-01,85.9
2007,CEARÁ,2020-02-01,90.5
2008,RIO GRANDE DO NORTE,2020-02-01,89.5
2009,PARAÍBA,2020-02-01,88.5
2010,PERNAMBUCO,2020-02-01,87.1
2011,ALAGOAS,2020-02-01,89.1
2012,SERGIPE,2020-02-01,86.2
2013,BAHIA,2020-02-01,87.3
2014,MINAS GERAIS,2020-02-01,88.8
2015,ESPÍRITO SANTO,2020-02-01,90.4
2016,RIO DE JANEIRO,2020-02-01,89.8
2017,SÃO PAULO,2020-02-01,87.9
2018,PARANÁ,2020-02-01,88.0
2019,SANTA CATARINA,2020-02-01,88.6
2020,RIO GRANDE DO SUL,2020-02-01,88.4
2021,MATO GROSSO DO SUL,2020-02-01,91.3
2022,MATO GROSSO,2020-02-01,91.4
2023,GOIÁS,2020-02-01,92.5
2024,DISTRITO FEDERAL,2020-02-01,89.7
2025,RONDÔNIA,2020-03-01,92.9
2026,ACRE,2020-03-01,88.8
2027,AMAZONAS,2020-03-01,87.7
2028,RORAIMA,2020-03-01,86.9
2029,PARÁ,2020-03-01,89.8
2030,AMAPÁ,2020-03-01,90.3
2031,TOCANTINS,2020-03-01,91.3
2032,MARANHÃO,2020-03-01,88.6
2033,PIAUÍ,2020-03-01,86.1
2034,CEARÁ,2020-03-01,90.7
2035,RIO GRANDE DO NORTE,2020-03-01,89.6
2036,PARAÍBA,2020-03-01,88.7
2037,PERNAMBUCO,2020-03-01,87.3
2038,ALAGOAS,2020-03-01,89.2
2039,SERGIPE,2020-03-01,86.5
2040,BAHIA,2020-03-01,87.5
2041,MINAS GERAIS,2020-03-01,88.7
2042,ESPÍRITO SANTO,2020-03-01,90.3
2043,RIO DE JANEIRO,2020-03-01,90.1
2044,SÃO PAULO,2020-03-01,88.1
2045,PARANÁ,2020-03-01,87.8
2046,SANTA CATARINA,2020-03-01,88.3
2047,RIO GRANDE DO SUL,2020-03-01,88.5
2048,MATO GROSSO DO SUL,2020-03-01,91.4
2049,MATO GROSSO,2020-03-01,91.6
2050,GOIÁS,2020-03-01,92.5
2051,DISTRITO FEDERAL,2020-03-01,88.7
2052,RONDÔNIA,2020-04-01,92.2
2053,ACRE,2020-04-01,88.4
2054,AMAZONAS,2020-04-01,87.5
2055,RORAIMA,2020-04-01,85.4
2056,PARÁ,2020-04-01,89.4
2057,AMAPÁ,2020-04-01,90.0
2058,TOCANTINS,2020-04-01,90.5
2059,MARANHÃO,2020-04-01,88.3
2060,PIAUÍ,2020-04-01,85.7
2061,CEARÁ,2020-04-01,89.7
2062,RIO GRANDE DO NORTE,2020-04-01,88.8
2063,PARAÍBA,2020-04-01,88.1
2064,PERNAMBUCO,2020-04-01,86.8
2065,ALAGOAS,2020-04-01,88.7
2066,SERGIPE,2020-04-01,86.1
2067,BAHIA,2020-04-01,87.0
2068,MINAS GERAIS,2020-04-01,87.9
2069,ESPÍRITO SANTO,2020-04-01,89.1
2070,RIO DE JANEIRO,2020-04-01,88.4
2071,SÃO PAULO,2020-04-01,87.0
2072,PARANÁ,2020-04-01,87.2
2073,SANTA CATARINA,2020-04-01,87.3
2074,RIO GRANDE DO SUL,2020-04-01,87.4
2075,MATO GROSSO DO SUL,2020-04-01,90.1
2076,MATO GROSSO,2020-04-01,90.3
2077,GOIÁS,2020-04-01,92.0
2078,DISTRITO FEDERAL,2020-04-01,88.5
2079,RONDÔNIA,2020-05-01,92.2
2080,ACRE,2020-05-01,88.4
2081,AMAZONAS,2020-05-01,87.5
2082,RORAIMA,2020-05-01,85.4
2083,PARÁ,2020-05-01,89.4
2084,AMAPÁ,2020-05-01,90.0
2085,TOCANTINS,2020-05-01,90.5
2086,MARANHÃO,2020-05-01,88.3
2087,PIAUÍ,2020-05-01,85.7
2088,CEARÁ,2020-05-01,89.7
2089,RIO GRANDE DO NORTE,2020-05-01,88.8
2090,PARAÍBA,2020-05-01,88.1
2091,PERNAMBUCO,2020-05-01,86.8
2092,ALAGOAS,2020-05-01,88.7
2093,SERGIPE,2020-05-01,86.1
2094,BAHIA,2020-05-01,86.9
2095,MINAS GERAIS,2020-05-01,87.9
2096,ESPÍRITO SANTO,2020-05-01,89.2
2097,RIO DE JANEIRO,2020-05-01,88.4
2098,SÃO PAULO,2020-05-01,87.0
2099,PARANÁ,2020-05-01,87.2
2100,SANTA CATARINA,2020-05-01,87.4
2101,RIO GRANDE DO SUL,2020-05-01,87.4
2102,MATO GROSSO DO SUL,2020-05-01,90.1
2103,MATO GROSSO,2020-05-01,90.3
2104,GOIÁS,2020-05-01,92.0
2105,DISTRITO FEDERAL,2020-05-01,88.5
2106,RONDÔNIA,2020-06-01,92.2
2107,ACRE,2020-06-01,88.4
2108,AMAZONAS,2020-06-01,87.5
2109,RORAIMA,2020-06-01,85.3
2110,PARÁ,2020-06-01,89.4
2111,AMAPÁ,2020-06-01,90.0
2112,TOCANTINS,2020-06-01,90.5
2113,MARANHÃO,2020-06-01,88.3
2114,PIAUÍ,2020-06-01,85.7
2115,CEARÁ,2020-06-01,89.7
2116,RIO GRANDE DO NORTE,2020-06-01,88.8
2117,PARAÍBA,2020-06-01,88.1
2118,PERNAMBUCO,2020-06-01,86.8
2119,ALAGOAS,2020-06-01,88.6
2120,SERGIPE,2020-06-01,86.1
2121,BAHIA,2020-06-01,86.9
2122,MINAS GERAIS,2020-06-01,87.9
2123,ESPÍRITO SANTO,2020-06-01,89.1
2124,RIO DE JANEIRO,2020-06-01,88.4
2125,SÃO PAULO,2020-06-01,87.0
2126,PARANÁ,2020-06-01,87.1
2127,SANTA CATARINA,2020-06-01,87.2
2128,RIO GRANDE DO SUL,2020-06-01,87.4
2129,MATO GROSSO DO SUL,2020-06-01,90.1
2130,MATO GROSSO,2020-06-01,90.3
2131,GOIÁS,2020-06-01,92.0
2132,DISTRITO FEDERAL,2020-06-01,88.4
2133,RONDÔNIA,2020-07-01,92.2
2134,ACRE,2020-07-01,88.4
2135,AMAZONAS,2020-07-01,87.5
2136,RORAIMA,2020-07-01,85.3
2137,PARÁ,2020-07-01,89.4
2138,AMAPÁ,2020-07-01,90.0
2139,TOCANTINS,2020-07-01,90.4
2140,MARANHÃO,2020-07-01,88.3
2141,PIAUÍ,2020-07-01,85.7
2142,CEARÁ,2020-07-01,89.7
2143,RIO GRANDE DO NORTE,2020-07-01,88.8
2144,PARAÍBA,2020-07-01,88.1
2145,PERNAMBUCO,2020-07-01,86.8
2146,ALAGOAS,2020-07-01,88.6
2147,SERGIPE,2020-07-01,86.1
2148,BAHIA,2020-07-01,86.9
2149,MINAS GERAIS,2020-07-01,87.9
2150,ESPÍRITO SANTO,2020-07-01,89.1
2151,RIO DE JANEIRO,2020-07-01,88.4
2152,SÃO PAULO,2020-07-01,86.9
2153,PARANÁ,2020-07-01,87.1
2154,SANTA CATARINA,2020-07-01,87.2
2155,RIO GRANDE DO SUL,2020-07-01,87.4
2156,MATO GROSSO DO SUL,2020-07-01,90.0
2157,MATO GROSSO,2020-07-01,90.3
2158,GOIÁS,2020-07-01,91.9
2159,DISTRITO FEDERAL,2020-07-01,88.4
2160,RONDÔNIA,2020-08-01,92.1
2161,ACRE,2020-08-01,88.4
2162,AMAZONAS,2020-08-01,87.5
2163,RORAIMA,2020-08-01,85.3
2164,PARÁ,2020-08-01,89.4
2165,AMAPÁ,2020-08-01,89.9
2166,TOCANTINS,2020-08-01,90.4
2167,MARANHÃO,2020-08-01,88.3
2168,PIAUÍ,2020-08-01,85.7
2169,CEARÁ,2020-08-01,89.7
2170,RIO GRANDE DO NORTE,2020-08-01,88.8
2171,PARAÍBA,2020-08-01,88.1
2172,PERNAMBUCO,2020-08-01,86.8
2173,ALAGOAS,2020-08-01,88.6
2174,SERGIPE,2020-08-01,86.1
2175,BAHIA,2020-08-01,86.9
2176,MINAS GERAIS,2020-08-01,87.8
2177,ESPÍRITO SANTO,2020-08-01,89.1
2178,RIO DE JANEIRO,2020-08-01,88.4
2179,SÃO PAULO,2020-08-01,86.9
2180,PARANÁ,2020-08-01,87.0
2181,SANTA CATARINA,2020-08-01,87.1
2182,RIO GRANDE DO SUL,2020-08-01,87.3
2183,MATO GROSSO DO SUL,2020-08-01,90.0
2184,MATO GROSSO,2020-08-01,90.3
2185,GOIÁS,2020-08-01,91.9
2186,DISTRITO FEDERAL,2020-08-01,88.4
2187,RONDÔNIA,2020-09-01,92.2
2188,ACRE,2020-09-01,88.4
2189,AMAZONAS,2020-09-01,87.5
2190,RORAIMA,2020-09-01,85.3
2191,PARÁ,2020-09-01,89.4
2192,AMAPÁ,2020-09-01,90.0
2193,TOCANTINS,2020-09-01,90.5
2194,MARANHÃO,2020-09-01,88.3
2195,PIAUÍ,2020-09-01,85.7
2196,CEARÁ,2020-09-01,89.7
2197,RIO GRANDE DO NORTE,2020-09-01,88.8
2198,PARAÍBA,2020-09-01,88.1
2199,PERNAMBUCO,2020-09-01,86.8
2200,ALAGOAS,2020-09-01,88.7
2201,SERGIPE,2020-09-01,86.1
2202,BAHIA,2020-09-01,87.0
2203,MINAS GERAIS,2020-09-01,87.9
2204,ESPÍRITO SANTO,2020-09-01,89.2
2205,RIO DE JANEIRO,2020-09-01,88.5
2206,SÃO PAULO,2020-09-01,87.0
2207,PARANÁ,2020-09-01,87.2
2208,SANTA CATARINA,2020-09-01,87.3
2209,RIO GRANDE DO SUL,2020-09-01,87.4
2210,MATO GROSSO DO SUL,2020-09-01,90.1
2211,MATO GROSSO,2020-09-01,90.3
2212,GOIÁS,2020-09-01,92.0
2213,DISTRITO FEDERAL,2020-09-01,88.5
2214,RONDÔNIA,2020-10-01,92.2
2215,ACRE,2020-10-01,88.4
2216,AMAZONAS,2020-10-01,87.5
2217,RORAIMA,2020-10-01,85.3
2218,PARÁ,2020-10-01,89.4
2219,AMAPÁ,2020-10-01,90.0
2220,TOCANTINS,2020-10-01,90.5
2221,MARANHÃO,2020-10-01,88.3
2222,PIAUÍ,2020-10-01,85.7
2223,CEARÁ,2020-10-01,89.7
2224,RIO GRANDE DO NORTE,2020-10-01,88.8
2225,PARAÍBA,2020-10-01,88.1
2226,PERNAMBUCO,2020-10-01,86.8
2227,ALAGOAS,2020-10-01,88.6
2228,SERGIPE,2020-10-01,86.1
2229,BAHIA,2020-10-01,87.0
2230,MINAS GERAIS,2020-10-01,87.9
2231,ESPÍRITO SANTO,2020-10-01,89.1
2232,RIO DE JANEIRO,2020-10-01,88.5
2233,SÃO PAULO,2020-10-01,87.0
2234,PARANÁ,2020-10-01,87.2
2235,SANTA CATARINA,2020-10-01,87.3
2236,RIO GRANDE DO SUL,2020-10-01,87.4
2237,MATO GROSSO DO SUL,2020-10-01,90.0
2238,MATO GROSSO,2020-10-01,90.3
2239,GOIÁS,2020-10-01,92.0
2240,DISTRITO FEDERAL,2020-10-01,88.5
2241,RONDÔNIA,2020-11-01,92.1
2242,ACRE,2020-11-01,88.4
2243,AMAZONAS,2020-11-01,87.5
2244,RORAIMA,2020-11-01,85.3
2245,PARÁ,2020-11-01,89.4
2246,AMAPÁ,2020-11-01,90.0
2247,TOCANTINS,2020-11-01,90.4
2248,MARANHÃO,2020-11-01,88.3
2249,PIAUÍ,2020-11-01,85.7
2250,CEARÁ,2020-11-01,89.7
2251,RIO GRANDE DO NORTE,2020-11-01,88.8
2252,PARAÍBA,2020-11-01,88.1
2253,PERNAMBUCO,2020-11-01,86.8
2254,ALAGOAS,2020-11-01,88.6
2255,SERGIPE,2020-11-01,86.1
2256,BAHIA,2020-11-01,86.9
2257,MINAS GERAIS,2020-11-01,87.9
2258,ESPÍRITO SANTO,2020-11-01,89.1
2259,RIO DE JANEIRO,2020-11-01,88.4
2260,SÃO PAULO,2020-11-01,86.9
2261,PARANÁ,2020-11-01,87.1
2262,SANTA CATARINA,2020-11-01,87.2
2263,RIO GRANDE DO SUL,2020-11-01,87.3
2264,MATO GROSSO DO SUL,2020-11-01,90.0
2265,MATO GROSSO,2020-11-01,90.3
2266,GOIÁS,2020-11-01,91.9
2267,DISTRITO FEDERAL,2020-11-01,88.4
2268,RONDÔNIA,2020-12-01,92.0
2269,ACRE,2020-12-01,88.4
2270,AMAZONAS,2020-12-01,87.4
2271,RORAIMA,2020-12-01,85.2
2272,PARÁ,2020-12-01,89.4
2273,AMAPÁ,2020-12-01,89.9
2274,TOCANTINS,2020-12-01,90.4
2275,MARANHÃO,2020-12-01,88.3
2276,PIAUÍ,2020-12-01,85.7
2277,CEARÁ,2020-12-01,89.7
2278,RIO GRANDE DO NORTE,2020-12-01,88.8
2279,PARAÍBA,2020-12-01,88.0
2280,PERNAMBUCO,2020-12-01,86.7
2281,ALAGOAS,2020-12-01,88.6
2282,SERGIPE,2020-12-01,86.0
2283,BAHIA,2020-12-01,86.9
2284,MINAS GERAIS,2020-12-01,87.8
2285,ESPÍRITO SANTO,2020-12-01,89.0
2286,RIO DE JANEIRO,2020-12-01,88.4
2287,SÃO PAULO,2020-12-01,86.8
2288,PARANÁ,2020-12-01,87.0
2289,SANTA CATARINA,2020-12-01,87.1
2290,RIO GRANDE DO SUL,2020-12-01,87.3
2291,MATO GROSSO DO SUL,2020-12-01,89.9
2292,MATO GROSSO,2020-12-01,90.2
2293,GOIÁS,2020-12-01,91.9
2294,DISTRITO FEDERAL,2020-12-01,88.4
2295,RONDÔNIA,2021-01-01,92.3
2296,ACRE,2021-01-01,88.5
2297,AMAZONAS,2021-01-01,87.5
2298,RORAIMA,2021-01-01,85.3
2299,PARÁ,2021-01-01,89.4
2300,AMAPÁ,2021-01-01,90.0
2301,TOCANTINS,2021-01-01,90.5
2302,MARANHÃO,2021-01-01,88.3
2303,PIAUÍ,2021-01-01,85.7
2304,CEARÁ,2021-01-01,89.7
2305,RIO GRANDE DO NORTE,2021-01-01,88.9
2306,PARAÍBA,2021-01-01,88.1
2307,PERNAMBUCO,2021-01-01,86.8
2308,ALAGOAS,2021-01-01,88.7
2309,SERGIPE,2021-01-01,86.1
2310,BAHIA,2021-01-01,87.0
2311,MINAS GERAIS,2021-01-01,88.0
2312,ESPÍRITO SANTO,2021-01-01,89.2
2313,RIO DE JANEIRO,2021-01-01,88.5
2314,SÃO PAULO,2021-01-01,87.0
2315,PARANÁ,2021-01-01,87.3
2316,SANTA CATARINA,2021-01-01,87.4
2317,RIO GRANDE DO SUL,2021-01-01,87.5
2318,MATO GROSSO DO SUL,2021-01-01,90.1
2319,MATO GROSSO,2021-01-01,90.4
2320,GOIÁS,2021-01-01,92.0
2321,DISTRITO FEDERAL,2021-01-01,88.5
2322,RONDÔNIA,2021-02-01,91.9
2323,ACRE,2021-02-01,88.5
2324,AMAZONAS,2021-02-01,87.5
2325,RORAIMA,2021-02-01,85.3
2326,PARÁ,2021-02-01,89.4
2327,AMAPÁ,2021-02-01,90.0
2328,TOCANTINS,2021-02-01,90.3
2329,MARANHÃO,2021-02-01,88.3
2330,PIAUÍ,2021-02-01,85.7
2331,CEARÁ,2021-02-01,89.7
2332,RIO GRANDE DO NORTE,2021-02-01,88.8
2333,PARAÍBA,2021-02-01,88.1
2334,PERNAMBUCO,2021-02-01,86.7
2335,ALAGOAS,2021-02-01,88.5
2336,SERGIPE,2021-02-01,86.1
2337,BAHIA,2021-02-01,87.0
2338,MINAS GERAIS,2021-02-01,87.5
2339,ESPÍRITO SANTO,2021-02-01,88.9
2340,RIO DE JANEIRO,2021-02-01,88.4
2341,SÃO PAULO,2021-02-01,86.8
2342,PARANÁ,2021-02-01,86.7
2343,SANTA CATARINA,2021-02-01,86.9
2344,RIO GRANDE DO SUL,2021-02-01,86.9
2345,MATO GROSSO DO SUL,2021-02-01,89.8
2346,MATO GROSSO,2021-02-01,90.0
2347,GOIÁS,2021-02-01,91.6
2348,DISTRITO FEDERAL,2021-02-01,88.5
2349,RONDÔNIA,2021-03-01,91.7
2350,ACRE,2021-03-01,88.3
2351,AMAZONAS,2021-03-01,87.5
2352,RORAIMA,2021-03-01,85.3
2353,PARÁ,2021-03-01,89.3
2354,AMAPÁ,2021-03-01,90.1
2355,TOCANTINS,2021-03-01,90.1
2356,MARANHÃO,2021-03-01,88.3
2357,PIAUÍ,2021-03-01,85.6
2358,CEARÁ,2021-03-01,89.5
2359,RIO GRANDE DO NORTE,2021-03-01,88.6
2360,PARAÍBA,2021-03-01,88.0
2361,PERNAMBUCO,2021-03-01,86.6
2362,ALAGOAS,2021-03-01,88.4
2363,SERGIPE,2021-03-01,86.0
2364,BAHIA,2021-03-01,86.8
2365,MINAS GERAIS,2021-03-01,87.2
2366,ESPÍRITO SANTO,2021-03-01,88.5
2367,RIO DE JANEIRO,2021-03-01,87.8
2368,SÃO PAULO,2021-03-01,86.4
2369,PARANÁ,2021-03-01,86.3
2370,SANTA CATARINA,2021-03-01,86.6
2371,RIO GRANDE DO SUL,2021-03-01,86.6
2372,MATO GROSSO DO SUL,2021-03-01,89.6
2373,MATO GROSSO,2021-03-01,89.8
2374,GOIÁS,2021-03-01,91.5
2375,DISTRITO FEDERAL,2021-03-01,87.4
2376,RONDÔNIA,2021-04-01,91.7
2377,ACRE,2021-04-01,88.3
2378,AMAZONAS,2021-04-01,87.5
2379,RORAIMA,2021-04-01,85.3
2380,PARÁ,2021-04-01,89.3
2381,AMAPÁ,2021-04-01,90.1
2382,TOCANTINS,2021-04-01,90.0
2383,MARANHÃO,2021-04-01,88.2
2384,PIAUÍ,2021-04-01,85.6
2385,CEARÁ,2021-04-01,89.5
2386,RIO GRANDE DO NORTE,2021-04-01,88.6
2387,PARAÍBA,2021-04-01,88.0
2388,PERNAMBUCO,2021-04-01,86.6
2389,ALAGOAS,2021-04-01,88.4
2390,SERGIPE,2021-04-01,86.0
2391,BAHIA,2021-04-01,86.8
2392,MINAS GERAIS,2021-04-01,87.1
2393,ESPÍRITO SANTO,2021-04-01,88.5
2394,RIO DE JANEIRO,2021-04-01,87.7
2395,SÃO PAULO,2021-04-01,86.2
2396,PARANÁ,2021-04-01,86.2
2397,SANTA CATARINA,2021-04-01,86.6
2398,RIO GRANDE DO SUL,2021-04-01,86.6
2399,MATO GROSSO DO SUL,2021-04-01,89.6
2400,MATO GROSSO,2021-04-01,89.7
2401,GOIÁS,2021-04-01,91.5
2402,DISTRITO FEDERAL,2021-04-01,87.4
2403,RONDÔNIA,2021-05-01,91.6
2404,ACRE,2021-05-01,88.3
2405,AMAZONAS,2021-05-01,87.4
2406,RORAIMA,2021-05-01,85.2
2407,PARÁ,2021-05-01,89.3
2408,AMAPÁ,2021-05-01,90.0
2409,TOCANTINS,2021-05-01,90.0
2410,MARANHÃO,2021-05-01,88.2
2411,PIAUÍ,2021-05-01,85.6
2412,CEARÁ,2021-05-01,89.5
2413,RIO GRANDE DO NORTE,2021-05-01,88.6
2414,PARAÍBA,2021-05-01,88.0
2415,PERNAMBUCO,2021-05-01,86.6
2416,ALAGOAS,2021-05-01,88.4
2417,SERGIPE,2021-05-01,86.0
2418,BAHIA,2021-05-01,86.8
2419,MINAS GERAIS,2021-05-01,87.1
2420,ESPÍRITO SANTO,2021-05-01,88.5
2421,RIO DE JANEIRO,2021-05-01,87.7
2422,SÃO PAULO,2021-05-01,86.2
2423,PARANÁ,2021-05-01,86.1
2424,SANTA CATARINA,2021-05-01,86.4
2425,RIO GRANDE DO SUL,2021-05-01,86.5
2426,MATO GROSSO DO SUL,2021-05-01,89.5
2427,MATO GROSSO,2021-05-01,89.6
2428,GOIÁS,2021-05-01,91.5
2429,DISTRITO FEDERAL,2021-05-01,87.4
2430,RONDÔNIA,2021-06-01,91.6
2431,ACRE,2021-06-01,88.3
2432,AMAZONAS,2021-06-01,87.4
2433,RORAIMA,2021-06-01,85.2
2434,PARÁ,2021-06-01,89.3
2435,AMAPÁ,2021-06-01,90.0
2436,TOCANTINS,2021-06-01,90.0
2437,MARANHÃO,2021-06-01,88.2
2438,PIAUÍ,2021-06-01,85.6
2439,CEARÁ,2021-06-01,89.5
2440,RIO GRANDE DO NORTE,2021-06-01,88.5
2441,PARAÍBA,2021-06-01,88.0
2442,PERNAMBUCO,2021-06-01,86.6
2443,ALAGOAS,2021-06-01,88.4
2444,SERGIPE,2021-06-01,86.0
2445,BAHIA,2021-06-01,86.8
2446,MINAS GERAIS,2021-06-01,87.1
2447,ESPÍRITO SANTO,2021-06-01,88.4
2448,RIO DE JANEIRO,2021-06-01,87.7
2449,SÃO PAULO,2021-06-01,86.2
2450,PARANÁ,2021-06-01,86.0
2451,SANTA CATARINA,2021-06-01,86.3
2452,RIO GRANDE DO SUL,2021-06-01,86.4
2453,MATO GROSSO DO SUL,2021-06-01,89.5
2454,MATO GROSSO,2021-06-01,89.6
2455,GOIÁS,2021-06-01,91.4
2456,DISTRITO FEDERAL,2021-06-01,87.4
2457,RONDÔNIA,2021-07-01,91.5
2458,ACRE,2021-07-01,88.2
2459,AMAZONAS,2021-07-01,87.4
2460,RORAIMA,2021-07-01,85.1
2461,PARÁ,2021-07-01,89.3
2462,AMAPÁ,2021-07-01,90.0
2463,TOCANTINS,2021-07-01,89.9
2464,MARANHÃO,2021-07-01,88.1
2465,PIAUÍ,2021-07-01,85.6
2466,CEARÁ,2021-07-01,89.5
2467,RIO GRANDE DO NORTE,2021-07-01,88.5
2468,PARAÍBA,2021-07-01,88.0
2469,PERNAMBUCO,2021-07-01,86.6
2470,ALAGOAS,2021-07-01,88.4
2471,SERGIPE,2021-07-01,85.9
2472,BAHIA,2021-07-01,86.8
2473,MINAS GERAIS,2021-07-01,87.0
2474,ESPÍRITO SANTO,2021-07-01,88.4
2475,RIO DE JANEIRO,2021-07-01,87.7
2476,SÃO PAULO,2021-07-01,86.1
2477,PARANÁ,2021-07-01,86.0
2478,SANTA CATARINA,2021-07-01,86.2
2479,RIO GRANDE DO SUL,2021-07-01,86.4
2480,MATO GROSSO DO SUL,2021-07-01,89.4
2481,MATO GROSSO,2021-07-01,89.5
2482,GOIÁS,2021-07-01,91.4
2483,DISTRITO FEDERAL,2021-07-01,87.4
2484,RONDÔNIA,2021-08-01,91.7
2485,ACRE,2021-08-01,88.3
2486,AMAZONAS,2021-08-01,87.5
2487,RORAIMA,2021-08-01,85.3
2488,PARÁ,2021-08-01,89.3
2489,AMAPÁ,2021-08-01,90.1
2490,TOCANTINS,2021-08-01,90.1
2491,MARANHÃO,2021-08-01,88.3
2492,PIAUÍ,2021-08-01,85.7
2493,CEARÁ,2021-08-01,89.6
2494,RIO GRANDE DO NORTE,2021-08-01,88.6
2495,PARAÍBA,2021-08-01,88.1
2496,PERNAMBUCO,2021-08-01,86.8
2497,ALAGOAS,2021-08-01,88.5
2498,SERGIPE,2021-08-01,86.0
2499,BAHIA,2021-08-01,86.9
2500,MINAS GERAIS,2021-08-01,87.3
2501,ESPÍRITO SANTO,2021-08-01,88.6
2502,RIO DE JANEIRO,2021-08-01,87.9
2503,SÃO PAULO,2021-08-01,86.4
2504,PARANÁ,2021-08-01,86.4
2505,SANTA CATARINA,2021-08-01,86.7
2506,RIO GRANDE DO SUL,2021-08-01,86.7
2507,MATO GROSSO DO SUL,2021-08-01,89.7
2508,MATO GROSSO,2021-08-01,89.8
2509,GOIÁS,2021-08-01,91.6
2510,DISTRITO FEDERAL,2021-08-01,87.5
2511,RONDÔNIA,2021-09-01,91.7
2512,ACRE,2021-09-01,88.3
2513,AMAZONAS,2021-09-01,87.5
2514,RORAIMA,2021-09-01,85.3
2515,PARÁ,2021-09-01,89.3
2516,AMAPÁ,2021-09-01,90.1
2517,TOCANTINS,2021-09-01,90.1
2518,MARANHÃO,2021-09-01,88.3
2519,PIAUÍ,2021-09-01,85.7
2520,CEARÁ,2021-09-01,89.6
2521,RIO GRANDE DO NORTE,2021-09-01,88.6
2522,PARAÍBA,2021-09-01,88.1
2523,PERNAMBUCO,2021-09-01,86.8
2524,ALAGOAS,2021-09-01,88.5
2525,SERGIPE,2021-09-01,86.0
2526,BAHIA,2021-09-01,86.9
2527,MINAS GERAIS,2021-09-01,87.3
2528,ESPÍRITO SANTO,2021-09-01,88.6
2529,RIO DE JANEIRO,2021-09-01,87.9
2530,SÃO PAULO,2021-09-01,86.4
2531,PARANÁ,2021-09-01,86.4
2532,SANTA CATARINA,2021-09-01,86.7
2533,RIO GRANDE DO SUL,2021-09-01,86.7
2534,MATO GROSSO DO SUL,2021-09-01,89.7
2535,MATO GROSSO,2021-09-01,89.8
2536,GOIÁS,2021-09-01,91.6
2537,DISTRITO FEDERAL,2021-09-01,87.5
2538,RONDÔNIA,2021-10-01,91.7
2539,ACRE,2021-10-01,88.3
2540,AMAZONAS,2021-10-01,87.5
2541,RORAIMA,2021-10-01,85.3
2542,PARÁ,2021-10-01,89.3
2543,AMAPÁ,2021-10-01,90.1
2544,TOCANTINS,2021-10-01,90.1
2545,MARANHÃO,2021-10-01,88.3
2546,PIAUÍ,2021-10-01,85.7
2547,CEARÁ,2021-10-01,89.6
2548,RIO GRANDE DO NORTE,2021-10-01,88.6
2549,PARAÍBA,2021-10-01,88.1
2550,PERNAMBUCO,2021-10-01,86.8
2551,ALAGOAS,2021-10-01,88.5
2552,SERGIPE,2021-10-01,86.0
2553,BAHIA,2021-10-01,86.9
2554,MINAS GERAIS,2021-10-01,87.3
2555,ESPÍRITO SANTO,2021-10-01,88.6
2556,RIO DE JANEIRO,2021-10-01,87.9
2557,SÃO PAULO,2021-10-01,86.4
2558,PARANÁ,2021-10-01,86.4
2559,SANTA CATARINA,2021-10-01,86.7
2560,RIO GRANDE DO SUL,2021-10-01,86.7
2561,MATO GROSSO DO SUL,2021-10-01,89.7
2562,MATO GROSSO,2021-10-01,89.8
2563,GOIÁS,2021-10-01,91.6
2564,DISTRITO FEDERAL,2021-10-01,87.5
2565,RONDÔNIA,2023-03-01,87.5
2566,ACRE,2023-03-01,81.8
2567,AMAZONAS,2023-03-01,80.9
2568,RORAIMA,2023-03-01,82.1
2569,PARÁ,2023-03-01,82.6
2570,AMAPÁ,2023-03-01,81.0
2571,TOCANTINS,2023-03-01,86.4
2572,MARANHÃO,2023-03-01,81.8
2573,PIAUÍ,2023-03-01,77.0
2574,CEARÁ,2023-03-01,82.2
2575,RIO GRANDE DO NORTE,2023-03-01,81.3
2576,PARAÍBA,2023-03-01,79.8
2577,PERNAMBUCO,2023-03-01,78.1
2578,ALAGOAS,2023-03-01,82.9
2579,SERGIPE,2023-03-01,77.3
2580,BAHIA,2023-03-01,79.3
2581,MINAS GERAIS,2023-03-01,82.2
2582,ESPÍRITO SANTO,2023-03-01,84.7
2583,RIO DE JANEIRO,2023-03-01,78.1
2584,SÃO PAULO,2023-03-01,82.7
2585,PARANÁ,2023-03-01,83.5
2586,SANTA CATARINA,2023-03-01,83.9
2587,RIO GRANDE DO SUL,2023-03-01,81.7
2588,MATO GROSSO DO SUL,2023-03-01,86.0
2589,MATO GROSSO,2023-03-01,86.2
2590,GOIÁS,2023-03-01,88.2
2591,DISTRITO FEDERAL,2023-03-01,85.0
2592,RONDÔNIA,2023-04-01,87.6
2593,ACRE,2023-04-01,81.8
2594,AMAZONAS,2023-04-01,81.0
2595,RORAIMA,2023-04-01,82.3
2596,PARÁ,2023-04-01,82.6
2597,AMAPÁ,2023-04-01,81.1
2598,TOCANTINS,2023-04-01,86.5
2599,MARANHÃO,2023-04-01,81.8
2600,PIAUÍ,2023-04-01,77.0
2601,CEARÁ,2023-04-01,82.1
2602,RIO GRANDE DO NORTE,2023-04-01,81.3
2603,PARAÍBA,2023-04-01,79.8
2604,PERNAMBUCO,2023-04-01,78.1
2605,ALAGOAS,2023-04-01,82.8
2606,SERGIPE,2023-04-01,77.4
2607,BAHIA,2023-04-01,79.3
2608,MINAS GERAIS,2023-04-01,82.3
2609,ESPÍRITO SANTO,2023-04-01,84.8
2610,RIO DE JANEIRO,2023-04-01,78.1
2611,SÃO PAULO,2023-04-01,82.8
2612,PARANÁ,2023-04-01,83.6
2613,SANTA CATARINA,2023-04-01,84.1
2614,RIO GRANDE DO SUL,2023-04-01,81.8
2615,MATO GROSSO DO SUL,2023-04-01,86.2
2616,MATO GROSSO,2023-04-01,86.4
2617,GOIÁS,2023-04-01,88.3
2618,DISTRITO FEDERAL,2023-04-01,85.1
2619,RONDÔNIA,2023-05-01,87.7
2620,ACRE,2023-05-01,81.9
2621,AMAZONAS,2023-05-01,81.1
2622,RORAIMA,2023-05-01,82.7
2623,PARÁ,2023-05-01,82.8
2624,AMAPÁ,2023-05-01,81.3
2625,TOCANTINS,2023-05-01,86.6
2626,MARANHÃO,2023-05-01,81.9
2627,PIAUÍ,2023-05-01,77.0
2628,CEARÁ,2023-05-01,82.2
2629,RIO GRANDE DO NORTE,2023-05-01,81.4
2630,PARAÍBA,2023-05-01,79.9
2631,PERNAMBUCO,2023-05-01,78.2
2632,ALAGOAS,2023-05-01,82.9
2633,SERGIPE,2023-05-01,77.5
2634,BAHIA,2023-05-01,79.4
2635,MINAS GERAIS,2023-05-01,82.5
2636,ESPÍRITO SANTO,2023-05-01,85.1
2637,RIO DE JANEIRO,2023-05-01,78.3
2638,SÃO PAULO,2023-05-01,83.0
2639,PARANÁ,2023-05-01,83.8
2640,SANTA CATARINA,2023-05-01,84.4
2641,RIO GRANDE DO SUL,2023-05-01,81.9
2642,MATO GROSSO DO SUL,2023-05-01,86.5
2643,MATO GROSSO,2023-05-01,86.5
2644,GOIÁS,2023-05-01,88.6
2645,DISTRITO FEDERAL,2023-05-01,85.4
2646,RONDÔNIA,2023-06-01,87.8
2647,ACRE,2023-06-01,82.0
2648,AMAZONAS,2023-06-01,81.1
2649,RORAIMA,2023-06-01,82.7
2650,PARÁ,2023-06-01,82.8
2651,AMAPÁ,2023-06-01,81.4
2652,TOCANTINS,2023-06-01,86.6
2653,MARANHÃO,2023-06-01,81.9
2654,PIAUÍ,2023-06-01,77.1
2655,CEARÁ,2023-06-01,82.3
2656,RIO GRANDE DO NORTE,2023-06-01,81.5
2657,PARAÍBA,2023-06-01,80.0
2658,PERNAMBUCO,2023-06-01,78.3
2659,ALAGOAS,2023-06-01,82.9
2660,SERGIPE,2023-06-01,77.6
2661,BAHIA,2023-06-01,79.4
2662,MINAS GERAIS,2023-06-01,82.6
2663,ESPÍRITO SANTO,2023-06-01,85.1
2664,RIO DE JANEIRO,2023-06-01,78.3
2665,SÃO PAULO,2023-06-01,83.0
2666,PARANÁ,2023-06-01,83.9
2667,SANTA CATARINA,2023-06-01,84.5
2668,RIO GRANDE DO SUL,2023-06-01,82.0
2669,MATO GROSSO DO SUL,2023-06-01,86.5
2670,MATO GROSSO,2023-06-01,86.6
2671,GOIÁS,2023-06-01,88.6
2672,DISTRITO FEDERAL,2023-06-01,85.4
2673,RONDÔNIA,2023-07-01,88.1
2674,ACRE,2023-07-01,82.7
2675,AMAZONAS,2023-07-01,81.7
2676,RORAIMA,2023-07-01,83.1
2677,PARÁ,2023-07-01,83.4
2678,AMAPÁ,2023-07-01,81.9
2679,TOCANTINS,2023-07-01,86.7
2680,MARANHÃO,2023-07-01,82.4
2681,PIAUÍ,2023-07-01,77.7
2682,CEARÁ,2023-07-01,82.6
2683,RIO GRANDE DO NORTE,2023-07-01,81.9
2684,PARAÍBA,2023-07-01,80.4
2685,PERNAMBUCO,2023-07-01,78.7
2686,ALAGOAS,2023-07-01,83.3
2687,SERGIPE,2023-07-01,78.2
2688,BAHIA,2023-07-01,80.0
2689,MINAS GERAIS,2023-07-01,83.1
2690,ESPÍRITO SANTO,2023-07-01,85.7
2691,RIO DE JANEIRO,2023-07-01,79.1
2692,SÃO PAULO,2023-07-01,83.6
2693,PARANÁ,2023-07-01,84.3
2694,SANTA CATARINA,2023-07-01,85.0
2695,RIO GRANDE DO SUL,2023-07-01,82.5
2696,MATO GROSSO DO SUL,2023-07-01,86.9
2697,MATO GROSSO,2023-07-01,87.3
2698,GOIÁS,2023-07-01,89.0
2699,DISTRITO FEDERAL,2023-07-01,85.8
2700,RONDÔNIA,2023-08-01,88.1
2701,ACRE,2023-08-01,82.7
2702,AMAZONAS,2023-08-01,81.7
2703,RORAIMA,2023-08-01,83.4
2704,PARÁ,2023-08-01,83.4
2705,AMAPÁ,2023-08-01,81.8
2706,TOCANTINS,2023-08-01,86.7
2707,MARANHÃO,2023-08-01,82.4
2708,PIAUÍ,2023-08-01,77.7
2709,CEARÁ,2023-08-01,82.6
2710,RIO GRANDE DO NORTE,2023-08-01,81.9
2711,PARAÍBA,2023-08-01,80.4
2712,PERNAMBUCO,2023-08-01,78.7
2713,ALAGOAS,2023-08-01,83.3
2714,SERGIPE,2023-08-01,78.2
2715,BAHIA,2023-08-01,80.0
2716,MINAS GERAIS,2023-08-01,83.1
2717,ESPÍRITO SANTO,2023-08-01,85.7
2718,RIO DE JANEIRO,2023-08-01,79.2
2719,SÃO PAULO,2023-08-01,83.7
2720,PARANÁ,2023-08-01,84.3
2721,SANTA CATARINA,2023-08-01,85.1
2722,RIO GRANDE DO SUL,2023-08-01,82.6
2723,MATO GROSSO DO SUL,2023-08-01,87.0
2724,MATO GROSSO,2023-08-01,87.3
2725,GOIÁS,2023-08-01,89.0
2726,DISTRITO FEDERAL,2023-08-01,85.8
2727,RONDÔNIA,2023-09-01,88.4
2728,ACRE,2023-09-01,83.2
2729,AMAZONAS,2023-09-01,82.0
2730,RORAIMA,2023-09-01,83.6
2731,PARÁ,2023-09-01,83.8
2732,AMAPÁ,2023-09-01,82.0
2733,TOCANTINS,2023-09-01,86.9
2734,MARANHÃO,2023-09-01,82.7
2735,PIAUÍ,2023-09-01,78.1
2736,CEARÁ,2023-09-01,82.9
2737,RIO GRANDE DO NORTE,2023-09-01,82.3
2738,PARAÍBA,2023-09-01,80.8
2739,PERNAMBUCO,2023-09-01,79.2
2740,ALAGOAS,2023-09-01,83.6
2741,SERGIPE,2023-09-01,78.8
2742,BAHIA,2023-09-01,80.5
2743,MINAS GERAIS,2023-09-01,83.6
2744,ESPÍRITO SANTO,2023-09-01,86.1
2745,RIO DE JANEIRO,2023-09-01,79.9
2746,SÃO PAULO,2023-09-01,84.1
2747,PARANÁ,2023-09-01,84.6
2748,SANTA CATARINA,2023-09-01,85.5
2749,RIO GRANDE DO SUL,2023-09-01,83.3
2750,MATO GROSSO DO SUL,2023-09-01,87.3
2751,MATO GROSSO,2023-09-01,87.7
2752,GOIÁS,2023-09-01,89.2
2753,DISTRITO FEDERAL,2023-09-01,86.2
2754,RONDÔNIA,2023-10-01,88.6
2755,ACRE,2023-10-01,83.6
2756,AMAZONAS,2023-10-01,82.3
2757,RORAIMA,2023-10-01,83.9
2758,PARÁ,2023-10-01,84.1
2759,AMAPÁ,2023-10-01,82.4
2760,TOCANTINS,2023-10-01,87.1
2761,MARANHÃO,2023-10-01,83.1
2762,PIAUÍ,2023-10-01,78.6
2763,CEARÁ,2023-10-01,83.3
2764,RIO GRANDE DO NORTE,2023-10-01,82.7
2765,PARAÍBA,2023-10-01,81.2
2766,PERNAMBUCO,2023-10-01,79.7
2767,ALAGOAS,2023-10-01,84.2
2768,SERGIPE,2023-10-01,79.4
2769,BAHIA,2023-10-01,81.1
2770,MINAS GERAIS,2023-10-01,84.0
2771,ESPÍRITO SANTO,2023-10-01,86.5
2772,RIO DE JANEIRO,2023-10-01,80.7
2773,SÃO PAULO,2023-10-01,84.4
2774,PARANÁ,2023-10-01,84.9
2775,SANTA CATARINA,2023-10-01,85.7
2776,RIO GRANDE DO SUL,2023-10-01,83.6
2777,MATO GROSSO DO SUL,2023-10-01,87.5
2778,MATO GROSSO,2023-10-01,87.9
2779,GOIÁS,2023-10-01,89.4
2780,DISTRITO FEDERAL,2023-10-01,86.3
2781,RONDÔNIA,2023-11-01,88.8
2782,ACRE,2023-11-01,84.0
2783,AMAZONAS,2023-11-01,82.3
2784,RORAIMA,2023-11-01,84.2
2785,PARÁ,2023-11-01,84.5
2786,AMAPÁ,2023-11-01,82.8
2787,TOCANTINS,2023-11-01,87.4
2788,MARANHÃO,2023-11-01,83.4
2789,PIAUÍ,2023-11-01,79.2
2790,CEARÁ,2023-11-01,83.7
2791,RIO GRANDE DO NORTE,2023-11-01,83.2
2792,PARAÍBA,2023-11-01,81.7
2793,PERNAMBUCO,2023-11-01,80.2
2794,ALAGOAS,2023-11-01,84.6
2795,SERGIPE,2023-11-01,80.0
2796,BAHIA,2023-11-01,81.6
2797,MINAS GERAIS,2023-11-01,84.5
2798,ESPÍRITO SANTO,2023-11-01,86.9
2799,RIO DE JANEIRO,2023-11-01,81.4
2800,SÃO PAULO,2023-11-01,84.8
2801,PARANÁ,2023-11-01,85.2
2802,SANTA CATARINA,2023-11-01,85.7
2803,RIO GRANDE DO SUL,2023-11-01,84.1
2804,MATO GROSSO DO SUL,2023-11-01,87.8
2805,MATO GROSSO,2023-11-01,88.2
2806,GOIÁS,2023-11-01,89.5
2807,DISTRITO FEDERAL,2023-11-01,86.4
2808,RONDÔNIA,2023-12-01,88.8
2809,ACRE,2023-12-01,84.1
2810,AMAZONAS,2023-12-01,82.5
2811,RORAIMA,2023-12-01,84.5
2812,PARÁ,2023-12-01,84.6
2813,AMAPÁ,2023-12-01,82.9
2814,TOCANTINS,2023-12-01,87.5
2815,MARANHÃO,2023-12-01,83.5
2816,PIAUÍ,2023-12-01,79.4
2817,CEARÁ,2023-12-01,83.8
2818,RIO GRANDE DO NORTE,2023-12-01,83.3
2819,PARAÍBA,2023-12-01,81.9
2820,PERNAMBUCO,2023-12-01,80.4
2821,ALAGOAS,2023-12-01,84.8
2822,SERGIPE,2023-12-01,80.3
2823,BAHIA,2023-12-01,81.9
2824,MINAS GERAIS,2023-12-01,84.8
2825,ESPÍRITO SANTO,2023-12-01,87.1
2826,RIO DE JANEIRO,2023-12-01,81.6
2827,SÃO PAULO,2023-12-01,85.2
2828,PARANÁ,2023-12-01,85.3
2829,SANTA CATARINA,2023-12-01,86.1
2830,RIO GRANDE DO SUL,2023-12-01,84.3
2831,MATO GROSSO DO SUL,2023-12-01,88.0
2832,MATO GROSSO,2023-12-01,88.4
2833,GOIÁS,2023-12-01,89.5
2834,DISTRITO FEDERAL,2023-12-01,86.5
2835,RONDÔNIA,2024-01-01,88.8
2836,ACRE,2024-01-01,84.1
2837,AMAZONAS,2024-01-01,82.4
2838,RORAIMA,2024-01-01,84.5
2839,PARÁ,2024-01-01,84.5
2840,AMAPÁ,2024-01-01,82.8
2841,TOCANTINS,2024-01-01,87.5
2842,MARANHÃO,2024-01-01,83.4
2843,PIAUÍ,2024-01-01,79.3
2844,CEARÁ,2024-01-01,83.7
2845,RIO GRANDE DO NORTE,2024-01-01,83.1
2846,PARAÍBA,2024-01-01,81.8
2847,PERNAMBUCO,2024-01-01,80.3
2848,ALAGOAS,2024-01-01,84.7
2849,SERGIPE,2024-01-01,80.2
2850,BAHIA,2024-01-01,81.7
2851,MINAS GERAIS,2024-01-01,84.7
2852,ESPÍRITO SANTO,2024-01-01,87.0
2853,RIO DE JANEIRO,2024-01-01,81.6
2854,SÃO PAULO,2024-01-01,85.1
2855,PARANÁ,2024-01-01,85.3
2856,SANTA CATARINA,2024-01-01,86.1
2857,RIO GRANDE DO SUL,2024-01-01,84.2
2858,MATO GROSSO DO SUL,2024-01-01,88.0
2859,MATO GROSSO,2024-01-01,88.4
2860,GOIÁS,2024-01-01,89.5
2861,DISTRITO FEDERAL,2024-01-01,86.4
2862,RONDÔNIA,2024-02-01,88.5
2863,ACRE,2024-02-01,83.8
2864,AMAZONAS,2024-02-01,82.3
2865,RORAIMA,2024-02-01,84.3
2866,PARÁ,2024-02-01,84.2
2867,AMAPÁ,2024-02-01,82.6
2868,TOCANTINS,2024-02-01,87.1
2869,MARANHÃO,2024-02-01,83.0
2870,PIAUÍ,2024-02-01,79.0
2871,CEARÁ,2024-02-01,83.4
2872,RIO GRANDE DO NORTE,2024-02-01,82.9
2873,PARAÍBA,2024-02-01,81.6
2874,PERNAMBUCO,2024-02-01,80.1
2875,ALAGOAS,2024-02-01,84.4
2876,SERGIPE,2024-02-01,80.0
2877,BAHIA,2024-02-01,81.5
2878,MINAS GERAIS,2024-02-01,84.5
2879,ESPÍRITO SANTO,2024-02-01,86.7
2880,RIO DE JANEIRO,2024-02-01,81.4
2881,SÃO PAULO,2024-02-01,84.9
2882,PARANÁ,2024-02-01,85.1
2883,SANTA CATARINA,2024-02-01,85.9
2884,RIO GRANDE DO SUL,2024-02-01,84.0
2885,MATO GROSSO DO SUL,2024-02-01,87.8
2886,MATO GROSSO,2024-02-01,88.2
2887,GOIÁS,2024-02-01,89.2
2888,DISTRITO FEDERAL,2024-02-01,86.4
2889,RONDÔNIA,2024-03-01,88.7
2890,ACRE,2024-03-01,83.9
2891,AMAZONAS,2024-03-01,82.4
2892,RORAIMA,2024-03-01,84.4
2893,PARÁ,2024-03-01,84.3
2894,AMAPÁ,2024-03-01,82.8
2895,TOCANTINS,2024-03-01,87.2
2896,MARANHÃO,2024-03-01,83.0
2897,PIAUÍ,2024-03-01,79.0
2898,CEARÁ,2024-03-01,83.4
2899,RIO GRANDE DO NORTE,2024-03-01,82.9
2900,PARAÍBA,2024-03-01,81.7
2901,PERNAMBUCO,2024-03-01,80.2
2902,ALAGOAS,2024-03-01,84.4
2903,SERGIPE,2024-03-01,80.1
2904,BAHIA,2024-03-01,81.5
2905,MINAS GERAIS,2024-03-01,84.7
2906,ESPÍRITO SANTO,2024-03-01,86.9
2907,RIO DE JANEIRO,2024-03-01,81.6
2908,SÃO PAULO,2024-03-01,85.0
2909,PARANÁ,2024-03-01,85.2
2910,SANTA CATARINA,2024-03-01,86.0
2911,RIO GRANDE DO SUL,2024-03-01,84.2
2912,MATO GROSSO DO SUL,2024-03-01,88.0
2913,MATO GROSSO,2024-03-01,88.4
2914,GOIÁS,2024-03-01,89.4
2915,DISTRITO FEDERAL,2024-03-01,86.6
2916,RONDÔNIA,2024-04-01,88.6
2917,ACRE,2024-04-01,83.9
2918,AMAZONAS,2024-04-01,82.4
2919,RORAIMA,2024-04-01,84.3
2920,PARÁ,2024-04-01,84.4
2921,AMAPÁ,2024-04-01,82.9
2922,TOCANTINS,2024-04-01,87.3
2923,MARANHÃO,2024-04-01,83.0
2924,PIAUÍ,2024-04-01,79.4
2925,CEARÁ,2024-04-01,83.5
2926,RIO GRANDE DO NORTE,2024-04-01,83.1
2927,PARAÍBA,2024-04-01,81.9
2928,PERNAMBUCO,2024-04-01,80.4
2929,ALAGOAS,2024-04-01,84.6
2930,SERGIPE,2024-04-01,80.3
2931,BAHIA,2024-04-01,81.7
2932,MINAS GERAIS,2024-04-01,84.9
2933,ESPÍRITO SANTO,2024-04-01,87.1
2934,RIO DE JANEIRO,2024-04-01,81.7
2935,SÃO PAULO,2024-04-01,85.2
2936,PARANÁ,2024-04-01,85.4
2937,SANTA CATARINA,2024-04-01,86.1
2938,RIO GRANDE DO SUL,2024-04-01,84.3
2939,MATO GROSSO DO SUL,2024-04-01,88.1
2940,MATO GROSSO,2024-04-01,88.5
2941,GOIÁS,2024-04-01,89.5
2942,DISTRITO FEDERAL,2024-04-01,86.7
